anio,semana,HOSPITALIZACION IRAG MENOR 1 AÑO,HOSPITALIZACION IRAG 1 AÑO,HOSPITALIZACION IRAG 2 A 4 AÑOS,HOSPITALIZACION IRAG 5 A 19 AÑOS,HOSPITALIZACION IRAG 20 A 39 AÑOS,HOSPITALIZACION IRAG 40 A 59 AÑOS,HOSPITALIZACION IRAG  MAYOR 60 AÑOS,TOTAL CASOS DE HOSPITALIZACIONES POR IRAG,TOTAL CAUSAS HOSPITALIZACIONES MENOR 1 AÑO,TOTAL CAUSAS HOSPITALIZACIONES 1 AÑO,TOTAL CAUSAS HOSPITALIZACIONES 2 A 4 AÑOS,TOTAL CAUSAS HOSPITALIZACIONES 5 A 19 AÑOS,TOTAL CAUSAS HOSPITALIZACIONES 20 A 39 AÑOS,TOTAL CAUSAS HOSPITALIZACIONES 40 A 59 AÑOS,TOTAL CAUSAS HOSPITALIZACIONES MAYOR 60 AÑOS,TOTAL HOSPITALIZACIONES POR TODAS LAS CAUSAS,HOSPITALIZACIONES EN UCI POR IRAG MENOR 1 AÑO,HOSPITALIZACIONES EN UCI POR IRAG 1 AÑO,HOSPITALIZACIONES EN UCI POR IRAG 2 A 4 AÑOS,HOSPITALIZACIONES EN UCI POR IRAG 5 A 19 AÑOS,HOSPITALIZACIONES EN UCI POR IRAG 20 A 39 AÑOS,HOSPITALIZACIONES EN UCI POR IRAG 40 A 59 AÑOS,HOSPITALIZACIONES EN UCI POR IRAG MAYOR 60 AÑOS,TOTAL DE LAS HOSPITALIZACIONES EN UCI POR IRAG,HOSPITALIZACIONES EN UCI POR TODAS LAS CAUSAS MENOR 1 AÑO,HOSPITALIZACIONES EN UCI POR TODAS LAS CAUSAS 1 AÑO,HOSPITALIZACIONES EN UCI POR TODAS LAS CAUSAS 2 A 4 AÑOS,HOSPITALIZACIONES EN UCI POR TODAS LAS CAUSAS 5 A 19 AÑOS,HOSPITALIZACIONES EN UCI POR TODAS LAS CAUSAS 20 A 39 AÑOS,HOSPITALIZACIONES EN UCI POR TODAS LAS CAUSAS 40 A 59 AÑOS,HOSPITALIZACIONES EN UCI POR TODAS LAS CAUSAS MAYOR 60 AÑOS,TOTAL TODAS LAS HOSPITALIZACIONES EN UCI POR TODAS LAS CAUSAS,MUERTES POR IRAG MENOR 1 AÑO,MUERTES POR IRAG 1 AÑO,MUERTES POR IRAG 2 A 4 AÑOS,MUERTES POR IRAG 5 A 19 AÑOS,MUERTES POR IRAG 20 A 39 AÑOS,MUERTES POR IRAG 40 A 59 AÑOS,MUERTES POR IRAG MAYOR 60 AÑOS,TOTAL DE MUERTES POR IRAG,TODAS LAS CAUSAS DE MUERTE MENOR 1 AÑO,TODAS LAS CAUSAS DE MUERTE 1 AÑO,TODAS LAS CAUSAS DE MUERTE 2 A 4 AÑOS,TODAS LAS CAUSAS DE MUERTE 5 A 19 AÑOS,TODAS LAS CAUSAS DE MUERTE 20 A 39 AÑOS,TODAS LAS CAUSAS DE MUERTE 40 A 59 AÑOS,TODAS LAS CAUSAS DE MUERTE MAYOR 60 AÑOS,TOTAL DE MUERTES POR TODAS LAS CAUSAS,IRAG POR CONSULTA EXTERNA Y URGENCIAS MENOR 1 AÑO,IRAG POR CONSULTA EXTERNA Y URGENCIAS 1 AÑO,IRAG POR CONSULTA EXTERNA Y URGENCIAS 2 A 4 AÑOS,IRAG POR CONSULTA EXTERNA Y URGENCIAS 5 A 19 AÑOS,IRAG POR CONSULTA EXTERNA Y URGENCIAS 20 A 39 AÑOS,IRAG POR CONSULTA EXTERNA Y URGENCIAS 40 A 59 AÑOS,IRAG POR CONSULTA EXTERNA Y URGENCIAS MAYOR 60 AÑOS,TOTAL DE EVENTOS DE MORBILIDAD DE IRAG POR CONSULTA EXTERNA Y URGENCIAS,CONSULTA EXTERNA Y URGENCIAS POR TODAS LAS CAUSAS INCLUYENDO IRAG MENOR 1 AÑO,CONSULTA EXTERNA Y URGENCIAS POR TODAS LAS CAUSAS INCLUYENDO IRAG 1 AÑO,CONSULTA EXTERNA Y URGENCIAS POR TODAS LAS CAUSAS INCLUYENDO IRAG 2 A 4 AÑOS,CONSULTA EXTERNA Y URGENCIAS POR TODAS LAS CAUSAS INCLUYENDO IRAG 5 A 19 AÑOS,CONSULTA EXTERNA Y URGENCIAS POR TODAS LAS CAUSAS INCLUYENDO IRAG 20 A 39 AÑOS,CONSULTA EXTERNA Y URGENCIAS POR TODAS LAS CAUSAS INCLUYENDO IRAG 40 A 59 AÑOS,CONSULTA EXTERNA Y URGENCIAS POR TODAS LAS CAUSAS INCLUYENDO IRAG MAYOR 60 AÑOS,TOTAL DE EVENTOS DE MORBILIDAD DE IRAG POR CONSULTA EXTERNA Y URGENCIAS POR TODAS LAS CAUSAS INCLUYENDO EL IRAG
2012,1,0,0,0,0,0,0,0,0,0,0,0,0,0,0,0,0,0,0,0,0,0,0,0,0,0,0,0,0,0,0,0,0,0,0,0,0,0,0,0,0,0,0,0,0,0,0,0,0,0,6,4,32,48,16,9,115,179,75,98,160,269,77,46,904
2012,2,7,3,9,3,0,1,0,23,6,2,8,0,0,0,0,16,6,2,8,0,0,0,0,16,2,1,0,0,0,0,0,3,0,0,0,0,0,0,0,0,0,0,0,0,0,0,0,0,6,23,49,88,81,48,11,306,23,47,137,221,250,182,160,1020
2012,3,3,3,5,5,0,1,3,20,4,3,6,18,30,9,97,167,4,3,6,18,30,9,97,167,4,0,0,0,2,5,21,32,0,0,0,0,0,1,2,3,1,0,0,0,0,2,10,13,12,26,25,54,104,56,41,318,77,101,226,583,1044,951,1082,4064
2012,4,4,4,4,7,1,1,19,40,16,23,28,67,166,115,149,564,16,23,28,67,166,115,149,564,17,2,1,2,0,3,18,43,0,0,0,0,0,0,2,2,1,0,0,1,0,2,19,23,26,50,40,106,149,94,56,521,166,237,493,1241,2079,1881,1695,7792
2012,5,3,1,1,3,15,26,13,62,2,3,3,21,72,62,94,257,2,3,3,21,72,62,94,257,10,0,0,2,5,2,17,36,0,0,0,0,0,0,0,0,1,0,0,1,0,2,7,11,62,76,18,143,196,155,76,726,214,235,390,978,2067,1762,973,6619
2012,6,4,8,5,10,2,1,8,38,17,29,42,128,254,103,166,739,17,29,42,128,254,103,166,739,30,0,0,4,4,4,12,54,0,0,0,0,0,0,0,0,2,0,0,0,3,0,12,17,74,134,96,217,315,199,97,1132,502,610,990,2425,4270,3920,2685,15402
2012,7,0,1,0,1,1,2,1,6,1,3,2,28,59,64,102,259,1,3,2,28,59,64,102,259,6,0,0,2,7,8,26,49,0,0,0,0,1,0,0,1,1,0,0,1,4,1,11,18,87,132,95,291,409,500,415,1929,393,358,493,1327,3037,2296,1633,9537
2012,8,0,0,2,1,2,2,7,14,19,25,27,64,162,106,182,585,19,25,27,64,162,106,182,585,0,0,0,0,3,4,20,27,0,0,0,0,0,0,0,0,1,0,0,1,0,1,17,20,80,169,148,303,362,255,103,1420,382,345,549,1896,3710,4512,2779,14173
2012,9,1,7,12,4,3,1,8,36,13,21,31,81,180,91,148,565,13,21,31,81,180,91,148,565,21,2,1,1,2,2,16,45,0,0,0,0,0,0,0,0,1,0,1,0,1,3,22,28,59,108,153,206,258,198,105,1087,322,316,710,1867,3220,3182,2605,12222
2012,10,4,9,7,6,2,4,5,37,13,33,26,77,188,116,194,647,13,33,26,77,188,116,194,647,24,0,0,1,7,3,16,51,0,0,0,0,0,0,0,0,4,0,0,0,2,1,16,23,84,198,132,253,299,234,106,1306,424,484,746,1930,3532,3215,2498,12829
2012,11,2,4,14,7,1,5,11,44,13,19,32,55,161,92,127,499,13,19,32,55,161,92,127,499,26,0,0,1,3,6,12,48,0,0,0,0,0,1,0,1,3,1,0,0,1,2,13,20,99,202,165,274,370,277,172,1559,410,453,707,1835,3353,3053,2524,12335
2012,12,8,10,5,4,0,0,9,36,19,21,18,82,182,99,179,600,19,21,18,82,182,99,179,600,26,1,0,2,4,7,17,57,0,0,0,0,0,0,0,0,3,0,0,3,1,4,12,23,83,177,210,307,381,264,195,1617,460,469,773,2016,3353,3295,3216,13582
2012,13,0,1,5,3,1,2,5,17,5,6,15,33,91,47,90,287,5,6,15,33,91,47,90,287,10,1,0,0,0,2,9,22,0,0,0,0,0,0,0,0,1,0,0,2,1,2,12,18,38,35,82,114,246,139,83,737,365,358,642,1230,2099,2271,1866,8831
2012,14,7,16,17,22,10,11,16,99,22,27,63,104,224,105,139,684,22,27,63,104,224,105,139,684,45,0,0,2,5,4,28,84,1,0,0,0,0,0,0,1,3,0,0,1,2,1,17,24,66,153,214,315,385,227,197,1557,330,467,932,1791,3328,2543,2015,11406
2012,15,6,4,11,17,6,10,14,68,12,14,22,85,200,90,128,551,12,14,22,85,200,90,128,551,34,0,1,3,1,4,12,55,0,0,0,0,0,0,1,1,3,0,0,0,2,3,23,31,54,120,116,221,310,196,117,1134,522,482,690,1917,3270,3044,2240,12165
2012,16,2,12,11,7,4,6,18,60,30,41,56,139,332,137,200,935,30,41,56,139,332,137,200,935,56,0,0,2,7,8,19,92,0,0,0,0,0,0,0,0,4,0,0,0,3,7,26,40,78,114,181,189,261,175,120,1118,660,576,1221,2824,5111,3218,3124,16734
2012,17,6,1,8,4,3,1,16,39,15,13,21,74,227,93,162,605,15,13,21,74,227,93,162,605,23,0,1,0,7,7,15,53,0,1,0,0,0,0,0,1,5,1,0,0,3,5,19,33,40,63,158,196,254,142,113,966,288,316,748,1831,3358,2822,2290,11653
2012,18,6,8,10,12,12,6,16,70,16,21,23,54,135,74,112,435,16,21,23,54,135,74,112,435,31,0,0,0,5,4,26,66,0,0,0,0,0,0,0,0,4,0,0,0,1,3,14,22,50,66,129,173,172,189,205,984,312,194,621,1901,2926,3091,2165,11210
2012,19,5,3,14,8,2,3,14,49,22,16,40,68,143,103,152,544,22,16,40,68,143,103,152,544,19,0,0,0,7,10,20,56,0,0,0,0,0,0,2,2,1,0,0,0,0,4,19,24,52,80,136,222,207,122,77,896,467,396,920,2566,3999,3237,2532,14117
2012,20,7,13,11,9,2,1,17,60,17,21,26,68,155,77,134,498,17,21,26,68,155,77,134,498,33,0,0,1,7,8,19,68,1,0,0,0,27,4,0,32,3,0,0,0,1,1,19,24,122,186,297,792,1290,641,356,3684,544,550,897,2369,3861,3286,12092,23599
2012,21,14,10,12,6,6,8,17,73,19,17,23,74,158,78,119,488,19,17,23,74,158,78,119,488,24,0,0,1,6,3,21,55,0,0,0,0,0,0,1,1,1,0,0,0,1,3,14,19,102,203,187,301,334,211,129,1467,447,511,910,2402,3718,2948,2569,13505
2012,22,8,10,19,9,11,3,15,75,12,26,42,89,196,103,143,611,12,26,42,89,196,103,143,611,24,0,0,1,2,2,18,47,0,0,0,0,0,0,0,0,4,0,0,0,0,4,23,31,55,96,170,265,367,324,363,1640,397,501,766,2302,4157,3366,2901,14390
2012,23,10,13,15,8,12,11,12,81,14,33,43,84,156,94,132,556,14,33,43,84,156,94,132,556,40,0,0,0,2,2,17,61,0,0,0,0,0,0,1,1,1,0,0,1,1,2,19,24,148,256,204,342,538,318,189,1995,525,636,884,2397,4074,3274,2962,14752
2012,24,15,7,9,4,11,2,6,54,28,16,28,86,173,68,88,487,28,16,28,86,173,68,88,487,17,0,0,0,0,0,1,18,0,0,0,0,0,0,2,2,0,0,0,0,1,0,10,11,106,206,175,260,313,198,215,1473,345,584,646,2283,3914,3405,3262,14439
2012,25,5,1,0,1,5,1,10,23,13,7,16,30,71,55,122,314,13,7,16,30,71,55,122,314,1,0,0,2,4,4,9,20,0,0,0,0,0,0,0,0,0,0,0,0,1,4,15,20,99,140,96,176,328,174,126,1139,318,277,575,2184,4404,3408,11108,22274
2012,26,25,25,28,9,1,3,8,99,47,53,64,122,288,104,111,789,47,53,64,122,288,104,111,789,50,1,0,1,2,1,9,64,0,1,0,0,0,0,0,1,2,1,0,1,0,5,9,18,125,179,129,261,375,217,156,1442,429,468,817,2658,4286,3424,2857,14939
2012,27,11,6,11,3,4,1,6,42,19,16,30,67,159,67,97,455,19,16,30,67,159,67,97,455,20,0,0,1,0,8,10,39,0,0,0,0,0,0,0,0,2,0,0,0,1,4,12,19,42,60,86,139,206,132,105,770,429,274,982,4719,8604,5592,5498,26098
2012,28,11,7,10,0,2,0,12,42,368,370,377,448,533,445,458,2999,368,370,377,448,533,445,458,2999,31,0,0,0,3,2,11,47,0,0,0,0,0,0,1,1,0,1,0,0,1,3,15,20,122,221,377,288,442,487,538,2475,1387,1305,1994,5236,9550,5938,5402,30812
2012,29,8,9,4,4,1,0,6,32,17,19,16,63,172,53,92,432,17,19,16,63,172,53,92,432,31,1,1,0,5,7,10,55,0,0,0,0,0,0,1,1,1,0,0,0,0,3,15,19,104,141,112,255,267,197,144,1220,526,409,1032,4952,8828,5946,5484,27177
2012,30,32,11,12,19,17,15,43,149,123,16,18,52,138,79,119,545,123,16,18,52,138,79,119,545,17,0,1,0,4,4,13,39,0,0,0,0,0,0,2,2,0,0,0,0,2,2,13,17,114,115,129,300,317,261,149,1385,7645,419,1160,5322,9492,6512,6221,36771
2012,31,11,13,10,17,28,22,33,134,23,17,28,78,183,92,132,553,23,17,28,78,183,92,132,553,26,0,0,2,5,4,10,47,0,0,0,0,0,0,0,0,1,1,0,1,2,5,21,31,113,194,199,352,456,242,164,1720,751,657,1270,5354,9973,6593,6064,30662
2012,32,6,8,13,3,9,1,14,54,44,83,83,150,395,371,185,1311,44,83,83,150,395,371,185,1311,20,0,0,0,1,3,7,31,0,0,0,0,0,0,0,0,2,0,0,1,0,3,13,19,136,173,175,306,420,211,141,1562,520,399,1120,4768,9133,5904,5669,27513
2012,33,3,5,4,6,1,1,11,31,7,13,15,71,163,61,98,428,7,13,15,71,163,61,98,428,28,0,0,1,3,5,25,62,0,0,0,0,0,0,0,0,0,0,0,0,1,1,13,15,98,134,135,278,346,187,144,1322,634,464,1494,5325,10685,6980,6128,31710
2012,34,14,3,6,5,4,2,9,43,19,12,21,45,134,48,93,372,19,12,21,45,134,48,93,372,34,0,0,1,5,3,10,53,0,0,0,0,0,0,0,0,4,0,0,0,0,0,10,14,91,130,137,233,263,173,141,1168,479,382,1263,4691,9128,5950,5386,27279
2012,35,9,8,8,2,0,4,7,38,14,17,21,60,187,86,123,508,14,17,21,60,187,86,123,508,20,0,0,1,2,5,21,49,0,0,0,0,0,0,1,1,2,0,0,0,1,0,22,25,627,122,449,869,1771,2290,2073,8201,471,465,685,2194,3675,3385,3177,14052
2012,36,0,0,0,0,1,1,6,8,6,1,1,28,57,62,121,276,6,1,1,28,57,62,121,276,4,0,0,0,4,8,15,31,0,0,0,0,0,0,1,1,1,0,0,0,1,4,9,15,93,128,107,247,314,205,143,1237,855,299,756,2424,5175,5718,5583,20810
2012,37,1,0,0,0,4,3,7,15,6,2,0,39,84,63,131,325,6,2,0,39,84,63,131,325,2,0,0,0,4,3,14,23,0,0,0,0,0,0,0,0,1,0,0,0,2,4,19,26,79,108,105,237,250,172,124,1075,395,291,433,1642,3451,3299,3381,12892
2012,38,9,3,7,4,3,1,7,34,19,10,22,62,199,83,101,496,19,10,22,62,199,83,101,496,20,0,0,2,6,4,24,56,0,0,0,1,0,0,0,1,2,0,0,1,0,2,14,19,104,154,119,283,303,203,134,1300,963,409,933,2288,5225,5383,4943,20144
2012,39,9,6,5,6,2,1,10,39,16,14,20,81,137,52,66,386,16,14,20,81,137,52,66,386,30,0,0,0,2,11,16,59,0,0,0,0,0,0,0,0,1,0,0,0,1,3,11,16,103,164,161,336,333,234,176,1507,732,389,807,2309,4151,4435,3907,16730
2012,40,0,2,5,11,8,15,30,71,7,2,2,22,83,94,117,327,7,2,2,22,83,94,117,327,0,0,0,4,9,14,23,50,0,0,0,0,0,0,0,0,0,0,0,0,0,4,19,23,93,132,127,244,319,191,107,1213,444,266,436,1613,3112,3164,3442,12477
2012,41,9,2,8,16,14,16,20,85,14,14,23,54,125,40,49,319,14,14,23,54,125,40,49,319,22,0,0,11,24,28,101,186,0,0,0,0,0,0,0,0,2,0,0,0,0,1,11,14,102,140,136,263,291,271,231,1434,493,379,679,2112,3192,3008,2620,12483
2012,42,2,3,5,9,22,28,35,104,10,1,10,32,72,51,97,273,10,1,10,32,72,51,97,273,19,1,0,3,3,4,17,47,0,0,0,0,0,0,0,0,2,0,0,1,1,0,21,25,105,110,115,176,248,170,111,1035,545,349,589,1835,3154,3580,3636,13688
2012,43,1,2,3,11,6,15,36,74,18,3,4,29,65,64,149,332,18,3,4,29,65,64,149,332,0,0,0,0,5,10,23,38,0,0,0,0,0,0,1,1,0,0,0,1,0,3,19,23,96,116,156,390,559,691,751,2759,505,332,526,1854,3595,4053,4055,14920
2012,44,8,9,4,11,6,19,29,86,20,16,20,60,138,71,89,414,20,16,20,60,138,71,89,414,35,0,0,0,1,6,27,69,0,0,0,0,0,0,1,1,2,0,0,0,0,2,11,15,82,136,109,225,234,159,100,1045,524,543,753,1850,2435,2952,3040,12097
2012,45,7,2,11,11,5,6,12,54,13,14,26,47,96,39,44,279,13,14,26,47,96,39,44,279,3,0,0,0,1,7,14,25,0,0,0,0,0,0,0,0,2,0,0,0,0,2,7,11,73,118,124,235,216,106,67,939,458,508,667,1451,2082,1693,1578,8437
2012,46,2,5,6,15,6,9,24,67,11,17,23,64,136,65,93,409,11,17,23,64,136,65,93,409,24,0,0,0,5,5,27,61,0,0,0,0,0,0,1,1,0,0,0,0,2,3,13,18,81,110,117,243,245,136,115,1047,409,336,526,1600,2766,3017,3150,11804
2012,47,2,1,6,2,3,2,12,28,14,12,24,63,150,60,106,429,14,12,24,63,150,60,106,429,21,0,0,0,4,7,22,54,0,0,0,0,0,0,0,0,0,0,0,0,0,4,13,17,67,73,104,187,251,134,117,933,451,374,599,1734,2983,3250,3489,12880
2012,48,7,10,14,11,14,13,20,89,11,25,31,51,170,83,127,498,11,25,31,51,170,83,127,498,32,0,0,3,3,5,17,60,0,0,0,0,0,0,1,1,2,0,0,0,1,1,15,19,172,176,152,252,394,199,116,1461,466,401,603,1737,3133,3102,3184,12626
2012,49,5,6,7,18,20,13,24,93,15,12,22,74,147,60,97,427,15,12,22,74,147,60,97,427,29,0,0,0,1,6,22,58,0,0,0,0,0,0,2,2,3,0,0,1,2,1,15,22,92,124,85,165,199,174,102,941,451,441,631,1976,3019,3124,3335,12977
2012,50,4,6,3,3,0,1,2,19,15,23,16,60,133,65,76,388,15,23,16,60,133,65,76,388,29,0,0,3,6,8,22,68,0,0,0,0,0,0,0,0,0,0,0,1,0,0,13,14,112,137,95,203,278,187,160,1172,516,446,666,1866,3402,3072,3167,13135
2012,51,1,6,5,14,10,12,16,64,9,14,18,45,88,52,55,281,9,14,18,45,88,52,55,281,24,0,0,0,5,3,12,44,0,0,0,0,0,0,0,0,2,0,0,0,0,1,10,13,107,100,95,155,266,160,119,1002,385,306,485,1523,2610,2392,2609,10310
2012,52,6,5,2,11,10,16,7,57,21,15,18,45,98,49,65,311,21,15,18,45,98,49,65,311,21,0,0,1,7,7,18,54,0,0,0,0,0,0,1,1,1,0,0,0,1,3,7,12,59,56,69,129,168,115,106,702,426,267,456,1034,2221,2103,2158,8665
2013,1,18,5,3,0,0,1,2,29,26,10,24,60,150,51,72,393,26,10,24,60,150,51,72,393,43,0,0,3,8,14,33,101,0,0,0,0,0,0,0,0,4,0,0,0,2,4,9,19,118,140,127,170,192,133,132,1012,340,402,580,1353,2426,2003,1796,8900
2013,2,55,18,19,46,318,162,229,847,14,13,21,43,105,38,47,281,14,13,21,43,105,38,47,281,23,0,0,1,4,9,19,56,0,0,0,0,0,0,0,0,0,0,0,0,0,1,7,8,73,94,60,163,199,130,114,833,464,333,497,1429,2402,1839,1704,8668
2013,3,42,14,8,19,95,42,58,278,10,2,1,52,122,98,193,478,10,2,1,52,122,98,193,478,0,0,0,0,4,6,25,35,0,0,0,0,0,0,1,1,0,0,0,0,0,0,24,24,71,83,81,141,229,165,160,930,411,320,543,1735,3809,3734,4083,14635
2013,4,1,1,0,0,1,2,2,7,12,0,3,10,47,38,57,167,12,0,3,10,47,38,57,167,3,0,0,0,3,4,10,20,0,0,0,0,0,0,0,0,0,0,0,0,0,0,3,3,70,95,60,131,212,127,112,807,380,317,487,1473,2940,2979,2995,11571
2013,5,0,6,6,6,10,20,17,65,12,13,11,40,113,48,37,274,12,13,11,40,113,48,37,274,26,1,1,1,1,13,27,70,0,0,0,0,0,0,0,0,1,0,0,0,0,1,12,14,60,104,74,122,200,121,73,754,394,396,604,2726,3178,2716,2302,12316
2013,6,3,1,3,5,9,13,41,75,16,9,18,58,132,75,112,420,16,9,18,58,132,75,112,420,34,0,0,0,9,12,40,95,0,0,0,0,0,0,1,1,2,0,0,0,1,0,11,14,63,107,67,141,222,147,130,877,431,463,648,1842,2955,3176,3393,12908
2013,7,1,6,3,17,8,23,23,81,14,18,16,54,151,81,136,470,14,18,16,54,151,81,136,470,39,0,0,1,5,10,16,71,0,0,0,0,0,0,1,1,0,0,0,0,0,2,17,19,38,44,88,100,170,88,67,595,552,307,652,1742,3070,2578,2475,11376
2013,8,2,5,8,19,13,15,22,84,8,17,20,55,114,43,60,317,8,17,20,55,114,43,60,317,15,0,0,2,3,8,40,68,0,0,0,0,0,0,0,0,1,0,0,1,0,2,9,13,65,66,127,188,160,130,91,827,501,318,648,1564,2502,2167,2290,9990
2013,9,2,8,10,22,13,13,18,86,45,17,20,50,163,72,93,460,45,17,20,50,163,72,93,460,27,0,0,3,8,10,51,99,0,0,0,0,0,0,0,0,1,0,0,1,1,0,20,23,64,131,133,227,219,218,213,1205,310,461,795,2123,3652,3480,3726,14547
2013,10,7,8,16,13,8,9,12,73,25,13,28,71,173,75,130,515,25,13,28,71,173,75,130,515,26,1,1,5,8,17,51,109,0,0,0,0,0,0,0,0,5,0,1,0,0,4,10,20,126,183,232,228,344,169,110,1392,377,509,890,2060,3572,3282,3347,14037
2013,11,3,4,8,5,1,0,5,26,19,21,24,59,165,71,107,466,19,21,24,59,165,71,107,466,31,0,1,2,6,11,44,95,0,0,0,0,0,0,0,0,0,0,0,0,0,3,19,22,105,159,179,231,301,143,98,1216,428,490,889,1993,4820,3127,3570,15317
2013,12,8,9,8,2,0,0,2,29,15,22,27,48,137,41,51,341,15,22,27,48,137,41,51,341,20,1,0,0,6,11,48,86,0,0,0,0,0,0,0,0,0,0,1,0,0,2,7,10,72,127,192,185,242,108,56,982,516,346,684,1368,2199,1186,781,7080
2013,13,8,17,13,2,2,1,6,49,18,24,29,45,151,59,103,429,18,24,29,45,151,59,103,429,29,0,0,4,6,5,36,80,0,0,0,0,0,0,1,1,2,0,0,2,0,1,18,23,100,133,150,173,170,111,104,941,273,358,550,1054,1856,1593,1692,7376
2013,14,13,8,58,5,6,0,9,99,37,28,35,90,207,99,150,646,37,28,35,90,207,99,150,646,25,2,1,3,6,13,45,95,0,0,0,0,0,0,0,0,0,0,0,0,0,2,12,14,116,131,182,257,303,239,180,1408,867,460,836,2252,4013,4603,5207,18238
2013,15,0,2,5,8,9,19,14,57,11,1,3,30,77,62,122,306,11,1,3,30,77,62,122,306,0,0,0,1,2,10,31,44,0,0,0,0,0,0,0,0,0,0,0,0,0,3,27,30,86,105,135,205,260,206,156,1153,1098,347,567,1655,3553,3534,3598,14352
2013,16,2,3,4,10,12,17,20,68,7,2,7,38,73,39,79,245,7,2,7,38,73,39,79,245,0,0,0,0,2,2,9,13,0,0,0,0,0,0,0,0,0,0,0,0,0,1,3,4,151,86,151,164,412,273,239,1476,1142,355,646,1651,3324,3539,3802,14459
2013,17,5,7,9,12,12,22,16,83,29,16,25,92,169,63,124,518,29,16,25,92,169,63,124,518,26,0,0,1,3,4,29,63,0,0,0,0,0,1,0,1,1,0,0,0,0,5,8,14,106,168,173,271,295,213,122,1348,959,473,732,2181,3531,3294,3022,14192
2013,18,6,8,10,12,15,18,39,108,16,24,23,73,166,75,172,549,16,24,23,73,166,75,172,549,20,1,0,1,13,10,60,105,0,0,0,0,0,0,0,0,2,0,0,1,0,2,15,20,97,185,179,288,323,239,132,1443,376,483,769,1805,3233,3086,3210,12962
2013,19,15,7,1,13,25,23,26,110,36,18,26,67,147,86,148,528,36,18,26,67,147,86,148,528,27,3,0,1,11,17,49,108,0,0,0,0,1,0,0,1,4,0,0,0,1,1,16,22,74,81,157,212,280,210,134,1148,1147,378,768,2154,3287,3715,4342,15791
2013,20,11,12,6,22,17,23,24,115,21,17,17,75,155,74,163,522,21,17,17,75,155,74,163,522,26,1,1,1,5,17,37,88,0,0,0,0,0,0,0,0,1,0,0,1,0,2,21,25,97,102,171,226,392,308,297,1593,689,362,652,1737,2786,2643,2484,11353
2013,21,8,9,20,15,10,20,22,104,25,25,38,75,143,92,153,551,25,25,38,75,143,92,153,551,20,0,1,4,2,16,50,93,0,0,0,0,0,0,0,0,3,1,0,2,3,2,19,30,146,208,229,403,469,390,236,2081,911,545,842,2367,3890,3732,3832,16119
2013,22,8,10,12,6,2,7,18,63,26,23,32,75,172,83,160,571,26,23,32,75,172,83,160,571,28,0,1,3,1,15,29,77,2,0,0,1,0,1,4,8,3,0,0,1,2,6,23,35,159,251,324,445,495,415,236,2325,869,596,1067,2462,3745,3737,3499,15975
2013,23,12,7,19,9,13,11,23,94,31,22,45,87,170,98,126,579,31,22,45,87,170,98,126,579,21,0,0,1,3,10,51,86,1,0,0,0,0,2,0,3,2,0,0,0,1,8,22,33,184,273,308,457,719,430,245,2616,859,420,759,1972,3415,3100,3324,13849
2013,24,13,11,17,19,15,22,31,128,22,19,23,60,161,84,144,513,22,19,23,60,161,84,144,513,25,0,0,0,6,17,46,94,0,0,0,0,0,1,0,1,1,0,0,0,1,4,24,30,164,298,257,402,685,460,240,2506,931,377,560,1746,3283,3199,3374,13470
2013,25,8,17,14,11,9,31,38,128,25,27,35,66,167,87,149,556,25,27,35,66,167,87,149,556,21,0,1,1,5,8,34,70,0,0,0,1,0,1,2,4,0,0,0,1,1,5,22,29,152,175,161,225,357,233,166,1469,639,475,820,1984,3047,3027,3424,13416
2013,26,25,17,20,14,16,29,34,155,48,18,46,87,200,136,224,759,48,18,46,87,200,136,224,759,34,1,0,5,11,15,57,123,0,0,0,0,0,2,1,3,3,0,0,2,0,2,24,31,117,167,158,186,356,305,138,1427,1312,619,932,2295,3845,3508,3074,15585
2013,27,18,10,7,6,4,55,27,127,28,22,20,60,143,77,167,517,28,22,20,60,143,77,167,517,34,1,1,2,8,13,48,107,1,0,0,0,0,1,0,2,5,0,0,1,2,4,10,22,138,170,126,197,280,201,159,1271,1049,449,693,1844,3048,3161,3143,13387
2013,28,7,5,11,9,10,18,23,83,17,14,21,63,155,73,91,434,17,14,21,63,155,73,91,434,21,1,2,2,22,26,38,112,0,0,1,0,1,1,0,3,2,0,1,1,1,2,13,20,129,126,133,195,290,184,120,1177,645,368,563,1577,2740,2265,2277,10435
2013,29,7,5,6,3,1,2,2,26,17,16,16,73,165,68,75,430,17,16,16,73,165,68,75,430,23,0,0,5,14,15,55,112,0,0,0,0,0,2,0,2,0,0,0,0,0,2,17,19,203,212,219,283,390,262,165,1734,632,428,648,1704,2905,2560,2774,11651
2013,30,9,11,9,14,16,14,19,92,18,17,23,64,142,60,107,431,18,17,23,64,142,60,107,431,26,1,0,13,16,29,63,148,0,0,0,0,0,0,0,0,1,0,2,6,4,6,21,40,116,161,140,307,374,479,455,2032,721,507,746,1934,2921,2116,1887,10832
2013,31,12,9,10,11,6,8,13,69,15,18,24,75,154,55,93,434,15,18,24,75,154,55,93,434,30,0,1,2,8,28,62,131,0,0,0,0,1,1,0,2,0,2,1,0,1,3,18,25,97,123,121,199,240,164,98,1042,630,367,629,1702,2857,2431,2027,10643
2013,32,11,3,8,7,6,5,8,48,18,19,25,44,159,52,68,385,18,19,25,44,159,52,68,385,25,1,1,0,3,9,34,73,1,0,0,0,0,0,0,1,1,0,0,0,0,0,14,15,92,124,112,201,236,177,111,1053,827,388,577,1481,2706,2281,2140,10400
2013,33,6,6,10,8,13,7,12,62,12,18,25,68,165,58,83,429,12,18,25,68,165,58,83,429,22,1,0,2,7,9,25,66,0,0,0,0,0,0,0,0,4,0,0,0,0,1,14,19,100,153,85,205,300,159,98,1100,625,413,709,1724,3023,2445,2161,11100
2013,34,10,3,10,12,4,11,13,63,18,17,18,51,160,58,66,388,18,17,18,51,160,58,66,388,13,0,1,4,9,93,31,151,0,0,0,0,1,1,0,2,0,0,0,0,1,2,10,13,58,98,90,135,203,144,92,820,202,297,450,1237,2139,1598,1455,7378
2013,35,8,4,8,17,10,21,16,84,16,13,18,59,172,72,84,434,16,13,18,59,172,72,84,434,25,2,1,4,6,16,41,95,0,0,0,0,0,1,0,1,1,0,0,0,0,3,21,25,51,81,115,196,256,180,105,984,510,444,749,1799,2776,2418,1997,10693
2013,36,2,6,22,11,11,16,10,78,50,17,33,60,169,53,91,473,50,17,33,60,169,53,91,473,37,0,1,4,5,13,43,103,0,0,0,0,0,1,0,1,1,0,0,0,0,4,19,24,78,98,94,195,264,145,97,971,602,399,637,1728,2867,1985,1895,10113
2013,37,4,6,4,2,3,0,4,23,17,14,24,63,198,47,70,433,17,14,24,63,198,47,70,433,30,1,0,5,3,9,45,93,0,0,0,0,0,0,0,0,1,1,0,1,0,2,19,24,121,165,178,260,433,214,96,1467,507,330,576,1457,2441,1599,1505,8415
2013,38,0,2,2,8,9,14,23,58,1,0,2,24,76,49,73,225,1,0,2,24,76,49,73,225,5,0,0,14,18,33,65,135,0,0,0,0,0,0,0,0,0,0,0,0,2,2,17,21,67,101,109,200,370,174,106,1127,740,329,565,1567,3358,2451,2152,11162
2013,39,0,2,6,3,10,15,13,49,4,1,0,13,51,36,86,191,4,1,0,13,51,36,86,191,2,0,0,2,6,10,43,63,0,0,0,0,1,0,0,1,0,0,0,0,1,0,9,10,363,90,74,194,223,133,102,1179,819,338,630,1620,3028,2725,2625,11785
2013,40,5,10,12,8,5,8,15,63,43,22,24,83,199,56,81,508,43,22,24,83,199,56,81,508,38,1,1,5,5,16,33,99,0,0,0,0,0,0,0,0,2,0,0,0,0,5,10,17,400,154,162,254,412,217,114,1713,692,300,568,1736,2425,2119,2097,9937
2013,41,5,1,3,4,1,1,1,16,20,14,19,57,156,40,62,368,20,14,19,57,156,40,62,368,27,0,0,4,2,9,24,66,0,0,0,0,0,0,0,0,2,0,0,1,0,0,13,16,40,46,84,102,153,100,66,591,588,277,565,1856,2360,2007,2037,9690
2013,42,5,5,8,11,14,12,19,74,15,11,22,76,203,92,83,502,15,11,22,76,203,92,83,502,22,0,0,5,6,13,40,86,0,0,0,0,0,0,0,0,1,0,0,1,1,1,18,22,724,109,121,185,298,204,85,1726,788,317,578,1523,2733,2052,1901,9892
2013,43,0,3,2,13,6,13,17,54,4,0,0,34,90,65,90,283,4,0,0,34,90,65,90,283,3,0,0,2,8,11,34,58,0,0,0,0,0,0,0,0,0,0,0,0,1,1,11,13,510,115,110,229,378,189,120,1651,712,166,307,1240,2184,2062,2042,8713
2013,44,4,3,4,3,5,1,2,22,20,17,27,75,191,67,93,490,20,17,27,75,191,67,93,490,33,1,0,3,4,12,35,88,1,0,0,0,0,1,0,2,3,0,0,1,0,4,9,17,454,65,103,157,245,136,86,1246,750,291,493,1460,2661,1795,1644,9094
2013,45,2,10,16,13,10,6,15,72,18,19,24,54,100,66,84,365,18,19,24,54,100,66,84,365,28,0,0,6,6,16,56,112,0,0,0,0,0,0,0,0,1,0,0,2,1,2,23,29,450,76,92,164,171,102,57,1112,738,291,481,1476,2834,2257,2179,10256
2013,46,7,5,5,2,2,1,2,24,18,14,21,58,150,57,125,443,18,14,21,58,150,57,125,443,17,0,0,6,13,12,62,110,0,0,0,0,0,0,0,0,3,0,0,2,1,4,26,36,184,102,136,218,369,629,105,1743,484,260,494,1646,3109,2494,2251,10738
2013,47,1,5,7,16,8,11,23,71,15,11,28,82,174,59,100,469,15,11,28,82,174,59,100,469,33,0,1,5,7,18,50,114,1,0,0,0,0,0,0,1,1,0,0,0,0,1,20,22,255,106,155,168,344,170,118,1316,949,371,705,2016,4593,3168,2557,14359
2013,48,0,2,8,8,8,16,20,62,3,0,1,16,77,89,108,294,3,0,1,16,77,89,108,294,6,0,0,2,3,17,65,93,0,0,0,0,0,0,0,0,0,0,0,0,0,2,15,17,163,54,88,125,154,114,83,781,516,156,299,1143,2454,1937,1760,8265
2013,49,7,8,8,15,24,18,14,94,36,17,26,70,183,96,115,543,36,17,26,70,183,96,115,543,33,0,0,3,5,22,56,119,0,0,0,0,0,2,0,2,3,0,0,0,0,6,14,23,120,108,135,195,336,192,113,1199,655,305,486,1470,2476,1739,1555,8686
2013,50,1,2,2,16,13,15,17,66,9,1,5,28,101,50,126,320,9,1,5,28,101,50,126,320,3,0,0,1,10,10,62,86,0,0,0,0,1,1,0,2,0,0,0,0,2,6,15,23,44,40,73,98,181,142,91,669,389,228,363,1206,2453,2269,2108,9016
2013,51,3,4,10,10,8,14,24,73,5,17,24,60,188,74,92,460,5,17,24,60,188,74,92,460,29,0,1,3,3,10,35,81,0,0,0,0,0,0,0,0,1,0,0,0,3,2,12,18,117,118,184,201,378,226,127,1351,661,359,588,1713,3098,2360,2220,10999
2013,52,3,1,3,5,7,11,21,51,11,11,11,47,138,49,101,368,11,11,11,47,138,49,101,368,17,0,0,4,4,26,39,90,0,0,0,0,0,0,0,0,3,0,0,0,0,4,16,23,108,89,104,127,323,194,121,1066,760,221,351,1058,2611,1909,1854,8764
2014,1,1,6,6,9,11,16,24,73,12,20,21,56,151,45,60,365,12,20,21,56,151,45,60,365,34,1,0,4,8,12,33,92,0,0,0,1,0,0,1,2,4,0,0,2,0,2,9,17,66,66,93,119,254,148,126,872,442,266,427,1249,2510,1750,1610,8254
2014,2,0,0,1,9,8,8,25,51,5,0,1,21,70,47,137,281,5,0,1,21,70,47,137,281,4,0,0,6,8,22,84,124,0,0,0,0,0,0,0,0,0,0,0,0,1,4,16,21,42,79,129,177,349,233,235,1244,465,147,331,1227,2617,2498,2163,9448
2014,3,0,9,10,9,10,26,14,78,14,23,27,51,161,31,20,327,14,23,27,51,161,31,20,327,36,3,1,5,6,3,4,58,0,0,0,0,0,0,0,0,2,0,0,0,1,2,1,6,81,72,89,155,210,183,93,883,1642,380,704,2129,4077,3244,2267,14443
2014,4,2,2,7,7,6,4,12,40,30,11,30,76,204,96,123,570,30,11,30,76,204,96,123,570,33,0,0,5,6,31,69,144,0,0,0,0,0,0,0,0,2,0,0,1,0,1,12,16,60,90,59,174,291,358,443,1475,412,430,706,2327,4577,3711,2879,15042
2014,5,3,4,3,16,18,22,13,79,6,16,22,62,189,38,37,370,6,16,22,62,189,38,37,370,28,0,0,3,2,2,2,37,0,0,0,0,0,0,0,0,1,0,0,0,1,0,5,7,64,85,77,161,299,363,352,1401,671,379,684,1916,3713,2502,2135,12000
2014,6,0,3,2,3,3,8,17,36,5,0,2,11,75,77,121,291,5,0,2,11,75,77,121,291,2,0,0,7,10,31,76,126,0,0,0,0,0,0,0,0,0,0,0,0,0,1,9,10,134,141,203,443,1162,883,527,3493,528,224,302,963,2718,2199,2097,9031
2014,7,3,3,2,4,4,2,5,23,11,15,22,67,168,98,106,487,11,15,22,67,168,98,106,487,33,0,0,5,7,18,44,107,0,0,0,0,0,1,0,1,1,0,0,1,1,6,8,17,77,90,115,147,232,132,82,875,620,440,696,1795,3747,2621,2445,12364
2014,8,0,4,3,4,3,1,11,26,7,15,18,53,150,76,124,443,7,15,18,53,150,76,124,443,24,0,0,1,11,26,93,155,0,0,0,0,0,0,0,0,3,0,0,0,0,3,19,25,76,67,137,166,301,137,61,945,416,371,728,1697,3659,2312,1847,11030
2014,9,2,2,1,1,2,0,19,27,9,14,17,61,200,95,159,555,9,14,17,61,200,95,159,555,28,0,0,2,13,23,71,137,0,0,0,0,0,1,0,1,3,0,0,0,1,2,21,27,93,154,295,272,434,193,126,1567,582,344,676,1689,2990,1905,1759,9945
2014,10,5,0,6,1,0,0,14,26,17,12,20,61,176,79,143,508,17,12,20,61,176,79,143,508,25,0,0,3,13,20,70,131,0,0,0,0,0,0,0,0,0,0,0,0,2,0,20,22,87,113,179,221,424,380,367,1771,690,520,925,2357,4289,2642,2617,14040
2014,11,5,3,13,2,1,3,8,35,15,10,26,45,208,85,150,539,15,10,26,45,208,85,150,539,31,0,1,4,13,23,84,156,0,0,0,0,0,0,0,0,1,0,0,0,2,2,13,18,105,129,161,192,400,177,117,1281,631,393,738,1728,3911,2519,2483,12403
2014,12,0,3,9,5,1,1,13,32,10,15,26,79,194,51,109,484,10,15,26,79,194,51,109,484,25,1,1,4,6,15,67,119,0,0,0,0,0,0,0,0,4,1,0,1,1,0,8,15,99,114,203,170,268,143,120,1117,573,359,693,1616,2834,2224,1996,10295
2014,13,0,3,10,4,3,2,17,39,14,18,28,67,221,78,183,609,14,18,28,67,221,78,183,609,24,1,1,2,17,18,85,148,0,0,0,0,0,1,0,1,1,0,0,0,1,6,18,26,63,80,204,138,186,121,100,892,910,334,723,1681,3052,2263,2115,11078
2014,14,5,5,12,3,0,5,16,46,16,27,27,61,172,86,140,529,16,27,27,61,172,86,140,529,35,0,0,3,22,24,82,166,0,0,0,0,1,1,0,2,2,0,0,0,1,6,18,27,64,89,207,157,380,183,115,1195,653,427,831,1728,4478,3065,2508,13690
2014,15,0,0,0,0,0,2,9,11,0,1,1,6,68,65,89,230,0,1,1,6,68,65,89,230,0,0,0,1,15,16,53,85,0,0,0,0,1,0,0,1,0,0,0,0,1,5,7,13,29,17,44,58,184,108,79,519,357,110,225,773,2534,2002,2010,8011
2014,16,6,8,11,3,1,3,11,43,17,20,40,65,244,96,159,641,17,20,40,65,244,96,159,641,40,0,0,1,25,20,87,173,0,0,0,0,1,1,0,2,0,0,0,0,1,5,24,30,61,71,158,131,165,228,267,1081,557,274,628,1258,2459,1817,1302,8295
2014,17,8,5,15,4,0,1,9,42,22,20,38,71,205,81,120,557,22,20,38,71,205,81,120,557,32,2,0,3,12,24,49,122,0,0,0,0,0,0,0,0,2,0,0,0,3,3,7,15,90,98,114,114,193,136,104,849,560,339,576,1432,2999,2444,2314,10664
2014,18,8,4,12,3,3,4,13,47,16,15,28,84,197,103,140,583,16,15,28,84,197,103,140,583,28,0,0,4,13,24,70,139,0,0,0,0,0,0,0,0,3,0,0,0,0,6,14,23,100,142,206,177,276,347,160,1408,545,373,744,1679,3530,2723,2257,11851
2014,19,4,4,11,3,0,0,9,31,9,10,37,84,204,80,131,555,9,10,37,84,204,80,131,555,39,0,0,2,12,6,67,126,0,0,0,1,0,0,0,1,1,0,0,1,2,0,10,14,81,115,198,150,269,179,118,1110,623,407,764,1714,3862,2578,2160,12108
2014,20,4,9,11,2,1,2,10,39,7,18,30,57,199,69,150,530,7,18,30,57,199,69,150,530,20,1,2,3,10,16,66,118,0,0,0,0,0,2,0,2,1,1,0,1,0,5,19,27,81,155,193,191,198,147,96,1061,533,432,864,2192,4664,3140,1924,13749
2014,21,15,3,10,1,1,3,8,41,24,22,26,50,197,85,149,553,24,22,26,50,197,85,149,553,30,0,2,5,13,25,67,142,0,0,0,0,0,0,1,1,0,0,0,0,1,1,16,18,101,124,214,214,189,165,82,1089,886,480,895,2316,4776,3419,2312,15084
2014,22,0,0,0,1,2,2,7,12,1,1,0,30,54,48,94,228,1,1,0,30,54,48,94,228,0,0,0,4,17,19,50,90,0,0,0,0,0,0,0,0,0,0,0,0,0,2,10,12,55,75,142,161,211,139,105,888,601,263,616,1614,3808,2954,2313,12169
2014,23,14,5,11,4,1,3,12,50,24,17,41,77,209,88,174,630,24,17,41,77,209,88,174,630,27,0,1,5,27,12,83,155,0,0,0,0,0,2,0,2,2,0,0,1,1,2,17,23,118,110,157,131,245,160,126,1047,1221,419,799,1907,3444,2527,2077,12394
2014,24,0,0,0,0,1,0,10,11,1,0,2,17,102,56,168,346,1,0,2,17,102,56,168,346,0,0,0,5,14,12,91,122,0,0,0,0,0,0,0,0,0,0,0,0,0,2,17,19,61,58,102,96,227,155,93,792,619,307,597,1183,3335,2258,1938,10237
2014,25,13,5,13,4,21,24,12,92,17,15,20,63,155,74,132,476,17,15,20,63,155,74,132,476,20,0,1,3,13,17,54,108,0,0,1,0,0,0,0,1,1,3,16,3,0,1,19,43,104,113,199,152,213,144,121,1046,736,434,836,1795,3539,2350,1809,11499
2014,26,7,3,5,1,1,1,11,29,15,5,18,52,103,44,105,342,15,5,18,52,103,44,105,342,11,0,0,2,11,23,59,106,0,0,0,0,0,1,0,1,0,0,0,1,0,5,15,21,121,123,184,168,351,186,132,1265,527,252,463,1364,2650,2123,1669,9048
2014,27,3,5,4,3,1,0,7,23,16,19,20,92,258,100,189,694,16,19,20,92,258,100,189,694,30,1,2,5,19,18,57,132,0,0,0,0,1,0,0,1,0,0,0,0,2,3,21,26,110,102,139,331,673,531,267,2153,528,301,453,1289,2477,1793,1662,8503
2014,28,10,5,8,2,2,1,14,42,18,16,23,66,148,65,116,452,18,16,23,66,148,65,116,452,30,0,2,1,11,58,71,173,0,0,0,0,0,0,0,0,3,0,0,0,0,1,19,23,106,89,106,151,232,167,115,966,746,397,651,1878,3469,2810,2229,12180
2014,29,13,6,2,0,1,1,13,36,38,23,27,129,349,146,202,914,38,23,27,129,349,146,202,914,30,1,2,7,6,18,45,109,0,0,0,0,0,0,0,0,2,0,0,0,0,2,12,16,103,98,108,129,219,185,99,941,741,388,655,1824,3579,2946,2140,12273
2014,30,10,7,3,1,1,4,5,31,50,21,40,130,340,149,186,916,50,21,40,130,340,149,186,916,44,0,0,3,8,13,53,121,0,0,0,0,0,2,0,2,3,0,0,2,3,2,16,26,130,134,230,392,886,378,321,2471,682,376,667,1674,3045,2225,1702,10371
2014,31,7,2,3,2,0,1,10,25,48,28,45,147,411,175,201,1055,48,28,45,147,411,175,201,1055,42,0,1,4,15,32,78,172,0,0,0,0,0,1,0,1,0,0,0,0,1,3,11,15,92,116,160,215,269,159,114,1125,641,403,782,2191,3926,2901,2095,12939
2014,32,4,6,5,1,0,1,11,28,42,22,34,127,385,128,186,924,42,22,34,127,385,128,186,924,27,0,0,3,14,18,86,148,0,0,0,0,0,2,0,2,1,0,0,0,1,3,13,18,58,86,142,186,231,132,111,946,639,363,599,1682,3348,2361,4652,13644
2014,33,6,8,0,3,2,3,13,35,41,34,32,111,251,103,149,721,41,34,32,111,251,103,149,721,35,1,0,4,10,17,75,142,0,0,0,0,0,1,0,1,1,0,0,0,0,3,15,19,125,156,174,372,860,636,335,2658,718,420,640,1824,3745,2679,2311,12337
2014,34,5,4,5,4,0,4,10,32,40,39,52,149,345,132,188,945,40,39,52,149,345,132,188,945,36,0,0,4,23,42,102,207,0,0,0,0,0,0,4,4,2,0,0,0,2,3,24,31,69,94,149,117,179,121,79,808,591,373,709,1747,3006,2129,1622,10177
2014,35,4,5,7,8,2,6,20,52,30,34,48,133,351,167,220,983,30,34,48,133,351,167,220,983,37,0,0,0,17,28,84,166,0,0,0,0,0,0,0,0,0,0,0,0,4,13,5,22,80,114,150,148,257,142,125,1016,656,375,700,1702,3217,2158,1849,10657
2014,36,4,5,2,2,1,2,8,24,34,46,49,160,425,194,217,1125,34,46,49,160,425,194,217,1125,31,1,0,4,11,26,83,156,0,0,0,0,0,2,0,2,1,0,0,0,2,3,10,16,42,70,125,131,165,92,104,729,676,358,724,1825,3718,2620,1735,11656
2014,37,4,5,4,4,0,3,15,35,45,42,53,180,480,261,379,1440,45,42,53,180,480,261,379,1440,30,0,0,2,15,30,65,142,0,0,0,0,0,1,1,2,1,0,0,0,3,6,46,56,107,94,139,203,278,183,139,1143,757,427,740,2310,4423,4163,4799,17619
2014,38,2,3,3,1,1,4,7,21,33,34,57,159,412,193,207,1095,33,34,57,159,412,193,207,1095,43,0,0,4,19,25,74,165,0,0,0,0,0,0,0,0,1,0,0,0,0,6,15,22,112,143,247,217,222,147,92,1180,712,428,893,1877,3990,3258,2173,13331
2014,39,6,3,5,2,2,5,19,42,49,36,56,162,495,260,356,1414,49,36,56,162,495,260,356,1414,32,0,1,1,14,13,93,154,0,0,0,0,0,0,1,1,0,0,0,0,0,5,27,32,101,125,174,161,238,176,146,1121,762,475,818,2044,4052,3851,4405,16407
2014,40,2,4,3,6,0,3,13,31,35,40,60,138,359,137,197,966,35,40,60,138,359,137,197,966,40,0,0,6,10,26,75,157,0,0,0,0,0,0,0,0,1,0,0,1,2,2,10,16,71,91,171,146,182,112,124,897,691,377,765,1906,3455,2626,2164,11984
2014,41,6,3,8,2,0,3,6,28,46,35,46,121,307,148,201,904,46,35,46,121,307,148,201,904,36,0,1,5,10,21,76,149,0,0,0,0,0,0,0,0,0,0,0,0,1,2,12,15,64,82,140,152,182,142,109,871,648,350,636,1788,3335,2878,3040,12675
2014,42,3,4,8,0,0,21,19,55,40,43,58,126,371,170,243,1051,40,43,58,126,371,170,243,1051,27,0,0,5,26,39,93,190,0,0,0,0,1,0,0,1,0,0,0,0,1,1,15,17,81,77,97,96,178,113,113,755,530,224,408,1207,2789,2178,1787,9123
2014,43,2,0,1,2,3,16,19,43,79,56,66,234,507,328,416,1686,79,56,66,234,507,328,416,1686,20,10,21,58,119,50,86,364,0,0,0,0,1,1,0,2,1,0,0,0,3,5,23,32,125,109,178,202,314,206,138,1272,1028,496,916,2575,5193,4517,4528,19253
2014,44,6,1,1,1,1,2,7,19,36,22,46,108,327,137,137,813,36,22,46,108,327,137,137,813,47,0,1,6,9,14,69,146,0,0,0,0,0,0,0,0,3,0,0,0,1,1,8,13,60,81,130,144,174,121,78,788,596,315,699,1715,3238,2447,2130,11140
2014,45,2,2,7,7,0,3,11,32,32,33,253,150,398,221,326,1413,32,33,253,150,398,221,326,1413,38,0,0,11,17,36,89,191,0,0,0,0,1,2,4,7,1,0,0,0,2,8,30,41,96,82,104,182,251,174,122,1011,535,259,572,1588,2977,2472,2882,11285
2014,46,2,3,2,2,2,3,13,27,55,44,276,178,485,237,235,1510,55,44,276,178,485,237,235,1510,39,0,0,5,13,26,71,154,0,0,0,0,0,0,0,0,4,0,0,0,1,5,18,28,78,75,127,148,221,128,94,871,530,395,744,1928,3594,2756,2317,12264
2014,47,3,3,6,2,1,1,14,30,27,23,49,118,309,150,217,893,27,23,49,118,309,150,217,893,37,1,0,12,15,38,88,191,0,0,0,0,1,0,0,1,1,0,0,1,3,2,16,23,103,96,151,189,311,170,120,1140,693,559,975,2046,5019,2778,2604,14674
2014,48,6,6,7,4,2,3,17,45,29,27,50,126,372,178,322,1104,29,27,50,126,372,178,322,1104,32,0,0,5,13,20,80,150,0,0,0,0,0,0,0,0,2,0,0,0,1,4,58,65,105,127,167,245,346,244,146,1380,699,580,980,2542,4976,4398,4399,18574
2014,49,5,3,3,2,2,4,10,29,36,15,20,74,268,127,118,658,36,15,20,74,268,127,118,658,21,0,0,3,8,22,69,123,0,0,0,0,0,0,0,0,0,0,0,0,0,2,6,8,46,71,113,132,236,153,120,871,426,306,538,1725,3358,2741,2443,11537
2014,50,1,3,3,4,1,2,14,28,7,16,31,81,257,139,198,729,7,16,31,81,257,139,198,729,27,1,1,2,7,31,85,154,0,0,0,0,0,2,0,2,2,0,0,0,1,7,13,23,35,40,83,94,123,108,97,580,360,256,446,1255,2354,1832,2537,9040
2014,51,2,0,4,5,1,1,21,34,12,9,28,86,244,116,206,701,12,9,28,86,244,116,206,701,28,0,0,10,12,32,104,186,0,0,0,0,0,1,0,1,2,0,0,0,0,7,15,24,37,49,68,113,228,139,105,739,462,335,540,1762,3397,2565,2532,11593
2014,52,1,2,5,0,1,1,16,26,8,12,29,56,224,61,122,512,8,12,29,56,224,61,122,512,26,0,1,5,65,27,93,217,0,0,0,0,0,1,1,2,1,0,0,1,1,3,13,19,37,43,64,91,116,115,110,576,295,225,383,1127,2053,2060,1838,7981
2014,53,3,5,6,2,0,3,11,30,10,12,16,48,133,46,94,359,10,12,16,48,133,46,94,359,28,0,0,8,10,12,72,130,0,0,0,1,0,3,0,4,1,0,0,1,0,4,14,20,40,36,64,92,113,87,68,500,199,180,273,857,1877,1489,1350,6225
2015,1,4,7,3,1,0,0,10,25,14,20,18,54,220,103,140,569,14,20,18,54,220,103,140,569,34,0,0,3,5,10,39,91,0,0,0,0,0,0,0,0,4,0,0,0,0,2,7,13,42,46,70,99,210,164,108,739,284,215,394,1421,3365,2578,1892,10149
2015,2,3,1,3,2,1,0,0,10,15,8,19,83,247,76,126,574,15,8,19,83,247,76,126,574,20,1,0,3,2,1,4,31,0,0,0,0,0,0,0,0,3,0,0,0,1,0,3,7,48,71,74,93,160,141,83,670,394,321,588,1775,3390,4106,3217,13791
2015,3,2,5,2,1,0,0,4,14,15,24,28,69,222,70,131,559,15,24,28,69,222,70,131,559,24,1,0,3,4,1,2,35,1,0,0,0,0,0,1,2,1,0,0,0,0,0,7,8,85,107,99,117,246,191,114,959,462,417,709,2231,4144,3539,3679,15181
2015,4,2,1,2,0,1,4,14,24,13,11,24,80,223,97,271,719,13,11,24,80,223,97,271,719,16,1,0,2,11,29,52,111,0,0,0,0,1,1,0,2,0,0,0,0,1,2,16,19,56,84,86,115,184,118,92,735,401,416,738,1888,3907,3613,3677,14640
2015,5,2,6,2,0,0,4,15,29,9,26,22,65,203,93,130,548,9,26,22,65,203,93,130,548,29,0,0,3,20,59,75,186,0,0,0,0,1,0,0,1,0,0,0,2,3,1,15,21,53,104,89,100,171,112,79,708,392,364,618,1664,3771,3015,2694,12518
2015,6,7,1,5,7,10,9,13,52,21,15,22,95,284,199,286,922,21,15,22,95,284,199,286,922,28,0,0,4,14,22,90,158,0,0,0,0,0,2,0,2,0,0,0,1,1,3,20,25,57,128,129,143,201,123,89,870,432,418,719,2159,4076,3909,2831,14544
2015,7,3,5,6,4,4,3,13,38,14,19,32,79,260,116,218,738,14,19,32,79,260,116,218,738,28,0,0,3,15,16,80,142,0,0,0,0,0,0,1,1,0,0,0,0,1,1,13,15,91,115,171,165,240,154,116,1052,471,463,766,1969,4262,3907,4065,15903
2015,8,2,3,10,3,2,0,7,27,7,14,25,46,185,47,117,441,7,14,25,46,185,47,117,441,24,1,0,1,9,15,56,106,0,0,0,0,0,0,0,0,1,0,0,0,1,2,13,17,65,143,208,162,212,125,81,996,424,456,854,1809,3660,2806,2563,12572
2015,9,7,5,10,2,2,2,18,46,16,26,42,74,278,110,268,814,16,26,42,74,278,110,268,814,25,1,1,4,21,20,63,135,0,0,0,0,0,0,5,5,0,0,1,1,1,4,18,25,67,154,204,152,206,147,82,1012,314,422,737,1867,3235,2719,3135,12429
2015,10,3,2,3,5,7,2,20,42,11,16,37,69,298,194,325,950,11,16,37,69,298,194,325,950,26,0,0,1,17,36,48,128,0,0,0,0,0,1,0,1,1,0,0,1,0,5,10,17,83,220,311,226,310,207,141,1498,467,638,1037,2219,4734,4016,3897,17008
2015,11,7,5,8,2,3,2,14,41,17,25,34,75,180,86,151,568,17,25,34,75,180,86,151,568,23,0,0,3,9,13,47,95,0,0,0,0,0,0,0,0,0,0,0,0,2,3,6,11,95,118,203,153,239,149,110,1067,463,432,882,1806,3753,3781,3446,14563
2015,12,2,5,2,1,0,3,5,18,4,13,19,51,123,99,177,486,4,13,19,51,123,99,177,486,17,0,0,5,5,18,34,79,0,0,0,0,0,0,0,0,0,0,0,0,0,1,11,12,62,100,150,97,133,94,101,737,281,259,481,1399,2143,1494,1842,7899
2015,13,10,11,6,5,2,4,16,54,29,33,37,116,343,171,334,1063,29,33,37,116,343,171,334,1063,53,1,0,3,12,25,77,171,0,0,0,0,1,0,0,1,1,0,0,1,1,7,18,28,108,185,304,214,231,149,144,1335,514,551,1026,2077,4259,3031,2839,14297
2015,14,9,4,8,3,3,5,16,48,17,14,34,58,248,106,207,684,17,14,34,58,248,106,207,684,26,0,1,5,13,23,66,134,0,0,0,0,0,0,0,0,1,0,0,1,0,1,23,26,141,213,249,215,344,285,267,1714,498,531,906,1932,4118,3199,3232,14416
2015,15,7,2,7,6,3,3,17,45,35,23,38,71,249,127,222,765,35,23,38,71,249,127,222,765,24,0,0,9,38,62,108,241,0,0,0,0,0,0,0,0,0,0,0,0,0,3,11,14,104,198,265,245,262,205,169,1448,445,547,974,2250,5053,3718,3860,16847
2015,16,9,7,8,1,1,3,19,48,16,23,34,72,261,115,214,735,16,23,34,72,261,115,214,735,26,0,0,4,9,33,128,200,0,0,0,0,0,0,1,1,0,0,0,0,1,2,15,18,104,198,265,212,293,166,135,1373,547,562,1068,2205,3766,3609,3467,15224
2015,17,11,7,17,5,16,8,11,75,20,23,36,74,287,141,190,771,20,23,36,74,287,141,190,771,33,0,1,0,3,29,64,130,0,0,0,0,0,1,0,1,1,0,0,1,0,3,18,23,79,154,232,149,204,131,102,1051,429,461,860,1998,3718,3356,3067,13889
2015,18,10,8,13,3,2,4,9,49,18,24,36,72,242,126,201,719,18,24,36,72,242,126,201,719,32,0,1,0,6,18,49,106,0,0,0,0,0,0,2,2,0,0,0,0,2,17,24,43,103,169,236,193,285,153,155,1294,535,555,976,2208,4356,3471,3333,15434
2015,19,4,8,4,3,0,2,9,30,15,23,24,59,186,85,159,551,15,23,24,59,186,85,159,551,38,1,0,3,6,7,36,91,0,0,0,0,0,0,0,0,2,0,0,0,1,1,10,14,76,89,173,135,198,130,102,903,559,391,821,1854,3675,3288,2898,13486
2015,20,10,5,9,1,3,6,24,58,18,18,39,63,252,120,216,726,18,18,39,63,252,120,216,726,24,1,2,23,8,13,68,139,0,0,0,0,0,0,0,0,1,0,0,1,0,4,18,24,108,144,190,144,227,139,118,1070,489,463,817,1875,3829,3193,3277,13943
2015,21,14,8,7,3,1,0,16,49,31,21,39,68,223,114,198,694,31,21,39,68,223,114,198,694,35,0,0,5,7,17,52,116,0,0,0,0,0,1,0,1,2,0,1,0,1,5,19,28,133,157,243,181,256,178,102,1250,633,560,1011,2404,4538,3816,3737,16699
2015,22,6,8,11,5,3,1,8,42,19,21,36,69,200,95,150,590,19,21,36,69,200,95,150,590,27,0,0,1,5,16,41,90,0,0,0,0,0,0,0,0,2,0,0,0,0,4,7,13,89,99,172,167,223,161,116,1027,623,459,932,2280,4389,4410,3520,16613
2015,23,8,3,8,3,3,2,25,52,18,16,26,63,198,95,186,602,18,16,26,63,198,95,186,602,25,0,0,2,10,16,58,111,0,0,0,0,0,0,0,0,3,0,0,0,2,3,14,22,118,105,169,237,256,155,139,1179,436,370,690,1721,2802,2811,2886,11716
2015,24,13,12,10,4,5,8,28,80,18,28,40,76,198,109,220,689,18,28,40,76,198,109,220,689,27,1,0,2,16,9,59,114,0,0,0,0,0,0,0,0,1,0,0,1,0,2,20,24,128,103,186,189,240,159,166,1171,472,390,745,1662,2947,2571,2670,11457
2015,25,18,5,10,1,3,4,21,62,27,19,32,59,233,78,131,579,27,19,32,59,233,78,131,579,27,0,0,1,5,11,27,71,0,0,0,0,0,0,0,0,2,0,0,2,0,6,9,19,118,137,190,202,279,159,141,1226,463,519,856,2128,4151,3556,3379,15052
2015,26,19,10,11,4,2,1,24,71,29,25,24,61,216,120,225,700,29,25,24,61,216,120,225,700,36,0,1,4,11,22,56,130,0,0,0,0,0,0,0,0,0,0,0,0,0,4,21,25,111,132,143,147,293,170,161,1157,446,493,715,1795,3885,3218,3177,13729
2015,27,9,5,13,2,0,3,6,38,18,31,31,62,253,110,192,697,18,31,31,62,253,110,192,697,32,2,1,3,10,20,46,114,0,0,0,0,0,1,0,1,3,0,0,0,0,5,15,23,112,134,157,154,290,242,185,1274,561,520,803,2318,4668,4140,3990,17000
2015,28,7,7,4,5,0,10,12,45,15,22,27,84,189,93,132,562,15,22,27,84,189,93,132,562,31,0,0,3,15,17,60,126,0,0,0,0,0,0,0,0,1,0,0,0,1,4,6,12,115,108,175,195,277,212,168,1250,484,441,792,2284,4258,3404,3249,14912
2015,29,17,9,4,3,3,1,35,72,32,24,20,72,225,120,200,693,32,24,20,72,225,120,200,693,37,0,1,3,13,28,78,160,0,0,0,0,0,0,0,0,1,0,0,0,1,1,13,16,123,118,181,219,266,196,185,1288,553,501,798,2226,4096,3697,3570,15441
2015,30,10,8,7,4,0,4,18,51,20,18,36,59,225,124,201,683,20,18,36,59,225,124,201,683,33,0,0,2,18,25,78,156,0,0,0,0,0,0,1,1,0,0,0,0,0,2,19,21,121,151,190,251,308,197,181,1399,544,595,903,2523,4532,3701,3526,16324
2015,31,9,7,6,2,3,0,3,30,24,26,25,50,127,46,68,366,24,26,25,50,127,46,68,366,36,1,2,5,1,2,2,49,0,0,0,0,0,0,0,0,2,0,0,0,0,3,2,7,93,119,146,202,256,179,133,1128,447,414,681,1711,3204,2955,2915,12327
2015,32,5,5,9,4,1,1,12,37,16,16,26,75,201,87,118,539,16,16,26,75,201,87,118,539,34,1,0,2,10,15,54,116,0,0,0,0,0,0,0,0,0,0,0,0,0,1,15,16,76,89,148,200,213,191,144,1061,398,441,695,1728,2951,3373,3102,12688
2015,33,7,5,12,1,5,2,16,48,14,19,26,67,216,109,211,662,14,19,26,67,216,109,211,662,40,0,0,1,12,23,83,159,0,0,0,0,0,0,0,0,0,0,1,0,2,3,21,27,80,74,121,181,233,194,163,1046,450,327,603,1761,3699,3102,3035,12977
2015,34,4,7,8,5,2,1,17,44,28,24,28,77,215,104,197,673,28,24,28,77,215,104,197,673,37,0,0,0,11,19,76,143,0,0,0,0,1,1,0,2,1,0,1,0,2,5,20,29,54,75,109,195,304,188,155,1080,457,342,647,2046,3995,3512,3536,14535
2015,35,6,9,7,5,1,1,13,42,17,26,26,68,221,105,165,628,17,26,26,68,221,105,165,628,30,0,0,3,10,24,83,150,0,0,0,1,0,1,1,3,0,0,0,1,0,5,25,31,115,125,197,245,300,227,163,1372,487,442,789,2210,4122,3567,3653,15270
2015,36,12,3,9,1,3,3,12,43,25,22,43,231,256,97,186,860,25,22,43,231,256,97,186,860,31,0,0,1,14,28,89,163,0,0,0,0,0,2,0,2,0,0,0,1,0,2,15,18,117,122,214,261,282,241,149,1386,632,501,888,2874,4492,3844,3672,16903
2015,37,6,6,8,4,0,1,7,32,15,20,24,58,213,78,118,526,15,20,24,58,213,78,118,526,43,0,0,0,17,34,74,168,0,0,0,0,0,0,0,0,0,0,0,0,1,2,11,14,93,121,229,253,355,221,151,1423,481,378,749,2095,3596,8092,2897,18288
2015,38,8,6,6,5,1,1,21,48,19,20,31,69,258,128,188,713,19,20,31,69,258,128,188,713,32,1,0,3,11,22,95,164,0,0,0,0,0,1,0,1,1,0,0,1,1,4,20,27,124,124,206,230,318,230,185,1417,596,454,1222,2419,4958,4023,3870,17542
2015,39,4,4,2,0,3,2,19,34,18,26,24,70,240,102,195,675,18,26,24,70,240,102,195,675,38,0,0,3,16,24,77,158,0,0,0,0,0,0,1,1,0,0,0,0,0,3,21,24,98,97,185,212,293,236,146,1267,506,419,763,1931,4460,3422,3560,15061
2015,40,3,4,5,1,1,0,7,21,11,13,18,60,157,56,95,410,11,13,18,60,157,56,95,410,37,0,0,3,22,22,84,168,0,0,0,0,0,1,0,1,1,0,0,0,1,2,8,12,54,53,136,169,221,185,122,940,445,304,630,1890,3990,3199,2681,13139
2015,41,5,7,4,3,2,7,24,52,18,25,24,72,271,135,216,761,18,25,24,72,271,135,216,761,27,0,0,2,13,25,68,135,0,0,0,0,0,1,1,2,0,0,0,1,2,2,28,33,104,126,147,230,324,234,281,1446,517,450,806,1968,4121,3079,6332,17273
2015,42,4,1,2,2,3,4,13,29,14,14,30,68,223,124,192,665,14,14,30,68,223,124,192,665,24,0,0,3,9,24,59,119,1,0,0,0,0,1,0,2,1,0,0,0,1,5,18,25,138,105,164,209,331,202,151,1300,480,420,720,1971,4839,3540,3200,15170
2015,43,2,4,4,1,1,0,6,18,16,15,18,63,190,88,132,522,16,15,18,63,190,88,132,522,24,1,1,3,9,16,47,101,0,0,0,0,0,1,0,1,0,0,0,0,0,2,11,13,69,65,155,184,236,135,94,938,546,426,835,2214,4545,3370,3298,15234
2015,44,5,4,3,13,2,4,18,49,17,18,27,75,222,112,198,669,17,18,27,75,222,112,198,669,25,0,0,3,11,23,66,128,0,0,0,0,0,0,0,0,0,0,1,0,1,5,15,22,99,94,166,214,279,215,172,1239,387,389,673,1805,3286,2772,3305,12617
2015,45,0,3,0,1,1,4,9,18,2,3,0,21,60,70,160,316,2,3,0,21,60,70,160,316,1,0,0,1,13,9,43,67,1,0,0,0,0,0,0,1,1,0,0,0,2,2,19,24,82,84,122,167,282,220,167,1124,365,273,453,1446,3765,3309,3116,12727
2015,46,0,6,4,4,5,0,17,36,7,21,26,65,205,88,120,532,7,21,26,65,205,88,120,532,30,1,0,4,12,20,56,123,0,0,0,0,0,1,2,3,0,0,0,1,3,4,9,17,104,107,187,206,245,163,136,1148,445,382,749,1855,3386,2649,2277,11743
2015,47,5,5,10,6,3,3,13,45,15,18,26,69,219,88,186,621,15,18,26,69,219,88,186,621,30,0,0,2,7,20,52,111,0,0,0,0,0,0,1,1,1,0,0,0,1,3,21,26,125,144,198,224,388,257,185,1521,625,505,859,2326,4811,3796,3605,16527
2015,48,6,6,8,7,1,1,15,44,11,25,22,65,167,56,93,439,11,25,22,65,167,56,93,439,44,1,0,2,10,15,37,109,0,0,0,0,0,0,0,0,2,0,0,0,1,2,11,16,72,61,138,140,183,113,106,813,308,235,606,1622,2655,1979,1727,9132
2015,49,2,4,7,7,1,0,13,34,15,22,39,72,198,137,173,656,15,22,39,72,198,137,173,656,38,0,0,3,10,18,50,119,0,0,0,0,0,1,1,2,1,0,0,0,2,2,25,30,119,93,141,156,260,179,150,1098,469,387,636,1793,3883,2921,2905,12994
2015,50,8,8,3,3,1,2,15,40,24,19,28,60,213,127,180,651,24,19,28,60,213,127,180,651,20,0,0,3,11,27,64,125,0,0,0,0,0,1,0,1,0,0,0,0,0,3,16,19,101,135,156,167,360,220,185,1324,431,440,705,2006,4643,3590,3850,15665
2015,51,5,5,6,3,2,1,19,41,12,27,27,58,185,88,165,562,12,27,27,58,185,88,165,562,35,1,1,6,4,18,54,119,0,0,0,0,0,0,3,3,2,0,0,0,1,4,11,18,101,126,116,118,292,147,146,1046,463,435,543,1461,3749,2533,2333,11517
2015,52,7,6,3,3,0,2,32,53,10,19,24,79,181,115,230,658,10,19,24,79,181,115,230,658,12,1,0,2,10,28,116,169,0,0,0,1,0,1,4,6,0,0,0,1,1,4,14,20,62,81,100,114,254,184,168,963,317,351,467,1259,3142,2227,2045,9808
2016,1,5,5,2,5,0,1,18,36,12,16,16,52,194,80,139,509,12,16,16,52,194,80,139,509,26,0,1,1,8,13,69,118,0,0,0,1,0,1,1,3,1,1,0,1,0,1,11,15,59,77,84,111,244,202,260,1037,269,380,591,1776,3777,3122,3627,13542
2016,2,10,2,2,4,4,7,38,67,16,21,15,97,241,195,311,896,16,21,15,97,241,195,311,896,32,2,1,6,8,79,157,285,0,0,0,0,0,0,1,1,1,1,0,2,2,7,47,60,74,98,110,156,224,151,208,1021,424,443,723,2219,4272,3218,3151,14450
2016,3,3,5,3,3,1,3,18,36,14,22,28,73,194,114,180,625,14,22,28,73,194,114,180,625,30,1,0,6,4,43,81,165,0,0,0,0,0,0,1,1,1,1,0,1,1,3,22,29,98,140,161,193,277,288,150,1307,488,565,928,2593,5367,4339,4187,18467
2016,4,5,3,4,4,1,3,14,34,11,16,24,64,183,106,182,586,11,16,24,64,183,106,182,586,24,0,0,4,16,34,77,155,0,0,0,0,0,0,1,1,1,0,1,1,1,2,18,24,75,120,148,181,222,164,141,1051,472,490,888,2527,4919,3774,3333,16403
2016,5,5,4,2,2,3,5,16,37,18,15,21,80,189,99,182,604,18,15,21,80,189,99,182,604,26,1,0,3,11,30,75,146,0,0,0,0,0,3,0,3,1,0,0,0,1,9,16,27,90,132,142,183,340,227,142,1256,528,489,950,2534,5453,4284,3969,18207
2016,6,1,2,3,3,0,5,10,24,9,17,24,84,195,104,169,602,9,17,24,84,195,104,169,602,30,2,0,3,14,23,98,170,0,0,0,0,0,1,0,1,0,0,0,0,1,7,21,29,86,142,184,217,225,170,163,1187,362,441,901,2352,4429,3562,3479,15526
2016,7,5,5,7,5,1,5,14,42,12,22,30,78,199,119,187,647,12,22,30,78,199,119,187,647,27,3,0,7,18,36,92,183,0,0,0,0,0,1,0,1,1,0,0,1,0,1,19,22,70,143,208,283,368,246,185,1503,600,746,1382,3542,7888,5929,5274,25361
2016,8,3,5,2,6,2,3,12,33,60,19,21,59,206,99,188,652,60,19,21,59,206,99,188,652,38,1,1,5,26,24,73,168,0,0,0,0,0,1,0,1,0,0,0,0,1,2,10,13,82,112,231,247,342,180,143,1337,552,516,1097,2654,5264,4485,4062,18630
2016,9,9,6,7,5,2,1,13,43,47,12,22,51,205,96,185,618,47,12,22,51,205,96,185,618,27,1,5,4,13,17,75,142,0,0,1,0,0,0,1,2,0,0,1,0,0,5,22,28,118,173,301,262,358,162,183,1557,878,763,1213,3160,7103,4442,5532,23091
2016,10,10,2,4,0,1,1,10,28,44,11,16,41,155,80,109,456,44,11,16,41,155,80,109,456,23,0,2,5,14,22,48,114,0,0,0,0,0,1,0,1,1,0,0,0,1,3,11,16,103,141,240,209,295,186,185,1359,584,585,1145,2457,5006,3703,3597,17077
2016,11,2,3,2,1,2,1,6,17,16,11,15,56,154,100,128,480,16,11,15,56,154,100,128,480,16,1,0,4,8,16,34,79,0,0,0,0,0,0,0,0,0,0,0,0,1,2,12,15,52,76,176,144,282,153,138,1021,360,396,820,2016,4494,3428,3501,15015
2016,12,9,6,13,3,2,4,13,50,18,24,42,75,214,115,105,593,18,24,42,75,214,115,105,593,32,0,0,4,6,24,64,130,0,0,0,0,0,1,0,1,0,0,0,0,2,6,26,34,55,99,185,99,204,167,186,995,302,392,770,1274,2728,2125,2783,10374
2016,13,3,7,5,7,1,4,9,36,21,21,29,70,155,84,154,534,21,21,29,70,155,84,154,534,37,0,0,4,6,21,72,140,0,0,0,0,0,0,0,0,2,0,0,0,0,2,15,19,120,153,192,212,400,214,224,1515,569,660,945,2815,6293,4544,4961,20787
2016,14,4,6,7,5,1,2,16,41,12,22,28,65,204,95,182,608,12,22,28,65,204,95,182,608,31,1,1,1,14,28,75,151,0,0,0,0,0,0,0,0,0,0,0,0,0,1,15,16,75,142,206,198,273,198,203,1295,453,554,1058,2329,4880,4204,4516,17994
2016,15,3,7,4,3,2,0,4,23,15,22,26,55,146,46,82,392,15,22,26,55,146,46,82,392,27,0,1,0,6,4,6,44,0,0,0,0,0,0,2,2,0,0,0,0,0,1,9,10,69,123,207,212,354,190,169,1324,426,558,1065,2536,5238,3987,4318,18128
2016,16,9,2,8,2,0,2,14,37,10,12,26,69,212,93,178,600,10,12,26,69,212,93,178,600,36,2,0,1,26,30,73,168,0,0,0,0,0,0,0,0,0,0,0,1,4,3,12,20,78,122,203,232,307,190,293,1425,500,565,1065,2666,5814,4728,4675,20013
2016,17,4,7,10,2,2,0,13,38,18,18,45,66,203,101,204,655,18,18,45,66,203,101,204,655,31,0,0,1,13,21,89,155,0,0,0,0,0,0,0,0,2,0,0,0,1,3,15,21,126,176,366,308,347,268,199,1790,483,627,1264,2610,5765,4697,4493,19939
2016,18,5,8,9,4,0,1,4,31,12,19,39,47,171,83,135,506,12,19,39,47,171,83,135,506,23,1,1,5,7,13,43,93,0,0,0,0,0,0,1,1,2,0,0,0,2,0,14,18,122,108,230,241,240,232,170,1343,486,544,1273,3176,4635,3946,4302,18362
2016,19,12,5,15,4,3,2,23,64,21,27,43,73,189,123,246,722,21,27,43,73,189,123,246,722,24,0,0,1,12,22,77,136,0,0,0,0,1,0,0,1,0,0,0,0,1,5,24,30,164,213,326,297,386,268,373,2027,620,627,1154,2626,5499,4385,5246,20157
2016,20,14,12,15,4,1,3,9,58,28,21,36,71,227,113,190,686,28,21,36,71,227,113,190,686,34,0,0,6,8,29,78,155,0,0,0,1,1,1,0,3,0,0,0,2,2,3,18,25,152,168,235,269,453,270,302,1849,630,641,1293,3058,6274,4825,4637,21358
2016,21,10,8,13,5,2,0,11,49,26,27,38,67,158,83,150,549,26,27,38,67,158,83,150,549,24,0,0,3,5,21,63,116,0,0,0,0,0,1,1,2,3,0,0,0,2,9,16,30,175,179,347,279,398,288,243,1909,520,657,1232,2568,4845,4041,3962,17825
2016,22,17,11,13,4,1,1,19,66,28,27,52,63,186,95,204,655,28,27,52,63,186,95,204,655,30,1,1,5,14,18,77,146,0,0,0,0,1,0,1,2,1,1,1,0,2,2,22,29,191,158,253,243,331,222,248,1646,475,523,987,1945,3800,3261,3633,14624
2016,23,15,13,17,6,0,5,16,72,26,27,37,69,172,115,211,657,26,27,37,69,172,115,211,657,19,1,0,1,2,21,54,98,0,0,0,0,0,0,0,0,0,0,0,0,0,6,18,24,177,309,417,355,501,334,359,2452,580,798,1354,2657,6064,4577,5111,21141
2016,24,22,16,19,8,3,4,22,94,30,31,45,74,209,103,192,684,30,31,45,74,209,103,192,684,27,0,0,3,11,17,58,116,1,0,0,0,0,0,0,1,3,0,0,0,0,1,18,22,271,279,400,434,485,352,329,2550,798,752,1279,2732,5506,4413,4464,19944
2016,25,16,14,11,10,5,1,25,82,26,36,35,66,218,95,171,647,26,36,35,66,218,95,171,647,29,0,0,2,8,19,46,104,0,0,0,0,0,0,0,0,2,0,0,0,1,0,19,22,189,264,423,334,555,371,307,2443,594,715,1323,2657,5660,4542,3943,19434
2016,26,13,11,12,4,2,1,16,59,26,35,33,81,155,85,144,559,26,35,33,81,155,85,144,559,30,0,0,2,7,21,33,93,0,0,0,0,0,0,1,1,2,0,0,1,0,3,14,20,276,145,219,187,332,306,363,1828,612,534,864,1761,3541,3002,3575,13889
2016,27,23,16,15,4,2,4,27,91,36,32,63,74,210,125,217,757,36,32,63,74,210,125,217,757,29,0,1,2,12,36,89,169,0,0,0,0,0,0,0,0,1,0,1,0,0,3,25,30,198,190,216,224,346,272,348,1794,553,624,866,2155,4660,3761,4531,17150
2016,28,17,11,12,8,0,1,20,69,24,26,30,75,184,123,221,683,24,26,30,75,184,123,221,683,20,1,0,4,7,16,88,136,1,0,0,0,0,1,1,3,1,1,0,0,0,4,18,24,192,202,245,277,411,290,326,1943,652,645,1020,2463,4877,4143,4615,18415
2016,29,14,7,11,7,0,1,19,59,27,24,40,62,125,99,164,541,27,24,40,62,125,99,164,541,31,0,0,2,6,30,82,151,0,0,0,1,0,0,1,2,1,0,0,1,0,3,15,20,216,182,300,302,433,242,271,1946,715,654,1119,2483,4851,3406,4073,17301
2016,30,17,9,13,6,4,6,12,67,58,25,38,71,181,125,187,685,58,25,38,71,181,125,187,685,33,1,3,9,7,31,83,167,0,0,0,0,0,0,0,0,2,0,1,1,2,3,21,30,267,221,354,425,431,338,294,2330,725,589,1175,2508,4258,3431,3704,16390
2016,31,11,5,10,5,2,1,5,39,68,15,32,74,184,108,187,668,68,15,32,74,184,108,187,668,34,1,2,1,7,19,64,128,0,0,0,0,0,0,0,0,1,0,0,1,1,2,13,18,250,316,480,483,705,409,398,3041,719,743,1445,2919,5762,4389,4623,20600
2016,32,22,5,8,5,1,0,1,42,58,14,25,73,184,82,145,581,58,14,25,73,184,82,145,581,32,0,2,8,13,22,55,132,0,0,0,0,0,0,0,0,0,1,1,0,1,4,12,19,203,184,282,309,409,247,253,1887,573,455,944,2275,4286,3240,3433,15206
2016,33,26,11,11,8,2,3,20,81,60,17,31,74,196,118,227,723,60,17,31,74,196,118,227,723,23,1,3,7,16,34,66,150,0,0,0,0,0,0,0,0,2,0,0,0,2,4,22,30,231,220,308,384,446,318,290,2197,754,655,1121,2380,4684,3620,4051,17265
2016,34,25,15,19,9,1,0,3,72,59,28,35,66,196,101,181,666,59,28,35,66,196,101,181,666,34,1,5,10,11,36,58,155,0,0,0,0,0,0,0,0,1,1,0,1,0,3,7,13,201,236,345,361,427,246,252,2068,559,589,1052,2420,4932,3828,3875,17255
2016,35,17,10,11,10,1,2,9,60,71,23,38,92,202,113,201,740,71,23,38,92,202,113,201,740,32,2,1,10,16,32,76,169,0,0,0,0,0,0,0,0,1,0,1,0,4,4,21,31,223,188,389,454,496,318,269,2337,638,578,1107,2584,5139,3648,3971,17665
2016,36,21,14,25,18,1,1,13,93,65,19,33,75,188,118,200,698,65,19,33,75,188,118,200,698,35,2,1,7,10,26,57,138,0,0,0,0,0,2,1,3,0,0,0,0,2,4,13,19,218,199,423,475,577,302,309,2503,641,672,1256,2760,8432,4153,4889,22803
2016,37,21,16,25,20,1,1,15,99,76,22,36,70,211,106,181,702,76,22,36,70,211,106,181,702,36,1,2,8,8,17,51,123,0,0,1,0,0,1,1,3,1,0,1,2,0,2,13,19,180,199,371,405,450,292,246,2143,670,728,1310,2876,5501,4052,4408,19545
2016,38,21,5,12,4,2,2,13,59,62,12,24,75,186,100,141,600,62,12,24,75,186,100,141,600,25,0,2,13,5,26,44,115,0,0,0,0,0,1,0,1,2,0,0,0,1,3,19,25,212,219,367,440,508,293,275,2314,706,734,1282,2920,5520,4157,4635,19954
2016,39,13,12,26,12,4,3,7,77,53,30,40,79,202,94,199,697,53,30,40,79,202,94,199,697,34,1,2,6,10,24,52,129,0,0,0,0,0,0,1,1,1,0,0,0,0,7,10,18,213,190,349,415,432,262,252,2113,623,604,1170,2595,5095,3785,3967,17839
2016,40,22,15,21,8,5,2,28,101,61,26,38,75,187,91,196,674,61,26,38,75,187,91,196,674,36,1,1,5,13,18,54,128,0,0,0,0,0,0,1,1,2,0,0,1,0,2,16,21,147,144,230,282,347,179,196,1525,715,631,1131,2644,5759,4149,4648,19677
2016,41,24,17,14,10,1,1,11,78,73,30,34,59,167,69,133,565,73,30,34,59,167,69,133,565,36,3,4,2,10,15,42,112,0,0,0,0,0,0,0,0,5,0,0,0,0,4,12,21,118,98,222,253,290,202,179,1362,540,442,852,2210,3945,3180,3326,14495
2016,42,20,10,14,2,1,5,20,72,46,21,23,66,197,105,202,660,46,21,23,66,197,105,202,660,19,3,1,10,14,15,62,124,0,0,0,0,0,0,0,0,0,0,0,1,1,0,15,17,159,174,239,259,352,258,200,1641,604,634,988,2135,4496,3384,3897,16138
2016,43,4,0,1,4,1,2,16,28,10,1,2,19,46,71,177,326,10,1,2,19,46,71,177,326,2,0,0,1,3,21,43,70,0,0,0,0,0,0,0,0,1,0,0,0,1,1,11,14,151,101,176,217,353,212,175,1385,496,489,932,1648,4309,3824,4140,15838
2016,44,1,1,1,0,2,2,15,22,5,1,4,14,74,85,184,367,5,1,4,14,74,85,184,367,0,0,0,2,6,14,57,79,0,0,0,0,0,0,0,0,0,0,0,0,1,1,9,11,90,84,127,174,298,200,173,1146,488,407,767,1806,4700,4235,4372,16775
2016,45,17,7,9,10,3,0,10,56,69,22,23,71,162,76,141,564,69,22,23,71,162,76,141,564,36,1,1,5,6,11,44,104,0,0,0,0,0,0,0,0,0,0,0,2,1,5,8,16,111,100,159,271,255,176,170,1242,484,488,832,1744,3135,2705,3372,12760
2016,46,0,0,0,0,0,6,16,22,8,1,8,27,85,130,243,502,8,1,8,27,85,130,243,502,1,0,0,0,5,19,63,88,0,0,0,0,0,0,0,0,0,0,0,0,0,1,20,21,152,110,200,267,389,260,252,1630,541,480,875,2083,16047,4243,4483,28752
2016,47,1,1,2,1,3,2,18,28,5,2,5,20,82,123,177,414,5,2,5,20,82,123,177,414,0,0,0,2,5,21,45,73,0,0,0,0,0,2,0,2,0,0,0,0,0,3,7,10,120,110,245,239,402,231,259,1606,593,539,840,1980,5184,3901,4196,17233
2016,48,0,3,2,2,2,4,9,22,0,3,2,15,42,64,118,244,0,3,2,15,42,64,118,244,0,0,0,1,8,26,74,109,0,0,0,0,0,0,0,0,0,0,0,0,0,4,8,12,106,144,130,150,348,183,211,1272,404,495,636,2018,4609,3595,3685,15442
2016,49,1,0,3,1,0,1,15,21,2,1,4,13,59,84,145,308,2,1,4,13,59,84,145,308,1,0,0,1,7,22,57,88,0,0,0,0,0,0,0,0,0,0,0,0,1,2,11,14,84,79,103,165,403,213,235,1282,345,357,520,1583,4348,3191,3574,13918
2016,50,10,4,5,6,3,3,19,50,60,9,19,89,189,111,183,660,60,9,19,89,189,111,183,660,31,2,0,3,13,29,83,161,0,0,0,0,1,1,2,4,1,1,0,0,1,2,16,21,121,105,195,257,448,300,262,1688,617,543,915,2408,5303,3767,4166,17719
2016,51,7,6,6,3,2,3,17,44,53,13,18,61,164,82,148,539,53,13,18,61,164,82,148,539,28,2,2,4,15,28,91,170,0,0,0,0,0,1,0,1,2,0,0,0,0,4,12,18,134,115,158,189,413,245,252,1506,535,453,699,1987,4836,3687,3708,15905
2016,52,7,3,6,7,4,0,20,47,48,15,18,57,177,78,139,532,48,15,18,57,177,78,139,532,23,3,0,6,17,27,77,153,0,0,0,0,0,0,1,1,1,0,0,1,0,1,7,10,152,80,121,167,348,241,303,1412,611,504,718,1597,4049,2905,3006,13390
2017,1,6,3,6,3,0,1,15,34,60,22,27,68,150,54,66,447,60,22,27,68,150,54,66,447,32,5,1,9,8,19,44,118,0,0,0,0,0,0,0,0,1,0,0,1,0,1,7,10,134,99,123,165,333,226,305,1385,634,568,712,1842,3990,3254,3368,14368
2017,2,12,7,5,2,3,3,23,55,53,19,21,70,194,124,230,711,53,19,21,70,194,124,230,711,27,2,2,10,8,17,76,142,0,0,0,0,0,0,1,1,0,0,1,1,2,3,16,23,112,124,179,242,495,299,370,1821,566,619,1019,2488,5389,4186,4894,19161
2017,3,9,5,3,4,4,1,23,49,59,12,17,65,202,86,194,635,59,12,17,65,202,86,194,635,38,2,1,7,14,21,59,142,0,0,0,0,1,0,2,3,1,0,1,0,1,1,19,23,105,121,167,212,451,311,296,1663,645,671,1196,2637,5510,4073,4163,18895
2017,4,18,6,5,1,2,2,5,39,81,20,19,68,206,92,198,684,81,20,19,68,206,92,198,684,42,1,6,5,8,25,61,148,0,0,0,0,0,0,0,0,2,0,0,0,0,0,16,18,109,164,222,223,338,224,231,1511,472,550,945,2359,4039,3323,4580,16268
2017,5,12,1,3,6,3,4,26,55,57,16,22,91,189,109,246,730,57,16,22,91,189,109,246,730,34,0,2,9,11,21,66,143,0,0,0,0,0,0,0,0,3,0,0,1,5,3,8,20,67,169,229,239,464,266,247,1681,593,669,1172,2895,5752,4741,4658,20480
2017,6,11,4,5,7,2,3,10,42,49,14,29,70,216,111,162,651,49,14,29,70,216,111,162,651,33,1,5,9,11,15,56,130,0,0,0,0,0,0,0,0,0,0,0,0,1,0,10,11,68,163,235,231,437,245,220,1599,598,626,1133,2600,5435,3996,4239,18627
2017,7,1,1,1,0,1,3,13,20,9,3,2,13,116,117,206,466,9,3,2,13,116,117,206,466,1,0,0,3,12,17,54,87,0,0,0,0,0,0,0,0,0,0,0,0,0,1,9,10,66,88,171,219,395,215,185,1339,447,486,827,2199,5499,4462,4386,18306
2017,8,11,6,11,5,5,5,15,58,51,17,30,83,208,109,217,715,51,17,30,83,208,109,217,715,26,0,0,9,12,16,54,117,0,0,0,0,0,0,0,0,1,0,0,1,0,0,9,11,97,120,239,230,299,203,195,1383,620,553,1127,2644,5118,4359,4540,18961
2017,9,18,8,11,7,2,4,19,69,55,16,31,74,174,120,231,701,55,16,31,74,174,120,231,701,28,1,0,7,15,23,88,162,0,0,0,0,0,0,0,0,0,0,0,1,1,3,11,16,108,224,508,398,446,304,243,2231,592,743,1478,2704,5350,4207,4603,19677
2017,10,19,10,18,3,4,1,17,72,59,25,39,66,198,123,221,731,59,25,39,66,198,123,221,731,24,2,4,8,12,20,61,131,0,0,0,0,0,0,0,0,0,1,0,0,1,0,9,11,125,253,573,393,508,315,296,2463,606,762,1598,2538,5398,4025,3976,18903
2017,11,11,14,12,4,1,2,9,53,51,24,28,67,169,85,150,574,51,24,28,67,169,85,150,574,32,1,2,9,4,18,42,108,0,0,0,0,0,0,1,1,1,0,0,0,0,1,9,11,99,110,262,213,327,174,190,1375,446,712,1026,2257,4658,3185,3541,15825
2017,12,20,9,12,11,4,0,19,75,60,20,28,62,208,131,249,758,60,20,28,62,208,131,249,758,37,2,0,9,7,5,36,96,0,0,0,0,0,0,0,0,3,0,0,0,0,3,13,19,123,173,346,284,386,258,256,1826,529,587,1175,2146,4675,3710,3848,16670
2017,13,15,9,19,10,0,3,25,81,55,20,33,64,158,112,221,663,55,20,33,64,158,112,221,663,37,0,0,10,13,21,69,150,0,0,0,0,1,0,0,1,2,1,0,0,3,0,3,9,151,227,401,347,398,313,282,2119,671,748,1453,2664,5691,4440,4479,20146
2017,14,12,8,12,3,1,0,9,45,47,15,27,48,125,80,105,447,47,15,27,48,125,80,105,447,30,0,1,6,6,19,37,99,0,0,0,0,0,0,0,0,2,0,0,1,1,1,7,12,108,141,286,207,289,184,179,1394,593,560,1188,2165,4559,3345,3626,16036
2017,15,21,9,17,5,2,3,40,97,66,23,42,65,217,130,316,859,66,23,42,65,217,130,316,859,38,3,1,7,14,24,79,166,0,0,0,0,0,0,1,1,1,0,0,0,1,0,15,17,134,147,223,182,216,145,118,1165,456,432,806,1380,3055,2047,2162,10338
2017,16,25,6,7,11,0,1,23,73,66,23,22,89,339,172,214,925,66,23,22,89,339,172,214,925,33,1,2,4,10,27,69,146,0,0,0,0,0,0,0,0,0,0,0,0,0,2,7,9,232,226,246,275,415,306,260,1960,703,676,1037,2672,5256,4013,4516,18873
2017,17,31,8,11,5,2,0,11,68,61,17,30,54,161,83,151,557,61,17,30,54,161,83,151,557,39,1,1,5,15,19,54,134,0,0,0,0,0,1,0,1,1,0,0,0,0,6,10,17,171,188,316,279,330,250,270,1804,608,595,1157,2358,4695,3829,4058,17300
2017,18,33,7,13,8,4,4,25,94,64,22,37,81,201,116,248,769,64,22,37,81,201,116,248,769,33,1,0,5,17,33,90,179,0,0,0,0,0,0,0,0,0,0,0,0,1,1,19,21,155,166,328,270,350,253,246,1768,691,614,1277,2532,5322,4023,4006,18465
2017,19,24,10,12,8,2,3,13,72,52,21,34,66,201,104,202,680,52,21,34,66,201,104,202,680,36,0,3,6,10,28,86,169,0,0,0,0,0,0,0,0,0,0,0,0,2,1,15,18,197,182,371,335,436,317,269,2107,775,726,1464,3160,5507,4135,4661,20428
2017,20,23,8,12,11,5,3,14,76,58,18,22,64,199,121,208,690,58,18,22,64,199,121,208,690,25,1,2,5,11,32,70,146,0,0,0,0,0,0,0,0,1,0,0,1,1,1,12,16,187,179,382,303,508,306,285,2150,1055,811,1597,2818,6068,4478,5278,22105
2017,21,26,11,12,11,3,3,14,80,68,21,30,64,182,68,173,606,68,21,30,64,182,68,173,606,20,1,3,5,17,18,48,112,0,0,0,0,1,0,0,1,0,0,0,1,1,1,10,13,161,195,316,313,402,256,275,1918,799,701,1225,2433,4439,3412,3660,16669
2017,22,57,22,26,27,70,2,24,228,71,28,39,72,252,138,276,876,71,28,39,72,252,138,276,876,26,1,1,6,19,31,81,165,0,0,0,0,0,1,0,1,2,0,0,0,1,2,23,28,291,250,527,486,458,280,359,2651,778,716,1372,2724,5915,4285,4629,20419
2017,23,71,14,26,29,79,4,15,238,86,22,34,67,198,91,199,697,86,22,34,67,198,91,199,697,26,2,1,5,13,30,53,130,0,0,0,0,1,1,0,2,0,0,0,0,1,5,13,19,312,247,508,416,544,323,335,2685,1026,792,1589,3234,6876,4764,4829,23110
2017,24,46,16,22,32,61,8,9,194,55,23,28,64,155,99,172,596,55,23,28,64,155,99,172,596,26,0,3,6,3,12,52,102,0,0,0,0,0,2,1,3,3,0,0,0,0,2,3,8,270,236,433,468,448,243,268,2366,1051,794,1371,2659,5359,3762,4293,19289
2017,25,46,8,15,26,59,5,21,180,63,11,21,63,198,95,214,665,63,11,21,63,198,95,214,665,26,1,4,10,14,19,64,138,0,0,0,0,0,1,0,1,0,0,0,0,1,6,12,19,292,226,383,403,352,241,254,2151,883,577,1109,2443,4538,3324,3398,16272
2017,26,0,1,1,0,3,6,26,37,3,2,3,18,89,94,236,445,3,2,3,18,89,94,236,445,1,0,0,4,15,9,76,105,0,0,0,0,0,0,0,0,0,0,0,0,0,5,22,27,135,112,168,187,348,214,255,1419,345,312,529,1473,3996,3014,3315,12984
2017,27,57,15,22,30,52,4,20,200,70,22,31,88,220,148,264,843,70,22,31,88,220,148,264,843,33,1,4,8,14,21,75,156,0,0,0,0,0,1,0,1,0,0,0,0,1,1,20,22,265,220,330,388,498,253,301,2255,649,554,1025,2638,5925,4338,4226,19355
2017,28,8,2,1,1,2,2,21,37,10,10,7,37,124,179,300,667,10,10,7,37,124,179,300,667,2,0,0,3,15,23,70,113,0,0,0,0,0,0,0,0,0,0,0,0,1,3,27,31,120,90,168,216,394,272,303,1563,498,410,819,2190,5575,4627,4749,18868
2017,29,46,12,17,29,53,8,33,198,64,14,22,71,195,117,249,732,64,14,22,71,195,117,249,732,28,1,2,2,17,18,67,135,0,0,0,1,0,0,0,1,2,1,0,1,1,1,13,19,220,206,365,535,484,327,303,2440,763,906,1144,2804,4978,3696,3895,18186
2017,30,43,8,15,29,66,10,27,198,63,12,22,74,189,118,244,722,63,12,22,74,189,118,244,722,28,1,0,6,8,13,76,132,0,0,0,0,0,1,0,1,2,0,0,3,0,4,18,27,271,242,399,664,613,367,339,2895,821,699,1273,3211,5887,4305,4599,20795
2017,31,43,10,17,36,63,5,9,183,60,13,22,69,179,90,142,575,60,13,22,69,179,90,142,575,36,3,3,4,13,23,60,142,0,0,0,0,0,0,0,0,2,0,1,1,0,1,9,14,261,211,386,701,695,423,382,3059,657,508,1061,2916,5448,3974,3783,18347
2017,32,47,14,20,38,54,4,41,218,65,18,29,81,210,118,249,770,65,18,29,81,210,118,249,770,34,2,1,8,9,18,65,137,0,0,0,0,0,0,0,0,2,0,0,0,1,1,30,34,247,260,481,774,651,423,506,3342,660,601,1252,3098,5741,4275,4709,20336
2017,33,49,8,22,41,74,7,16,217,71,11,27,74,182,100,146,611,71,11,27,74,182,100,146,611,33,1,0,7,7,17,43,108,0,0,0,0,0,0,0,0,0,0,0,0,0,5,8,13,246,223,455,742,609,391,370,3036,720,947,1319,2913,5302,3949,3882,19032
2017,34,34,7,17,29,70,5,30,192,48,10,21,72,197,120,235,703,48,10,21,72,197,120,235,703,19,3,3,6,11,30,72,144,0,0,0,0,1,1,0,2,1,0,0,1,1,7,12,22,242,238,490,770,695,506,538,3479,680,599,1363,3111,5641,4443,4850,20687
2017,35,28,15,17,38,69,5,18,190,47,18,35,67,196,111,178,652,47,18,35,67,196,111,178,652,24,0,4,3,4,11,57,103,0,0,0,0,0,1,3,4,0,0,0,0,0,3,7,10,233,190,450,682,823,471,397,3246,751,536,1245,3028,5996,4633,4725,20914
2017,36,35,17,17,31,67,3,16,186,57,23,25,67,188,86,144,590,57,23,25,67,188,86,144,590,27,3,4,8,7,12,54,115,0,0,0,0,0,0,1,1,0,1,0,1,1,2,11,16,186,186,382,571,653,349,366,2693,649,527,1216,2836,6318,4734,4990,21270
2017,37,36,8,15,23,67,6,20,175,55,12,23,68,202,102,180,642,55,12,23,68,202,102,180,642,26,2,1,7,6,17,58,117,0,0,0,0,0,1,1,2,1,0,0,1,0,3,10,15,185,181,382,550,601,307,342,2548,770,622,1293,3143,6628,4962,4987,22405
2017,38,43,10,23,32,63,8,30,209,63,12,32,75,193,111,191,677,63,12,32,75,193,111,191,677,35,2,3,9,10,18,39,116,0,0,0,0,1,0,0,1,0,0,0,1,2,2,10,15,234,197,451,495,555,338,294,2564,644,519,1179,2700,6006,4556,4781,20385
2017,39,33,11,20,31,66,9,17,187,51,18,23,68,204,97,197,658,51,18,23,68,204,97,197,658,29,3,1,13,12,12,48,118,0,0,0,0,0,0,0,0,4,0,0,1,1,4,12,22,238,234,447,527,570,236,353,2605,732,647,1429,2795,6009,4492,4931,21035
2017,40,30,8,15,36,59,7,16,171,48,8,26,68,183,106,180,619,48,8,26,68,183,106,180,619,31,2,1,14,6,23,58,135,0,0,0,0,0,0,0,0,2,0,1,0,1,1,11,16,338,134,369,445,528,264,292,2370,1007,534,1195,2740,5988,4106,4337,19907
2017,41,38,4,12,30,62,12,9,167,58,8,17,64,156,102,130,535,58,8,17,64,156,102,130,535,34,0,0,7,9,18,42,110,0,0,0,0,0,0,0,0,2,0,0,0,0,1,6,9,223,170,308,345,488,250,232,2016,1534,1417,1934,3101,5846,4604,4626,23062
2017,42,43,15,27,23,53,4,21,186,62,18,34,62,210,128,246,760,62,18,34,62,210,128,246,760,21,1,3,6,14,33,66,144,0,0,0,0,1,1,0,2,0,0,0,0,1,1,10,12,187,179,322,328,446,251,214,1927,630,547,1064,2448,5444,4338,4647,19118
2017,43,33,9,15,24,53,6,11,151,50,11,27,69,172,111,196,636,50,11,27,69,172,111,196,636,34,1,2,8,5,11,23,84,0,0,0,0,0,0,0,0,3,0,0,0,1,3,17,24,211,179,314,442,504,281,261,2192,773,612,1184,3244,6718,5061,5034,22626
2017,44,28,9,19,32,52,7,12,159,44,13,29,61,172,108,146,573,44,13,29,61,172,108,146,573,38,0,1,6,14,18,54,131,0,0,0,0,0,1,0,1,1,0,1,1,1,7,10,21,207,146,323,394,480,206,172,1928,625,477,911,2159,4947,3884,4228,17231
2017,45,28,7,18,32,41,7,13,146,47,14,23,76,160,107,169,596,47,14,23,76,160,107,169,596,24,0,2,9,10,15,46,106,0,0,0,0,0,0,0,0,1,0,0,0,2,3,11,17,156,137,255,343,392,211,213,1707,510,412,916,1988,4569,3619,3898,15912
2017,46,41,11,27,21,78,12,29,219,63,17,36,54,234,151,279,834,63,17,36,54,234,151,279,834,43,1,2,9,12,22,66,155,0,0,0,0,1,0,0,1,2,1,0,0,2,7,18,30,225,210,388,383,480,239,235,2160,764,583,1206,2508,5546,4277,4840,19724
2017,47,35,7,15,21,54,6,18,156,57,18,19,56,189,119,211,669,57,18,19,56,189,119,211,669,40,5,3,8,10,31,84,181,0,0,0,0,0,0,0,0,1,1,0,0,2,3,12,19,224,187,378,347,439,216,225,2016,631,589,1051,2350,5906,4575,5041,20143
2017,48,36,11,22,19,57,10,16,171,54,15,27,64,193,118,194,665,54,15,27,64,193,118,194,665,31,2,5,5,17,25,48,133,0,0,0,0,1,0,0,1,3,0,0,0,2,2,12,19,220,207,311,338,421,252,256,2005,786,676,1057,2419,5452,4519,4950,19859
2017,49,35,13,13,23,61,4,7,156,56,17,17,43,195,106,170,604,56,17,17,43,195,106,170,604,35,1,1,6,6,17,55,121,0,0,0,0,0,0,0,0,35,1,1,6,2,5,22,72,182,142,221,286,447,199,179,1656,579,421,800,1945,4564,3214,3725,15248
2017,50,39,16,14,26,56,3,12,166,64,22,20,66,199,89,183,643,64,22,20,66,199,89,183,643,38,1,0,4,10,36,79,168,0,0,0,0,0,0,0,0,1,0,0,0,1,3,18,23,192,169,240,269,375,178,115,1538,625,465,860,2442,4987,3761,3859,16999
2017,51,40,10,13,22,65,6,10,166,57,15,19,60,190,75,141,557,57,15,19,60,190,75,141,557,33,4,2,3,8,13,53,116,0,0,0,0,0,1,0,1,1,0,0,1,0,1,11,14,180,155,206,245,393,174,126,1479,673,419,751,2027,4391,3579,3325,15165
2017,52,24,6,15,16,62,4,18,145,45,10,20,59,191,94,175,594,45,10,20,59,191,94,175,594,33,1,4,3,7,19,71,138,0,0,0,0,0,0,0,0,0,0,0,0,0,2,15,17,154,146,180,178,210,117,99,1084,430,349,554,1209,2841,2051,2136,9570
2018,1,21,5,16,24,59,2,19,146,31,7,24,58,177,75,147,519,31,7,24,58,177,75,147,519,25,3,1,2,13,27,85,156,0,0,0,0,1,0,1,2,2,0,0,0,2,5,22,31,162,134,206,190,306,160,274,1432,461,317,613,1585,3392,2572,3391,12331
2018,2,34,7,11,27,64,7,13,163,50,14,15,70,208,102,200,659,50,14,15,70,208,102,200,659,26,1,2,4,10,33,94,170,0,0,0,0,0,0,0,0,0,0,0,2,3,2,14,21,225,163,225,335,503,291,376,2118,674,503,816,2074,4755,4067,4754,17643
2018,3,30,11,10,16,47,5,15,134,50,15,16,51,190,100,177,599,50,15,16,51,190,100,177,599,31,2,4,3,17,27,75,159,0,0,0,0,0,0,0,0,0,0,1,0,0,0,13,14,167,148,190,291,398,247,290,1731,601,497,1015,2610,5181,4415,4668,18987
2018,4,47,15,22,27,103,21,13,248,69,18,29,62,224,125,188,715,69,18,29,62,224,125,188,715,30,5,1,3,8,25,73,145,0,0,0,0,0,0,0,0,2,1,1,1,1,1,10,17,197,148,201,280,349,233,277,1685,585,459,1231,2427,5443,5027,5477,20649
2018,5,26,9,16,32,56,6,26,171,51,18,25,78,215,129,211,727,51,18,25,78,215,129,211,727,25,1,1,9,12,24,54,126,0,0,0,0,0,0,0,0,0,1,0,0,0,2,18,21,158,108,197,297,371,178,234,1543,548,455,958,2295,4926,4460,4883,18525
2018,6,25,11,6,25,55,8,12,142,50,17,16,62,199,119,250,713,50,17,16,62,199,119,250,713,35,2,1,5,13,23,67,146,0,0,0,0,0,0,1,1,3,1,0,0,0,4,14,22,177,154,259,298,407,217,197,1709,557,484,918,2753,5623,4885,5111,20331
2018,7,28,8,29,30,50,8,14,167,49,11,34,75,175,136,232,712,49,11,34,75,175,136,232,712,22,3,4,3,7,29,56,124,0,0,0,0,0,0,1,1,0,0,0,1,0,1,19,21,184,171,368,344,458,238,217,1980,554,471,990,2493,5839,4393,4790,19530
2018,8,18,4,27,40,60,7,16,172,28,7,36,76,179,105,188,619,28,7,36,76,179,105,188,619,20,0,3,8,9,28,59,127,0,0,0,0,1,0,0,1,1,0,0,0,1,1,11,14,214,219,435,406,566,242,233,2315,770,670,1301,2899,6637,5082,5410,22769
2018,9,31,6,22,33,65,7,18,182,52,8,32,81,214,156,237,780,52,8,32,81,214,156,237,780,28,1,2,3,10,20,86,150,0,0,0,0,0,0,0,0,2,0,0,1,0,1,21,25,379,282,826,564,676,326,404,3457,946,720,1789,3085,6494,4794,5767,23595
2018,10,34,11,21,29,62,6,12,175,42,15,24,74,193,127,218,693,42,15,24,74,193,127,218,693,24,3,3,10,13,19,67,139,0,0,0,0,1,0,0,1,1,0,0,2,2,2,14,21,241,211,433,420,542,294,297,2438,869,601,1313,2781,6238,5207,5998,23007
2018,11,42,13,16,33,62,6,10,182,55,16,21,63,186,94,191,626,55,16,21,63,186,94,191,626,28,4,2,4,15,32,54,139,0,0,0,0,0,0,0,0,1,0,0,1,2,1,11,16,242,196,414,352,412,214,131,1961,884,587,1182,2527,5632,4181,3878,18871
2018,12,37,9,7,26,38,5,12,134,49,10,11,51,144,85,169,519,49,10,11,51,144,85,169,519,20,2,4,4,9,26,100,165,0,0,0,0,0,0,0,0,0,1,1,0,1,3,14,20,217,170,402,324,490,236,217,2056,539,439,1185,1981,4993,3618,4216,16971
2018,13,35,11,22,22,62,3,25,180,49,13,30,52,210,99,238,691,49,13,30,52,210,99,238,691,35,0,2,2,8,34,118,199,0,0,0,0,0,0,0,0,3,0,0,2,0,2,12,19,251,211,432,301,366,206,246,2013,562,488,999,1931,4047,3392,4107,15526
2018,14,35,10,18,40,68,7,20,198,50,15,24,78,195,96,193,651,50,15,24,78,195,96,193,651,34,4,2,6,13,22,95,176,0,0,0,0,1,0,0,1,2,0,0,0,3,4,8,17,228,172,288,267,394,210,159,1718,669,567,1121,2350,5839,5054,5070,20670
2018,15,40,11,26,32,60,3,12,184,55,17,31,74,190,129,179,675,55,17,31,74,190,129,179,675,21,0,3,7,19,29,100,179,0,0,0,0,1,1,0,2,0,0,1,0,1,1,10,13,240,235,382,396,486,293,252,2284,620,635,1147,2719,5562,5058,4566,20307
2018,16,43,14,27,31,59,6,15,195,58,16,30,69,192,103,174,642,58,16,30,69,192,103,174,642,36,1,3,3,24,40,95,202,0,0,0,0,1,1,0,2,3,0,0,0,1,2,7,13,329,247,535,466,530,334,355,2796,893,804,1559,3073,6985,5415,5436,24165
2018,17,34,12,17,32,59,10,21,185,51,14,21,70,202,97,181,636,51,14,21,70,202,97,181,636,32,0,2,5,18,37,91,185,0,0,0,0,1,0,0,1,3,0,0,0,1,3,9,16,260,285,479,501,406,233,158,2322,636,582,1353,2524,5170,4429,4131,18825
2018,18,29,10,24,40,67,9,9,188,46,11,25,82,193,98,161,616,46,11,25,82,193,98,161,616,32,1,1,4,10,29,96,173,0,0,0,0,0,0,0,0,2,0,0,0,0,2,17,21,265,271,620,507,628,274,293,2858,670,618,1368,2592,5349,4136,3990,18723
2018,19,36,11,24,32,67,2,11,183,50,12,27,70,159,71,117,506,50,12,27,70,159,71,117,506,30,2,3,3,11,16,50,115,0,0,0,0,0,0,0,0,1,0,0,1,1,2,10,15,184,162,373,373,407,171,117,1787,717,624,1163,2366,5130,4114,3615,17729
2018,20,40,10,19,29,56,15,29,198,50,11,25,62,200,126,209,683,50,11,25,62,200,126,209,683,27,2,2,15,19,34,90,189,0,0,0,0,0,0,0,0,1,0,0,1,1,4,13,20,511,207,554,573,524,419,408,3196,927,563,1483,2799,5083,4448,4725,20028
2018,21,39,10,19,35,53,4,11,171,51,13,23,84,177,129,171,648,51,13,23,84,177,129,171,648,30,1,0,11,17,27,89,175,0,0,0,0,0,0,0,0,0,0,0,1,0,0,12,13,312,415,665,592,781,537,483,3785,681,864,1479,3073,6259,4968,5139,22463
2018,22,53,8,26,39,62,5,17,210,64,9,31,70,178,93,139,584,64,9,31,70,178,93,139,584,31,2,2,9,7,25,63,139,0,0,0,0,0,0,0,0,0,1,0,0,0,0,11,12,199,181,480,488,383,224,162,2117,660,593,1415,2754,4909,4829,5143,20303
2018,23,47,13,26,35,64,5,27,217,62,13,29,69,160,98,152,583,62,13,29,69,160,98,152,583,27,2,2,5,7,22,85,150,0,0,0,0,0,0,0,0,0,0,0,0,0,2,13,15,234,257,530,535,390,225,156,2327,549,559,1173,2155,4207,3706,3425,15774
2018,24,53,12,34,27,62,8,25,221,63,13,39,66,187,150,235,753,63,13,39,66,187,150,235,753,22,0,2,6,15,28,78,151,0,0,0,0,0,2,0,2,2,0,0,0,0,5,23,30,436,258,645,549,681,547,307,3423,830,516,1292,2525,5753,4804,4629,20349
2018,25,40,12,18,26,48,6,23,173,52,17,19,60,182,102,170,602,52,17,19,60,182,102,170,602,28,4,6,5,17,20,68,148,0,0,0,0,0,0,1,1,0,0,0,0,0,3,9,12,522,275,616,542,698,546,525,3724,933,600,1469,2866,5997,5402,5317,22584
2018,26,47,13,23,34,46,9,9,181,50,16,28,61,134,51,58,398,50,16,28,61,134,51,58,398,31,1,4,7,8,13,31,95,0,0,0,0,0,0,0,0,1,0,0,0,0,1,6,8,244,177,337,348,423,251,179,1959,657,556,973,6785,4604,3864,3600,21039
2018,27,37,9,16,32,62,8,18,182,58,9,17,63,183,113,181,624,58,9,17,63,183,113,181,624,26,0,3,5,11,23,59,127,0,0,0,0,0,0,0,0,2,0,0,1,0,3,11,17,413,234,358,442,676,408,500,3031,1078,516,1040,2453,5169,7459,5112,22827
2018,28,0,0,0,1,3,1,17,22,0,0,0,21,72,78,161,332,0,0,0,21,72,78,161,332,0,0,0,2,13,25,42,82,0,0,0,0,0,0,0,0,0,0,0,0,1,1,11,13,325,164,312,309,571,467,457,2605,778,521,1037,2563,5521,5194,6116,21730
2018,29,39,11,19,35,57,7,14,182,54,14,30,81,175,122,159,635,54,14,30,81,175,122,159,635,25,1,0,5,11,20,51,113,1,0,0,0,0,0,0,1,2,0,1,0,1,1,8,13,484,242,535,501,579,346,329,3016,1124,567,1390,2581,5082,4138,4707,19589
2018,30,40,9,13,25,56,4,18,165,59,11,20,65,143,91,141,530,59,11,20,65,143,91,141,530,35,2,1,7,13,27,46,131,0,0,0,0,1,0,0,1,2,0,0,0,1,3,10,16,439,199,505,462,580,415,452,3052,882,573,1359,2727,4487,4529,4896,19453
2018,31,32,12,20,35,61,6,11,177,46,17,24,60,142,105,171,565,46,17,24,60,142,105,171,565,25,1,3,7,16,40,74,166,0,0,0,0,0,0,0,0,2,1,0,0,0,1,7,11,189,155,362,430,446,281,292,2155,690,459,1051,2502,4712,3874,4815,18103
2018,32,43,13,16,28,70,4,24,198,58,17,20,71,205,102,192,665,58,17,20,71,205,102,192,665,22,2,0,11,8,31,79,153,0,0,0,0,0,0,0,0,2,1,0,0,0,0,10,13,371,226,413,523,562,282,257,2634,868,597,1156,2791,5639,4301,5116,20468
2018,33,43,14,15,38,67,5,17,199,58,16,21,76,170,86,130,557,58,16,21,76,170,86,130,557,31,1,0,9,6,19,57,123,0,0,0,0,0,0,0,0,1,1,0,0,0,0,6,8,473,224,529,534,634,357,302,3053,997,499,1162,2519,5263,4108,4575,19123
2018,34,54,6,31,38,64,12,41,246,76,9,50,116,257,214,407,1129,76,9,50,116,257,214,407,1129,45,0,3,5,13,51,95,212,0,0,0,0,1,4,1,6,2,0,0,3,2,13,35,55,249,177,363,457,569,321,412,2548,794,634,1358,3141,6103,5342,7362,24734
2018,35,58,10,14,42,54,7,16,201,83,13,18,81,156,96,180,627,83,13,18,81,156,96,180,627,47,0,1,9,11,25,71,164,0,0,0,0,0,0,0,0,2,0,0,0,1,10,1,14,295,214,417,524,546,447,412,2855,794,859,1449,2794,5655,5007,5847,22405
2018,36,42,9,12,40,76,6,23,208,58,12,18,81,190,96,174,629,58,12,18,81,190,96,174,629,32,3,1,8,14,23,61,142,0,0,0,0,0,3,0,3,2,0,0,0,0,7,11,20,217,197,400,442,575,275,246,2352,673,575,1461,2696,5373,4707,5904,21389
2018,37,43,15,13,36,69,7,25,208,58,20,19,88,212,123,216,736,58,20,19,88,212,123,216,736,38,0,3,6,10,26,52,135,0,0,0,0,0,0,0,0,1,0,0,0,1,1,11,14,306,206,434,503,580,341,282,2652,849,558,1253,3065,6709,5776,6715,24925
2018,38,53,6,16,30,66,8,2,181,69,8,22,50,131,38,33,351,69,8,22,50,131,38,33,351,41,0,0,6,3,6,5,61,1,0,0,0,0,0,0,1,1,0,0,0,1,0,1,3,219,164,429,538,633,324,285,2592,922,762,1461,3210,7614,5729,6143,25841
2018,39,33,9,17,42,65,10,16,192,47,15,23,85,173,107,145,595,47,15,23,85,173,107,145,595,30,2,3,8,7,30,59,139,0,0,0,0,0,0,0,0,1,0,0,0,0,0,9,10,220,186,372,466,500,282,213,2239,930,830,1412,3232,6554,5837,5488,24283
2018,40,35,7,22,37,66,5,20,192,49,10,29,80,181,135,179,663,49,10,29,80,181,135,179,663,21,2,4,7,10,25,53,122,0,0,0,0,0,1,0,1,0,0,1,0,1,3,12,17,208,161,356,437,509,258,277,2206,776,761,1226,3230,7320,5964,6981,26258
2018,41,30,15,19,27,75,1,10,177,41,18,23,56,172,79,114,503,41,18,23,56,172,79,114,503,25,0,3,7,11,23,51,120,0,0,0,0,0,0,0,0,0,0,0,1,0,0,10,11,187,179,307,369,420,244,197,1903,618,538,1076,2669,5736,4906,5015,20558
2018,42,42,10,17,42,68,5,11,195,61,13,27,82,169,84,112,548,61,13,27,82,169,84,112,548,37,0,2,6,13,25,70,153,0,0,0,0,0,2,0,2,1,0,0,1,0,2,11,15,211,157,327,431,500,277,331,2234,823,798,1462,3510,7845,7135,8603,30176
2018,43,38,10,22,47,77,1,23,218,50,13,28,88,177,94,161,611,50,13,28,88,177,94,161,611,31,1,2,8,13,18,58,131,0,0,0,0,0,1,0,1,1,0,0,0,0,2,10,13,243,172,271,510,553,326,283,2358,818,667,1384,3129,7863,6282,6987,27130
2018,44,39,9,13,34,71,8,13,187,53,11,18,66,174,81,160,563,53,11,18,66,174,81,160,563,28,8,13,23,40,65,61,238,0,0,0,0,0,0,0,0,0,0,0,1,0,1,19,21,192,151,267,387,354,213,165,1729,561,488,840,2170,4296,3671,4184,16210
2018,45,43,12,14,26,82,11,18,206,56,17,17,74,214,90,161,629,56,17,17,74,214,90,161,629,30,2,1,7,5,12,32,89,0,0,0,0,0,0,0,0,0,1,0,2,1,0,20,24,1243,147,318,427,465,251,225,3076,2243,336,795,1819,3805,3076,3767,15841
2018,46,55,9,18,37,85,10,24,238,67,13,24,90,232,115,214,755,67,13,24,90,232,115,214,755,28,1,3,13,22,34,73,174,0,0,0,0,1,1,0,2,2,0,0,0,3,2,17,24,221,169,383,500,598,311,406,2588,722,550,1153,2854,6845,5292,6530,23946
2018,47,32,12,15,26,73,7,13,178,59,15,32,84,260,126,224,800,59,15,32,84,260,126,224,800,28,0,1,4,9,31,75,148,0,0,0,0,0,2,4,6,1,0,0,0,1,6,25,33,247,192,349,478,663,345,356,2630,796,635,1222,2783,6794,5649,6588,24467
2018,48,31,5,17,26,64,7,32,182,47,8,24,87,244,158,265,833,47,8,24,87,244,158,265,833,24,1,1,8,17,29,76,156,0,0,0,0,0,0,1,1,6,0,0,1,0,1,23,31,218,182,347,397,541,403,374,2462,1272,1107,1639,3569,7662,6494,7080,28823
2018,49,36,6,18,30,46,1,7,144,67,10,24,82,232,107,201,723,67,10,24,82,232,107,201,723,26,1,1,7,10,20,64,129,0,0,0,0,0,0,0,0,1,1,0,2,2,5,24,35,234,206,334,382,661,350,380,2547,1095,1009,1628,3428,7677,6079,6808,27724
2018,50,44,12,12,29,76,7,23,203,59,15,20,68,205,119,218,704,59,15,20,68,205,119,218,704,32,2,2,8,17,21,70,152,0,0,0,0,0,3,2,5,7,1,0,0,0,5,22,35,266,224,295,386,769,435,441,2816,1300,1192,1687,3449,7641,6211,7149,28629
2018,51,29,4,14,37,57,5,7,153,45,11,22,69,193,101,154,595,45,11,22,69,193,101,154,595,29,3,5,10,8,12,38,105,0,0,0,0,0,0,1,1,5,0,0,0,2,1,13,21,168,117,193,284,433,229,259,1683,761,327,646,1882,4269,3468,4215,15568
2018,52,38,6,17,18,67,3,23,172,69,9,26,48,222,92,154,620,69,9,26,48,222,92,154,620,38,1,4,6,22,19,65,155,0,0,0,0,1,0,2,3,2,0,0,1,3,3,20,29,229,166,223,334,536,330,317,2135,762,596,995,2591,6615,4787,5459,21805
2019,1,37,2,18,28,67,4,23,178,53,7,24,71,251,119,137,662,53,7,24,71,251,119,137,662,35,0,4,10,9,14,45,117,0,0,0,0,0,0,2,2,0,0,1,0,2,3,12,18,103,77,263,339,567,301,345,1995,1066,949,1321,2611,5884,4599,4621,21051
2019,2,25,15,18,26,56,10,23,173,53,18,29,67,270,151,209,797,53,18,29,67,270,151,209,797,26,4,1,7,7,25,61,131,0,0,0,0,0,0,2,2,0,0,0,0,0,6,13,19,259,232,300,375,643,457,482,2748,1226,1097,1726,3641,8050,6585,6869,29194
2019,3,34,7,14,36,77,11,10,189,64,13,27,79,240,106,104,633,64,13,27,79,240,106,104,633,41,2,1,5,7,15,23,94,0,0,0,0,0,1,2,3,3,0,0,1,0,1,12,17,222,163,258,351,556,372,347,2269,1245,1271,1826,5379,9358,7059,7532,33670
2019,4,39,8,24,42,67,3,18,201,65,13,30,89,269,118,170,754,65,13,30,89,269,118,170,754,50,0,2,8,9,25,53,147,0,0,0,0,0,2,6,8,2,0,0,0,0,5,16,23,218,158,216,316,493,323,338,2062,1485,1375,2090,4005,8199,7239,7637,32030
2019,5,42,6,20,40,65,14,12,199,76,11,29,88,276,138,160,778,76,11,29,88,276,138,160,778,62,24,36,87,216,169,179,773,0,0,0,0,1,1,3,5,3,0,0,1,2,3,17,26,159,141,192,278,427,243,229,1669,1325,1284,2084,4005,7989,7000,6600,30287
2019,6,41,6,15,34,59,5,13,173,66,13,26,92,248,133,212,790,66,13,26,92,248,133,212,790,38,4,1,5,14,27,63,152,0,0,0,0,0,1,1,2,1,0,1,1,0,5,17,25,192,154,240,328,567,267,263,2011,1558,1434,2077,3815,10149,7730,6212,32975
2019,7,32,7,26,43,73,8,18,207,48,26,40,91,271,126,174,776,48,26,40,91,271,126,174,776,39,1,0,9,2,19,60,130,0,0,0,0,0,0,0,0,1,0,0,0,0,3,8,12,203,217,400,352,446,255,177,2050,1600,1480,2337,3898,7587,6671,6786,30359
2019,8,31,11,20,36,77,5,9,189,60,14,34,84,258,142,166,758,60,14,34,84,258,142,166,758,40,1,2,7,10,22,47,129,0,0,0,0,0,0,2,2,3,0,0,1,1,4,17,26,231,230,476,408,570,305,220,2440,1730,1804,2397,4508,9481,8251,8188,36359
2019,9,1,2,0,0,2,5,17,27,16,2,4,15,106,105,181,429,16,2,4,15,106,105,181,429,4,1,0,1,13,15,48,82,0,0,0,0,0,0,0,0,0,0,0,0,0,3,10,13,154,151,332,274,484,296,291,1982,1748,1568,2344,4538,9377,8259,8798,36632
2019,10,34,14,21,33,78,5,10,195,68,21,28,79,248,127,148,719,68,21,28,79,248,127,148,719,51,0,1,6,12,24,66,160,0,0,0,0,1,1,0,2,2,0,0,0,1,2,14,19,318,191,508,512,705,380,295,2909,1868,1754,2783,5096,9855,9022,9393,39771
2019,11,36,14,22,33,60,8,7,180,73,18,27,81,253,118,193,763,73,18,27,81,253,118,193,763,50,2,1,11,10,20,63,157,0,0,0,0,1,0,0,1,1,0,0,2,1,3,18,25,312,273,650,445,647,362,337,3026,2557,2423,3537,5685,11041,9512,10221,44976
2019,12,27,9,17,32,64,2,4,155,51,12,28,71,188,44,53,447,51,12,28,71,188,44,53,447,29,2,1,8,6,8,14,68,0,0,0,0,0,0,0,0,2,0,1,0,0,1,5,9,214,220,419,392,523,258,205,2231,943,788,1471,3243,7321,6583,6802,27151
2019,13,29,10,20,32,51,6,14,162,56,14,30,81,260,146,196,783,56,14,30,81,260,146,196,783,26,0,1,8,14,28,51,128,0,0,0,0,0,1,0,1,2,0,0,1,0,6,23,32,262,245,533,421,592,368,272,2693,895,903,1698,3093,6889,5456,5704,24638
2019,14,35,13,23,29,60,9,11,180,61,17,33,79,251,110,155,706,61,17,33,79,251,110,155,706,26,1,2,14,56,60,113,272,0,0,0,0,0,1,1,2,2,0,0,0,0,1,8,11,301,242,523,459,651,362,282,2820,1016,913,1794,3806,8570,7156,8012,31267
2019,15,41,14,19,26,60,4,11,175,63,19,33,78,221,123,166,703,63,19,33,78,221,123,166,703,40,0,2,8,8,29,62,149,0,0,0,0,0,1,0,1,1,0,1,0,0,1,11,14,288,249,532,433,596,308,305,2711,1072,949,1861,3548,7727,6480,7170,28807
2019,16,28,10,12,30,48,5,21,154,67,11,23,75,215,99,166,656,67,11,23,75,215,99,166,656,42,1,2,11,11,19,61,147,0,0,0,0,0,0,0,0,1,0,0,0,0,0,11,12,247,230,367,361,432,230,240,2107,1328,1265,1867,3580,6715,5379,5748,25882
2019,17,33,9,19,36,66,4,17,184,62,10,28,69,245,125,192,731,62,10,28,69,245,125,192,731,29,0,2,10,12,27,115,195,0,0,0,0,0,0,1,1,1,0,0,0,0,2,11,14,293,252,357,401,719,337,277,2636,1662,1647,2169,4487,17598,7452,7811,42826
2019,18,24,6,23,35,64,5,12,169,51,13,34,82,216,121,165,682,51,13,34,82,216,121,165,682,25,0,3,12,10,29,57,136,0,0,0,0,0,0,0,0,0,0,0,0,0,2,14,16,269,212,417,430,509,246,271,2354,1660,1536,2228,4076,8570,7075,7574,32719
2019,19,33,9,12,41,59,4,13,171,67,13,23,86,225,123,199,736,67,13,23,86,225,123,199,736,36,1,2,7,4,24,66,140,0,0,0,0,0,0,0,0,0,0,0,0,1,1,18,20,239,238,420,558,698,337,316,2806,943,921,1710,4267,11522,7839,8116,35318
2019,20,38,7,17,38,50,2,13,165,66,10,28,84,218,142,193,741,66,10,28,84,218,142,193,741,43,3,6,5,10,27,66,160,0,0,0,0,0,0,0,0,1,0,0,0,2,1,8,12,230,197,435,451,469,259,231,2272,1544,1320,2209,4065,8161,6849,7737,31885
2019,21,33,9,19,34,42,7,20,164,56,11,25,80,202,140,200,714,56,11,25,80,202,140,200,714,30,1,6,7,12,24,72,152,0,0,0,0,0,0,0,0,3,0,0,0,1,1,16,21,288,247,516,486,668,332,301,2838,1013,944,1870,4162,9049,7676,7927,32641
2019,22,3,1,1,0,2,7,30,44,12,3,4,19,192,206,326,762,12,3,4,19,192,206,326,762,10,0,0,3,16,36,120,185,0,0,0,0,0,0,0,0,0,0,0,0,1,1,6,8,112,114,235,200,425,241,188,1515,1196,1120,1718,3786,7894,7174,7482,30370
2019,23,42,11,19,39,36,7,17,171,74,14,28,87,246,147,228,824,74,14,28,87,246,147,228,824,41,1,5,6,9,21,77,160,0,0,0,0,0,0,0,0,3,1,0,1,0,2,9,16,328,263,536,504,566,324,317,2838,1181,1007,2137,3936,8655,6871,7855,31642
2019,24,46,16,18,28,49,11,14,182,70,20,30,76,228,130,221,775,70,20,30,76,228,130,221,775,30,0,6,2,13,25,67,143,0,0,0,0,0,0,0,0,1,0,0,0,0,4,15,20,326,252,576,544,679,402,361,3140,1898,1823,2817,5154,10563,9142,9251,40648
2019,25,43,17,22,29,58,13,17,199,72,22,30,74,208,80,142,628,72,22,30,74,208,80,142,628,47,0,3,4,10,24,44,132,0,0,0,0,0,0,1,1,3,0,0,0,0,2,14,19,302,262,522,525,664,362,277,2914,1060,1257,1818,4763,9339,7343,7545,33125
2019,26,50,12,30,42,61,7,18,220,77,14,44,79,214,99,161,688,77,14,44,79,214,99,161,688,44,0,2,7,8,24,46,131,0,0,0,0,0,0,0,0,2,0,0,0,0,2,18,22,366,265,456,544,801,451,427,3310,1529,903,1612,4389,8222,6654,7077,30386
2019,27,45,13,18,26,55,11,25,193,82,19,33,83,263,162,202,844,82,19,33,83,263,162,202,844,42,0,4,4,9,7,33,99,0,0,0,0,1,0,0,1,2,1,0,1,2,1,24,31,339,254,453,477,928,550,527,3528,1133,1023,1848,4540,10069,7978,8258,34849
2019,28,34,15,28,46,65,14,14,216,62,21,42,104,239,150,187,805,62,21,42,104,239,150,187,805,35,0,2,5,17,22,79,160,0,0,0,0,1,0,1,2,1,0,0,0,1,1,17,20,299,222,455,575,866,567,459,3443,1130,1362,2274,4782,10384,9442,9405,38779
2019,29,44,19,10,38,76,5,30,222,70,29,24,97,266,147,186,819,70,29,24,97,266,147,186,819,51,1,0,12,13,33,78,188,0,0,0,0,0,3,0,3,1,1,0,0,1,5,17,25,251,204,545,668,824,487,485,3464,1033,909,1962,5092,10609,8635,7756,35996
2019,30,56,14,24,42,70,11,26,243,82,18,36,119,242,151,197,845,82,18,36,119,242,151,197,845,44,5,2,9,13,31,68,172,0,0,0,0,1,0,1,2,0,1,0,0,2,0,24,27,311,251,584,809,940,570,443,3908,919,1175,2225,5188,9571,8442,8628,36148
2019,31,45,15,27,57,76,12,17,249,78,19,37,103,267,126,200,830,78,19,37,103,267,126,200,830,57,3,3,11,11,31,79,195,0,0,0,0,0,1,2,3,1,0,0,3,0,3,17,24,251,234,583,774,970,445,349,3606,1185,876,1847,4966,9778,8274,8089,35015
2019,32,61,18,25,33,65,3,17,222,85,20,41,69,206,90,120,631,85,20,41,69,206,90,120,631,36,0,5,10,10,13,50,124,0,0,0,0,0,0,1,1,2,0,0,0,1,2,16,21,244,231,512,740,744,382,374,3227,906,1056,2006,4629,9325,7281,7925,33128
2019,33,49,14,22,39,57,5,17,203,74,17,31,78,200,114,151,665,74,17,31,78,200,114,151,665,39,4,6,3,11,25,55,143,0,0,0,0,0,0,1,1,1,1,0,0,0,2,10,14,225,214,424,646,626,362,253,2750,1188,788,1578,4061,9171,7801,7763,32350
2019,34,44,12,17,38,57,5,26,199,82,18,30,93,262,157,243,885,82,18,30,93,262,157,243,885,47,5,3,8,13,41,74,191,0,0,0,0,0,3,0,3,2,0,0,0,1,6,13,22,222,190,447,640,699,353,405,2956,1309,1244,2136,5006,8776,7673,7492,33636
2019,35,30,8,21,34,61,9,25,188,56,10,33,90,223,152,203,767,56,10,33,90,223,152,203,767,42,5,2,7,12,30,76,174,0,0,0,0,2,0,1,3,1,0,0,0,2,4,16,23,264,238,475,689,673,346,386,3071,906,825,1995,4306,8602,6313,7413,30360
2019,36,30,7,18,47,79,10,19,210,70,11,29,107,266,137,202,822,70,11,29,107,266,137,202,822,29,3,3,11,36,28,73,183,0,0,0,0,1,2,1,4,0,0,1,1,3,5,24,34,293,223,554,757,833,421,348,3429,1317,804,1993,5718,10035,6903,8396,35166
2019,37,1,0,2,2,1,2,21,29,13,2,4,23,142,123,207,514,13,2,4,23,142,123,207,514,11,1,0,5,19,36,65,137,0,0,0,0,0,0,0,0,0,0,0,0,1,4,18,23,112,117,271,377,587,312,325,2101,572,586,1849,4210,9697,8432,8531,33877
2019,38,40,10,14,38,69,7,22,200,65,13,23,93,238,142,210,784,65,13,23,93,238,142,210,784,39,8,1,11,14,45,82,200,0,0,0,0,0,0,0,0,1,0,1,2,0,1,17,22,231,191,423,612,717,314,326,2814,787,979,1437,4252,8649,7055,7607,30766
2019,39,45,8,19,44,57,8,12,193,80,10,25,95,256,127,200,793,80,10,25,95,256,127,200,793,51,0,3,11,20,33,73,191,0,0,0,0,1,0,0,1,0,0,1,1,2,5,18,27,253,268,489,695,698,401,389,3193,930,849,1756,5133,9877,8176,8123,34844
2019,40,39,7,26,43,71,10,34,230,65,9,33,95,324,196,335,1057,65,9,33,95,324,196,335,1057,50,0,4,10,32,43,133,272,0,0,0,0,0,0,1,1,0,0,0,0,0,3,18,21,257,249,502,680,793,356,294,3131,877,812,2131,4505,8972,7165,6754,31216
2019,41,49,11,20,38,58,5,10,191,76,17,30,92,194,98,156,663,76,17,30,92,194,98,156,663,35,0,4,11,14,24,45,133,0,0,0,0,0,0,1,1,2,0,0,1,0,0,13,16,237,219,381,533,509,261,182,2322,1285,1274,1983,4741,9192,7790,6831,33096
2019,42,38,15,16,41,60,11,22,203,64,18,26,103,270,175,269,925,64,18,26,103,270,175,269,925,23,1,3,11,19,31,90,178,1,0,0,0,0,0,2,3,4,0,0,1,1,6,25,37,256,231,471,571,786,385,404,3104,914,1227,1979,4394,8568,7519,7529,32130
2019,43,38,12,25,42,52,1,4,174,57,17,34,71,179,70,83,511,57,17,34,71,179,70,83,511,36,3,2,8,9,7,23,88,0,0,0,0,0,0,0,0,1,0,0,1,1,1,4,8,259,232,452,723,809,414,331,3220,866,746,1561,4218,9680,7646,7768,32485
2019,44,34,13,24,47,57,7,14,196,64,16,30,80,204,142,232,768,64,16,30,80,204,142,232,768,32,1,2,7,18,31,94,185,0,0,0,0,0,0,1,1,2,1,0,0,1,4,13,21,227,203,426,680,613,280,242,2671,894,741,1472,4344,9227,7786,7797,32261
2019,45,26,8,20,51,46,10,15,176,46,12,24,92,217,123,200,714,46,12,24,92,217,123,200,714,24,0,3,9,21,43,58,158,0,0,0,0,1,0,0,1,3,0,0,0,4,4,11,22,233,230,424,724,646,322,281,2860,1102,1148,1703,3315,6561,5288,6279,25396
2019,46,32,11,26,45,51,12,22,199,65,14,43,100,247,167,284,920,65,14,43,100,247,167,284,920,35,1,2,6,9,28,98,179,0,0,0,0,1,2,2,5,2,0,0,0,3,4,29,38,263,249,503,878,803,359,326,3381,1093,1031,2423,4783,10320,8004,8880,36534
2019,47,37,14,19,42,64,8,17,201,53,22,34,99,235,150,222,815,53,22,34,99,235,150,222,815,33,3,2,5,14,36,91,184,0,0,0,0,0,0,0,0,1,0,0,0,0,4,14,19,251,197,451,675,737,316,347,2974,1020,994,2713,4681,10606,8004,10027,38045
2019,48,26,13,23,55,54,4,6,181,49,17,31,84,192,56,74,503,49,17,31,84,192,56,74,503,43,2,3,3,10,6,26,93,0,0,0,1,0,0,0,1,0,0,0,1,0,4,3,8,340,175,518,670,824,434,352,3313,1277,1173,2005,4161,9525,7845,8499,34485
2019,49,129,41,82,201,237,21,14,725,184,52,122,312,502,155,213,1540,184,52,122,312,502,155,213,1540,95,8,11,24,23,34,89,284,0,0,0,1,2,3,1,7,3,0,0,1,2,8,21,35,703,650,1263,1853,1008,414,399,6290,2323,1776,3627,6761,11403,8887,9461,44238
2019,50,33,12,29,44,56,6,26,206,58,14,41,81,240,125,217,776,58,14,41,81,240,125,217,776,33,0,1,10,15,26,78,163,0,0,0,0,0,2,0,2,1,0,0,2,1,2,15,21,208,178,290,404,574,239,240,2133,627,601,1618,3053,7800,6898,13042,33639
2019,51,0,0,0,0,0,0,0,0,0,0,0,0,0,0,0,0,0,0,0,0,0,0,0,0,0,0,0,0,0,0,0,0,0,0,0,0,0,0,0,0,0,0,0,0,0,0,0,0,6,7,12,17,22,19,16,99,14,18,29,152,112,124,111,560
2019,52,33,8,12,29,31,6,31,150,51,9,19,67,231,134,262,773,51,9,19,67,231,134,262,773,22,0,0,12,20,32,95,181,0,0,0,0,1,0,1,2,0,1,0,0,3,3,28,35,213,140,216,291,424,206,290,1780,752,652,948,1972,4412,3296,4486,16518
2020,1,41,10,16,41,53,7,19,187,66,14,23,110,290,166,244,913,66,14,23,110,290,166,244,913,29,0,1,7,12,27,72,148,0,0,0,0,1,0,1,2,1,0,0,1,3,2,21,28,216,181,258,311,498,264,356,2084,1300,1233,1982,7732,11221,8222,9079,40769
2020,2,50,13,24,49,67,9,32,244,104,19,47,117,420,167,244,1118,104,19,47,117,420,167,244,1118,42,2,3,7,12,30,95,191,0,0,0,0,0,2,0,2,1,0,0,1,0,9,22,33,319,254,394,578,752,480,596,3373,1257,1603,2353,5037,10189,8701,9760,38900
2020,3,47,15,14,42,47,5,24,194,78,21,28,113,279,229,289,1037,78,21,28,113,279,229,289,1037,51,2,0,6,13,28,92,192,0,0,0,0,0,2,1,3,3,0,0,0,1,4,15,23,277,268,306,566,675,441,504,3037,1874,1884,2943,6076,11394,9323,10498,43992
2020,4,35,9,19,42,56,64,10,235,59,12,31,81,234,127,223,767,59,12,31,81,234,127,223,767,46,1,1,7,19,35,82,191,0,0,0,0,0,0,1,1,0,0,0,0,2,6,15,23,232,234,261,457,553,325,391,2453,1686,1570,2491,5399,11024,9700,10968,42838
2020,5,32,12,15,59,57,7,26,208,61,22,29,120,285,173,310,1000,61,22,29,120,285,173,310,1000,35,1,2,9,17,20,84,168,0,0,0,0,0,1,4,5,0,0,1,1,1,4,24,31,220,184,267,461,538,326,355,2351,899,864,2308,5979,10737,9446,10135,40368
2020,6,55,18,12,51,41,9,19,205,105,22,26,120,271,183,289,1016,105,22,26,120,271,183,289,1016,39,2,0,9,13,31,97,191,0,0,0,0,0,1,1,2,1,0,0,0,1,4,19,25,291,211,289,542,647,457,479,2916,1256,1748,1944,5710,11769,11364,11948,45739
2020,7,41,17,10,58,52,7,15,200,70,26,25,136,310,175,311,1053,70,26,25,136,310,175,311,1053,41,3,1,8,10,31,79,173,0,0,0,0,0,1,0,1,1,0,0,0,0,4,23,28,249,260,401,619,636,353,404,2922,1253,1297,3123,6492,12182,11349,11733,47429
2020,8,32,14,22,49,54,12,21,204,57,26,24,112,290,175,302,986,57,26,24,112,290,175,302,986,45,2,4,10,12,25,68,166,0,0,0,0,0,0,0,0,1,0,0,0,1,1,17,20,230,222,401,582,559,310,405,2709,1944,1931,2717,6244,11803,11077,12004,47720
2020,9,46,12,24,49,62,3,10,206,78,25,33,122,289,152,286,985,78,25,33,122,289,152,286,985,49,0,1,10,14,31,75,180,0,0,0,0,0,0,0,0,2,0,0,0,2,2,22,28,228,278,448,607,606,327,302,2796,1643,1662,2826,5363,9988,8728,8985,39195
2020,10,40,12,14,42,45,10,11,174,58,19,23,100,250,141,232,823,58,19,23,100,250,141,232,823,42,1,2,5,15,25,91,181,0,0,0,0,1,1,0,2,0,0,0,0,2,4,16,22,220,245,464,629,723,386,368,3035,984,940,2615,5547,11638,10621,11035,43380
2020,11,32,12,25,56,50,9,22,206,58,18,35,103,268,178,291,951,58,18,35,103,268,178,291,951,38,4,2,7,23,42,103,219,0,0,0,0,0,1,0,1,2,0,0,0,2,4,25,33,240,274,650,796,946,558,451,3915,2299,2329,3427,6331,11354,9689,9949,45378
2020,12,39,10,20,43,54,2,5,173,56,14,27,78,168,67,83,493,56,14,27,78,168,67,83,493,37,1,1,11,45,53,82,230,0,0,0,0,1,1,1,3,1,0,0,0,2,1,9,13,174,218,463,474,1184,635,341,3489,799,722,1980,3136,8296,6934,6113,27980
2020,13,28,10,14,36,48,10,18,164,73,11,20,74,242,126,189,735,73,11,20,74,242,126,189,735,38,2,3,5,45,42,110,245,0,0,0,0,3,0,0,3,0,1,0,0,5,6,15,27,121,88,125,162,422,234,198,1350,505,438,625,959,3444,2669,3663,12303
2020,14,34,5,12,36,48,6,12,153,57,6,18,70,185,71,138,545,57,6,18,70,185,71,138,545,30,1,3,9,7,8,34,92,0,0,0,0,0,0,0,0,2,0,0,1,1,3,3,10,95,75,78,160,308,239,170,1125,895,790,896,1408,3834,3938,5168,16929
2020,15,20,6,8,29,43,5,14,125,51,8,20,78,234,104,192,687,51,8,20,78,234,104,192,687,19,2,1,6,4,8,35,75,0,0,0,0,0,0,7,7,0,0,0,0,1,5,15,21,63,50,67,105,199,105,73,662,767,673,756,1239,2600,2391,3401,11827
2020,16,30,6,7,29,45,8,10,135,50,11,21,85,228,137,197,729,50,11,21,85,228,137,197,729,23,1,1,3,7,17,31,83,0,0,0,0,0,0,0,0,1,0,0,0,0,2,8,11,74,72,94,132,277,120,103,872,857,764,1010,2240,6867,5857,7465,25060
2020,17,26,3,4,26,42,8,6,115,42,6,13,50,175,95,118,499,42,6,13,50,175,95,118,499,30,2,2,7,8,17,39,105,0,0,0,0,1,0,4,5,0,0,0,5,8,12,41,66,74,36,64,122,185,100,83,664,624,450,542,1111,2987,2969,4675,13358
2020,18,19,1,15,40,55,7,11,148,39,2,20,73,217,95,132,578,39,2,20,73,217,95,132,578,34,1,5,4,10,16,35,105,0,0,0,0,0,1,2,3,2,0,0,2,1,6,26,37,79,28,61,127,197,96,76,664,656,526,608,1790,4946,4522,5952,19000
2020,19,32,3,8,44,48,7,11,153,48,4,15,68,207,110,140,592,48,4,15,68,207,110,140,592,37,2,1,3,8,18,49,118,0,0,0,0,0,4,1,5,0,0,0,0,0,6,13,19,66,38,45,110,162,93,51,565,421,306,437,1642,5735,5271,6742,20554
2020,20,30,7,10,36,50,6,9,148,55,10,18,87,188,113,163,634,55,10,18,87,188,113,163,634,32,2,1,6,11,29,85,166,1,0,0,0,1,1,0,3,1,1,0,0,1,1,18,22,86,41,65,170,254,74,65,755,645,397,568,1948,5975,5379,7131,22043
2020,21,32,6,12,33,50,13,6,152,46,8,21,65,175,94,113,522,46,8,21,65,175,94,113,522,34,1,0,8,5,19,57,124,0,0,0,0,0,0,0,0,1,0,0,0,1,2,12,16,85,35,63,149,152,83,52,619,439,265,384,1416,4757,4238,5872,17371
2020,22,24,7,8,44,57,4,18,162,51,9,14,90,250,142,279,835,51,9,14,90,250,142,279,835,41,2,1,8,13,30,75,170,2,0,0,0,0,1,1,4,3,0,0,0,2,2,26,33,71,41,55,140,193,65,50,615,455,262,463,1534,5649,4881,6774,20018
2020,23,21,7,11,53,57,11,12,172,51,11,19,116,221,113,175,706,51,11,19,116,221,113,175,706,31,4,2,8,11,33,64,153,0,0,0,0,0,0,0,0,0,0,0,1,2,2,16,21,67,42,59,160,197,84,51,660,585,385,616,2171,7376,7456,8572,27161
2020,24,28,8,12,40,49,6,1,144,48,13,15,72,184,82,124,538,48,13,15,72,184,82,124,538,35,3,0,5,10,31,52,136,0,0,0,0,0,0,0,0,2,0,0,0,1,2,11,16,87,36,54,173,212,70,43,675,425,262,406,1611,5292,4778,6035,18809
2020,25,28,4,11,33,52,9,11,148,58,6,16,67,230,114,165,656,58,6,16,67,230,114,165,656,44,1,1,4,19,31,82,182,0,0,0,0,0,0,0,0,0,0,0,0,0,0,4,4,66,41,54,153,226,87,67,694,444,320,426,1758,5827,5172,6321,20268
2020,26,30,9,4,37,58,4,13,155,56,10,11,65,234,112,161,649,56,10,11,65,234,112,161,649,40,2,1,6,13,24,63,149,0,0,0,0,0,2,4,6,2,0,0,1,0,5,17,25,64,42,45,146,300,74,71,742,422,321,464,1820,5657,4701,5700,19085
2020,27,28,4,9,37,46,9,5,138,58,6,16,68,208,86,98,540,58,6,16,68,208,86,98,540,37,0,1,5,9,9,25,86,0,0,0,0,0,0,1,1,0,0,0,0,0,1,9,10,85,44,102,209,386,260,150,1236,657,467,763,3262,9783,7791,9117,31840
2020,28,28,4,15,40,48,6,15,156,45,10,27,81,183,111,164,621,45,10,27,81,183,111,164,621,26,4,4,10,11,32,78,165,0,0,0,0,0,1,0,1,1,0,0,0,1,4,5,11,82,50,77,177,528,187,99,1200,488,376,593,2397,7292,6304,6002,23452
2020,29,31,8,10,40,68,15,21,193,73,14,15,88,243,130,186,749,73,14,15,88,243,130,186,749,24,1,3,10,16,24,57,135,0,0,0,0,0,1,0,1,1,0,0,2,0,1,11,15,98,61,88,215,678,283,181,1604,582,454,629,2268,6560,5657,6295,22445
2020,30,29,7,12,38,65,27,33,211,55,10,17,76,268,182,250,858,55,10,17,76,268,182,250,858,34,0,0,9,13,43,78,177,0,0,0,0,0,0,7,7,0,0,0,0,0,6,33,39,99,63,75,190,832,501,335,2095,613,430,595,2075,8087,6687,7956,26443
2020,31,33,4,6,46,64,18,23,194,53,5,10,79,247,160,219,773,53,5,10,79,247,160,219,773,37,0,0,8,9,35,72,161,0,0,0,0,1,0,7,8,0,0,0,0,3,4,26,33,80,49,52,203,679,418,300,1781,503,311,521,1767,5191,4854,5932,19079
2020,32,28,6,8,40,50,27,27,186,44,11,11,62,200,118,162,608,44,11,11,62,200,118,162,608,32,0,1,4,11,26,47,121,0,0,0,0,2,3,29,34,1,0,0,0,6,12,45,64,84,54,66,168,839,492,280,1983,616,470,652,2268,8655,6799,7494,26954
2020,33,27,6,10,31,53,8,7,142,42,10,12,53,142,41,31,331,42,10,12,53,142,41,31,331,30,0,1,3,2,6,9,51,0,0,0,0,0,1,1,2,1,0,0,0,1,1,10,13,65,23,33,140,341,246,243,1091,489,344,477,1311,3111,3278,4277,13287
2020,34,23,5,4,33,65,20,53,203,49,8,11,66,291,160,257,842,49,8,11,66,291,160,257,842,35,2,1,3,12,40,57,150,0,0,0,0,0,9,43,52,1,1,0,0,1,19,73,95,55,54,45,187,699,412,300,1752,560,469,677,2651,7704,6519,7900,26480
2020,35,35,7,7,41,56,21,46,213,53,10,13,59,211,118,211,675,53,10,13,59,211,118,211,675,22,0,0,6,10,40,51,129,0,0,0,0,1,5,35,41,0,0,0,1,3,11,52,67,62,37,50,152,711,410,337,1759,649,584,806,2426,6856,6874,7730,25925
2020,36,28,7,11,39,69,15,24,193,48,9,17,70,287,137,238,806,48,9,17,70,287,137,238,806,32,1,1,6,16,31,60,147,0,0,0,0,2,9,29,40,0,0,0,0,4,9,53,66,66,33,48,172,523,321,299,1462,488,398,689,2591,7209,6481,7815,25671
2020,37,30,4,9,29,63,7,21,163,54,6,15,61,247,126,199,708,54,6,15,61,247,126,199,708,32,0,1,5,13,24,66,141,0,0,0,0,1,9,33,43,1,0,0,0,1,12,55,69,91,33,58,167,567,399,242,1557,542,366,698,2423,8315,7567,9000,28911
2020,38,23,10,7,33,69,21,32,195,54,13,15,89,275,131,225,802,54,13,15,89,275,131,225,802,35,1,1,5,22,23,71,158,0,0,0,0,0,7,18,25,3,0,0,0,2,10,43,58,84,64,82,198,492,305,239,1464,595,465,766,2799,8254,7568,8379,28826
2020,39,27,18,9,37,67,7,14,179,58,18,17,71,260,158,234,816,58,18,17,71,260,158,234,816,40,2,1,10,14,31,80,178,0,0,0,0,1,2,16,19,1,0,0,0,3,6,34,44,77,79,72,170,515,313,257,1483,744,625,851,2984,8679,8009,8744,30636
2020,40,32,14,13,39,61,8,16,183,64,19,19,82,256,130,194,764,64,19,19,82,256,130,194,764,36,0,1,7,14,26,68,152,0,0,0,0,1,1,22,24,1,0,0,0,1,4,41,47,72,66,84,147,424,194,196,1183,430,307,560,2089,5720,5199,7004,21309
2020,41,28,8,16,37,52,7,10,158,54,11,21,74,201,106,142,609,54,11,21,74,201,106,142,609,37,0,1,5,16,39,37,135,0,0,0,0,0,3,6,9,1,0,0,0,0,4,29,34,96,52,92,183,539,267,313,1542,720,555,933,2892,8032,6776,8019,27927
2020,42,30,5,6,43,46,10,21,161,66,7,15,119,340,183,365,1095,66,7,15,119,340,183,365,1095,27,0,0,4,18,34,107,190,0,0,0,0,0,5,19,24,1,0,0,0,2,8,48,59,114,65,92,290,404,225,240,1430,562,473,1194,3474,7985,6913,8668,29269
2020,43,2,0,2,1,2,0,4,11,23,1,6,20,108,70,99,327,23,1,6,20,108,70,99,327,12,1,0,0,2,4,5,24,0,0,0,0,0,0,3,3,0,0,0,0,0,3,13,16,32,14,45,77,411,253,205,1037,486,346,665,2120,5206,4615,4573,18011
2020,44,61,8,21,93,119,13,7,322,91,16,30,171,285,87,88,768,91,16,30,171,285,87,88,768,83,0,4,12,14,35,78,226,0,0,0,0,0,1,8,9,3,0,2,0,1,7,18,31,132,114,118,302,489,195,99,1449,651,478,993,3287,7431,6844,6889,26573
2020,45,30,3,5,40,63,9,10,160,61,6,13,106,294,156,253,889,61,6,13,106,294,156,253,889,46,0,1,10,14,41,89,201,0,0,0,0,0,3,7,10,0,0,0,2,1,10,37,50,93,54,70,172,327,186,128,1030,538,404,804,2474,6737,6653,6947,24557
2020,46,32,8,15,35,60,12,17,179,48,11,23,81,238,193,282,876,48,11,23,81,238,193,282,876,42,1,4,4,15,48,122,236,0,0,0,0,1,2,9,12,0,0,0,0,3,10,32,45,78,64,86,172,418,188,156,1162,2636,2486,2930,4833,10522,9012,9439,41858
2020,47,29,3,6,33,82,15,23,191,66,11,16,75,313,194,236,911,66,11,16,75,313,194,236,911,40,2,1,8,21,44,77,193,0,0,0,0,1,3,11,15,1,0,0,1,1,8,29,40,79,66,90,198,420,187,253,1293,415,314,667,2131,5867,5116,5689,20199
2020,48,26,7,10,44,50,9,17,163,58,11,22,82,268,164,227,832,58,11,22,82,268,164,227,832,37,2,3,5,17,32,73,169,0,0,0,0,0,1,8,9,0,0,0,0,0,4,24,28,91,83,102,192,430,227,202,1327,640,545,964,3375,9175,7786,8468,30953
2020,49,29,9,13,37,48,17,15,168,53,15,18,87,217,149,204,743,53,15,18,87,217,149,204,743,31,0,2,8,16,18,46,121,0,0,0,0,0,1,10,11,1,0,0,0,0,3,32,36,109,82,116,217,531,335,275,1665,3128,2976,3309,5662,11605,10202,10780,47662
2020,50,29,7,11,46,33,5,5,136,50,15,19,92,175,66,68,485,50,15,19,92,175,66,68,485,34,2,0,11,10,10,25,92,0,0,0,0,0,0,2,2,1,0,0,1,1,1,7,11,123,69,105,189,431,224,257,1398,598,498,801,2712,7326,6300,7355,25590
2020,51,27,6,13,33,41,10,16,146,46,10,25,80,209,166,199,735,46,10,25,80,209,166,199,735,30,3,1,7,6,26,71,144,0,0,0,0,0,2,13,15,1,0,0,0,0,7,32,40,113,119,218,446,1038,668,723,3325,817,648,1108,3204,8808,7719,8721,31025
2020,52,31,7,15,29,41,17,19,159,53,13,27,95,291,195,261,935,53,13,27,95,291,195,261,935,28,1,2,9,15,30,76,161,0,0,0,0,2,9,29,40,1,0,0,1,2,13,42,59,101,82,113,165,433,260,292,1446,848,549,753,2439,7072,6105,6524,24290
2020,53,24,5,13,32,51,17,41,183,42,8,19,82,185,125,185,646,42,8,19,82,185,125,185,646,17,1,1,11,10,27,56,123,0,0,0,0,2,7,34,43,1,0,0,0,4,13,43,61,75,77,84,165,321,200,205,1127,4001,1540,1710,2406,4457,3857,4730,22701
2021,1,35,7,16,51,61,18,14,202,57,9,22,90,255,147,200,780,57,9,22,90,255,147,200,780,23,1,1,9,14,20,74,142,0,0,0,0,1,6,28,35,3,0,1,0,4,9,40,57,151,127,159,256,607,324,277,1901,2160,2083,2491,4535,9944,8572,9160,38945
2021,2,31,9,17,38,60,19,29,203,55,17,26,79,277,208,286,948,55,17,26,79,277,208,286,948,36,4,1,4,13,26,72,156,0,0,0,0,0,5,18,23,1,0,1,0,2,11,43,58,127,90,136,222,510,399,452,1936,983,919,1312,3974,12023,9763,10737,39711
2021,3,28,10,6,41,61,11,16,173,56,14,17,87,259,146,258,837,56,14,17,87,259,146,258,837,39,0,3,5,16,28,65,156,0,0,0,0,0,4,18,22,2,0,1,1,0,9,45,58,104,82,94,179,509,479,280,1727,513,372,717,2332,5840,5374,6123,21271
2021,4,28,7,8,38,59,11,11,162,66,14,16,84,240,117,203,740,66,14,16,84,240,117,203,740,33,1,0,7,16,28,56,141,0,0,0,0,0,4,21,25,1,0,0,0,1,7,42,51,127,104,161,483,1314,1281,994,4464,783,697,1201,3820,10221,9309,9522,35553
2021,5,33,6,13,44,84,9,13,202,51,11,24,86,264,137,206,779,51,11,24,86,264,137,206,779,55,1,1,6,14,35,67,179,0,0,0,0,1,2,14,17,3,0,0,1,1,9,33,47,95,66,84,211,342,181,174,1153,434,356,742,2455,5768,4962,6057,20774
2021,6,38,5,9,32,79,8,15,186,62,8,16,65,273,162,197,783,62,8,16,65,273,162,197,783,34,1,2,7,20,41,89,194,0,0,0,0,0,3,11,14,1,0,0,0,0,4,25,30,133,110,173,265,1241,1034,817,3773,618,409,791,2164,6061,5824,6360,22227
2021,7,74,22,22,80,140,13,5,356,108,28,41,125,345,159,192,998,108,28,41,125,345,159,192,998,64,2,8,14,15,40,93,236,0,0,0,0,1,6,12,19,6,0,0,0,2,8,26,42,160,130,135,296,330,147,121,1319,603,361,608,1938,4858,4400,5414,18182
2021,8,38,7,20,40,63,6,13,187,61,13,34,89,222,165,243,827,61,13,34,89,222,165,243,827,37,0,3,11,11,28,82,172,0,0,0,0,1,2,5,8,2,1,0,1,3,10,20,37,138,127,182,268,804,796,750,3065,630,574,1057,2229,5960,7225,7935,25610
2021,9,39,8,19,43,60,11,13,193,76,15,35,104,276,164,258,928,76,15,35,104,276,164,258,928,34,0,1,8,12,30,64,149,0,0,0,0,0,0,9,9,0,0,0,1,1,1,25,28,116,100,141,220,339,154,156,1226,690,600,1095,3061,8703,7652,8423,30224
2021,10,37,8,10,46,69,7,16,193,66,17,23,114,291,167,276,954,66,17,23,114,291,167,276,954,48,0,1,9,9,29,74,170,0,0,0,0,0,2,7,9,1,0,0,0,1,5,19,26,95,122,212,397,971,852,1234,3883,704,623,1210,3623,9842,8746,10315,35063
2021,11,23,11,11,37,66,7,9,164,46,27,18,82,260,148,231,812,46,27,18,82,260,148,231,812,38,0,1,7,9,26,65,146,0,0,0,0,0,1,5,6,0,0,0,1,1,3,19,24,95,81,101,203,309,151,124,1064,601,622,2947,4482,7233,4732,4658,25275
2021,12,23,7,13,31,66,5,4,149,51,13,34,81,274,176,256,885,51,13,34,81,274,176,256,885,34,0,0,8,10,23,42,117,0,0,0,0,0,1,6,7,0,0,0,0,1,4,29,34,86,74,119,147,236,134,147,943,456,408,817,2038,4944,4388,5279,18330
2021,13,45,16,19,35,79,7,13,214,85,24,38,83,332,179,273,1014,85,24,38,83,332,179,273,1014,46,0,1,5,10,22,69,153,0,0,0,0,0,2,4,6,0,0,0,0,1,5,23,29,133,127,140,197,367,153,200,1317,577,447,1349,2379,6661,5603,6541,23557
2021,14,42,2,19,42,81,17,15,218,69,14,31,93,267,154,252,880,69,14,31,93,267,154,252,880,53,0,5,7,18,27,92,202,1,0,0,0,2,2,4,9,3,0,0,1,3,7,25,39,140,110,186,248,441,249,406,1780,880,718,1445,3659,10260,8825,10860,36647
2021,15,22,9,18,39,67,8,13,176,36,15,21,69,164,91,151,547,36,15,21,69,164,91,151,547,22,2,3,7,15,30,58,137,0,0,0,1,0,2,4,7,1,0,0,2,1,4,20,28,107,71,140,258,375,234,263,1448,805,702,1660,3889,9472,8551,8510,33589
2021,16,0,0,1,1,9,13,25,49,7,2,3,15,128,161,234,550,7,2,3,15,128,161,234,550,5,1,3,2,18,44,72,145,0,0,0,0,0,2,12,14,0,0,0,0,2,6,31,39,37,36,74,86,261,206,270,970,620,555,1051,4130,10088,9209,8706,34359
2021,17,30,8,14,30,73,16,24,195,48,10,27,77,234,150,233,779,48,10,27,77,234,150,233,779,49,0,1,7,14,44,60,175,0,0,0,0,0,0,13,13,1,0,1,0,0,1,35,38,101,82,115,187,374,230,251,1340,549,425,834,2538,6068,5545,6150,22109
2021,18,24,10,9,40,74,31,36,224,35,14,13,69,175,142,217,665,35,14,13,69,175,142,217,665,32,0,0,3,14,44,78,171,0,0,0,0,1,9,22,32,0,0,0,1,1,11,38,51,95,72,138,177,317,190,166,1155,593,482,897,3023,8902,8215,9119,31231
2021,19,38,3,11,36,88,19,23,218,49,9,14,69,235,125,184,685,49,9,14,69,235,125,184,685,37,1,1,5,20,38,71,173,0,0,0,0,2,12,23,37,2,0,1,1,5,18,41,68,105,92,138,255,721,624,558,2493,886,801,1236,3476,10024,8598,8252,33273
2021,20,0,0,0,2,10,44,41,97,15,2,4,14,137,175,244,591,15,2,4,14,137,175,244,591,12,0,0,2,16,41,72,143,0,0,0,0,2,11,38,51,0,0,0,0,4,13,56,73,27,33,66,104,401,493,610,1734,778,729,1021,2799,7854,7544,7896,28621
2021,21,38,10,13,39,88,36,57,281,53,14,21,80,267,179,231,845,53,14,21,80,267,179,231,845,39,2,0,6,18,46,50,161,0,0,0,0,1,18,41,60,1,0,0,1,2,24,50,78,124,93,135,236,865,669,448,2570,563,476,783,2704,7148,6692,6591,24957
2021,22,27,6,10,40,79,26,17,205,47,8,23,75,199,129,129,610,47,8,23,75,199,129,129,610,38,0,2,3,22,35,36,136,0,0,0,0,2,20,32,54,0,0,0,0,5,23,44,72,113,79,127,246,461,512,423,1961,759,708,1142,3280,8369,7354,7541,29153
2021,23,27,11,10,45,85,61,40,279,46,15,19,83,283,209,236,891,46,15,19,83,283,209,236,891,32,0,1,2,18,62,54,169,0,0,0,0,1,38,42,81,2,0,0,0,2,41,59,104,123,151,229,286,1081,961,590,3421,1042,1053,1504,4279,12372,10813,10864,41927
2021,24,29,7,8,32,105,79,27,287,51,11,20,72,269,219,202,844,51,11,20,72,269,219,202,844,25,1,1,5,22,45,62,161,0,0,0,1,1,27,30,59,0,0,0,1,5,39,62,107,127,79,126,210,867,820,689,2918,667,433,769,19221,7075,6503,7609,42277
2021,25,24,6,16,35,100,54,30,265,39,7,18,68,262,173,197,764,39,7,18,68,262,173,197,764,49,1,1,2,19,40,43,155,0,0,0,0,9,31,34,74,3,0,0,0,12,42,55,112,113,101,161,281,548,560,572,2336,1304,861,1317,4288,12317,10775,11823,42685
2021,26,31,7,14,29,95,45,30,251,41,10,23,57,218,141,141,631,41,10,23,57,218,141,141,631,27,1,2,4,19,29,38,120,0,0,0,0,5,23,38,66,1,1,0,0,10,28,54,94,111,89,126,209,431,376,438,1780,662,596,874,2861,6212,6172,6492,23869
2021,27,44,11,22,34,104,53,29,297,61,14,29,65,246,91,89,595,61,14,29,65,246,91,89,595,36,1,1,2,15,29,20,104,0,0,0,0,2,14,13,29,1,0,0,0,4,16,21,42,119,85,147,254,746,533,447,2331,655,545,1083,4571,12678,11472,10675,41679
2021,28,34,6,18,43,84,65,130,380,62,30,44,116,451,288,465,1456,62,30,44,116,451,288,465,1456,41,1,2,4,29,45,49,171,0,0,0,0,7,13,31,51,0,0,0,0,10,17,57,84,94,102,155,269,485,286,269,1660,593,468,1071,3917,7872,7403,7990,29314
2021,29,33,10,20,33,84,22,39,241,56,10,137,68,405,224,427,1327,56,10,137,68,405,224,427,1327,34,0,2,6,22,35,60,159,0,0,0,0,3,15,26,44,1,0,0,1,7,20,43,72,131,96,172,277,597,362,417,2052,860,701,1400,4472,10189,8827,9559,36008
2021,30,31,12,13,38,80,19,21,214,50,18,20,75,269,128,177,737,50,18,20,75,269,128,177,737,39,3,1,5,29,27,51,155,0,0,0,0,6,6,22,34,0,0,0,1,6,11,34,52,130,110,185,264,350,216,279,1534,819,642,1163,4411,11102,9897,10123,38157
2021,31,37,10,18,33,60,14,15,187,57,12,26,69,268,121,227,780,57,12,26,69,268,121,227,780,39,0,0,9,22,24,51,145,0,0,0,0,2,4,4,10,0,0,0,0,2,4,16,22,130,111,210,276,399,191,199,1516,718,610,1110,4179,9634,8404,9327,33982
2021,32,35,11,14,34,86,5,10,195,54,12,19,68,239,102,142,636,54,12,19,68,239,102,142,636,26,0,2,9,15,13,45,110,0,0,0,0,4,0,4,8,1,0,0,1,5,2,11,20,129,111,219,263,282,119,129,1252,621,458,1038,3242,7870,7684,8183,29096
2021,33,40,12,23,34,77,8,7,201,69,22,40,94,331,208,326,1090,69,22,40,94,331,208,326,1090,32,0,2,4,16,28,68,150,0,0,0,0,0,1,9,10,0,0,0,1,1,4,24,30,184,119,245,302,446,157,190,1643,784,558,1206,3601,8907,7754,9203,32013
2021,34,44,13,27,54,74,7,21,240,70,19,50,116,292,179,331,1057,70,19,50,116,292,179,331,1057,40,0,0,12,53,81,163,349,0,0,0,0,0,1,7,8,0,0,1,0,1,5,24,31,198,151,277,349,465,266,250,1956,838,662,1404,4214,10334,9286,11213,37951
2021,35,49,10,21,37,84,12,13,226,97,20,43,99,307,227,353,1146,97,20,43,99,307,227,353,1146,45,0,0,9,16,35,76,181,0,0,0,0,1,0,5,6,1,0,0,2,4,6,23,36,216,138,243,323,391,163,167,1641,669,487,1000,3081,6838,6548,7252,25875
2021,36,45,11,23,44,84,5,3,215,65,14,33,79,304,132,222,849,65,14,33,79,304,132,222,849,42,0,3,7,13,27,78,170,0,0,0,0,0,0,5,5,0,0,0,0,2,2,30,34,196,124,238,288,303,153,224,1526,649,524,993,2692,6040,5640,7596,24134
2021,37,43,7,23,34,92,6,9,214,76,9,26,77,301,130,225,844,76,9,26,77,301,130,225,844,40,1,3,10,14,24,71,163,0,0,0,0,0,1,1,2,2,0,0,2,0,3,26,33,211,221,371,406,586,267,273,2335,1411,850,1537,4313,10627,9205,10626,38569
2021,38,44,10,12,45,64,5,6,186,64,14,25,90,245,135,200,773,64,14,25,90,245,135,200,773,46,0,4,7,13,36,92,198,0,0,0,0,0,0,3,3,2,0,0,0,3,3,19,27,223,169,343,351,478,214,275,2053,986,795,1462,4113,10294,9296,11199,38145
2021,39,43,8,13,29,56,4,13,166,59,10,19,77,278,126,226,795,59,10,19,77,278,126,226,795,37,1,6,9,5,35,72,165,0,0,0,0,1,2,1,4,1,0,0,0,2,4,15,22,191,162,290,341,455,227,254,1920,785,632,1198,3526,8705,8527,10273,33646
2021,40,40,7,14,39,64,2,13,179,61,11,19,81,241,149,215,777,61,11,19,81,241,149,215,777,37,0,0,11,10,17,59,134,0,0,0,0,0,1,0,1,1,0,0,0,1,3,15,20,219,166,284,308,255,140,219,1591,921,774,1343,3898,9303,8259,10415,34913
2021,41,39,6,19,35,58,6,6,169,53,7,25,68,196,105,131,585,53,7,25,68,196,105,131,585,35,2,2,10,6,20,45,120,0,0,0,0,0,2,2,4,0,0,0,1,0,5,16,22,157,121,235,272,379,200,207,1571,675,514,977,3114,5968,5738,8375,25361
2021,42,63,14,26,54,94,4,11,266,87,19,32,108,341,164,229,980,87,19,32,108,341,164,229,980,58,4,1,13,10,32,73,191,0,0,0,0,0,2,2,4,1,0,0,0,0,5,12,18,257,224,407,415,376,227,245,2151,924,857,1666,4154,7726,7060,8489,30876
2021,43,94,27,39,127,147,13,7,454,106,36,54,222,342,124,136,1020,106,36,54,222,342,124,136,1020,77,9,0,24,15,15,108,248,0,0,0,0,0,3,4,7,3,0,0,6,0,3,18,30,378,338,525,600,477,211,206,2735,1091,978,1585,3882,8009,7158,8940,31643
2021,44,39,16,30,38,69,11,13,216,59,21,39,89,290,157,261,916,59,21,39,89,290,157,261,916,56,0,1,2,8,35,97,199,0,0,0,0,0,3,4,7,2,0,0,1,1,4,19,27,261,268,476,433,525,215,225,2403,927,795,1561,3935,8943,8086,10312,34559
2021,45,36,7,24,30,55,4,14,170,48,14,33,58,179,95,168,595,48,14,33,58,179,95,168,595,34,0,0,4,14,30,81,163,0,0,0,0,0,0,4,4,0,0,0,0,2,5,14,21,180,174,332,345,564,272,305,2172,1072,1348,1669,4456,10286,9478,11152,39461
2021,46,56,20,28,51,81,8,12,256,74,28,37,101,273,138,240,891,74,28,37,101,273,138,240,891,48,2,2,13,18,45,96,224,0,0,0,0,0,0,6,6,1,0,0,1,0,2,19,23,266,216,377,407,451,182,224,2123,878,657,1496,3658,9255,8291,10201,34436
2021,47,51,21,21,42,60,11,17,223,61,27,29,85,261,148,226,837,61,27,29,85,261,148,226,837,36,3,5,6,12,58,97,217,0,0,0,0,0,0,15,15,2,0,0,0,0,5,39,46,212,170,357,408,472,373,468,2460,942,784,1355,3858,7521,7745,10997,33202
2021,48,9,0,2,4,9,4,9,37,16,3,6,26,93,131,204,479,16,3,6,26,93,131,204,479,14,0,0,4,18,41,108,185,0,0,0,0,0,0,9,9,0,0,0,0,2,2,23,27,109,140,180,177,369,265,286,1526,853,821,1313,3541,8303,7841,9323,31995
2021,49,34,11,19,40,68,12,14,198,56,14,29,75,232,143,202,751,56,14,29,75,232,143,202,751,40,0,2,10,12,35,92,191,1,0,0,0,0,1,12,14,1,0,0,0,0,3,22,26,208,186,324,346,560,208,180,2012,782,595,1252,3433,8887,8084,10724,33757
2021,50,1,1,2,1,2,2,4,13,6,3,6,16,100,74,84,289,6,3,6,16,100,74,84,289,10,0,0,0,7,8,17,42,0,0,0,0,0,1,6,7,0,0,0,0,0,3,8,11,101,126,189,215,407,190,190,1418,718,543,1098,3432,8714,7912,9675,32092
2021,51,31,12,13,50,68,5,19,198,48,13,17,86,221,116,171,672,48,13,17,86,221,116,171,672,17,2,2,11,13,16,57,118,0,0,0,0,0,0,5,5,0,0,0,0,1,3,17,21,207,163,309,414,603,307,378,2381,1023,813,1432,3778,8447,8080,9112,32685
2021,52,30,17,16,48,64,9,22,206,51,18,25,78,226,94,174,666,51,18,25,78,226,94,174,666,22,1,0,8,9,18,48,106,0,0,0,0,0,0,4,4,0,0,0,0,2,2,8,12,153,157,325,489,660,290,388,2462,917,757,1249,3506,6933,5847,7198,26407
2022,1,26,12,10,31,40,5,7,131,52,17,23,71,178,94,134,569,11,1,1,1,4,2,13,33,17,2,1,2,13,14,59,108,1,0,0,0,1,1,6,9,106,99,184,250,70,4,21,734,189,198,320,508,889,466,527,3097,970,775,1384,3667,8797,7830,8909,32332
2022,2,35,18,19,47,67,12,38,236,59,21,27,89,272,156,319,943,19,1,1,4,6,3,29,63,28,1,1,7,18,37,121,213,0,0,0,0,0,2,19,21,0,0,0,2,0,5,41,48,278,211,401,719,1558,928,927,5022,1458,1069,2044,5102,11706,10332,12465,44176
2022,3,30,10,19,40,63,14,28,204,45,12,28,88,242,98,195,708,18,0,3,2,1,3,8,35,32,0,3,4,10,24,57,130,0,0,0,0,0,0,13,13,0,0,0,0,2,1,38,41,205,186,301,418,753,498,719,3080,964,738,1699,4791,11979,10725,12065,42961
2022,4,39,14,19,39,73,8,33,225,54,16,24,75,205,83,175,632,17,2,1,5,4,5,17,51,35,2,1,8,10,21,66,143,0,0,0,0,0,2,27,29,1,0,0,0,0,5,44,50,180,133,129,360,776,466,692,2736,1123,731,2028,4815,11677,11506,13997,45877
2022,5,25,9,18,44,68,9,50,223,190,13,34,81,224,113,229,884,15,3,3,4,2,5,18,50,29,5,3,7,11,22,59,136,0,0,0,0,0,2,24,26,1,0,0,1,3,6,47,58,126,110,215,328,441,270,642,2132,1177,984,2260,5282,12091,12315,15402,49511
2022,6,1,1,0,2,3,7,32,46,12,4,2,29,128,118,195,488,0,0,0,0,1,1,17,19,8,0,0,1,7,23,65,104,0,0,0,0,1,1,27,29,0,0,0,0,1,2,36,39,41,61,123,111,279,215,377,1207,907,720,2088,3967,9769,10037,12742,40230
2022,7,39,15,29,39,62,6,19,209,49,19,36,80,222,126,188,720,17,1,1,2,4,6,7,38,28,1,1,7,10,23,58,128,0,0,0,0,0,2,16,18,1,0,0,1,0,3,27,32,148,102,335,323,314,134,317,1673,933,706,1776,4406,9216,9567,12260,38864
2022,8,33,11,14,47,61,9,15,190,60,25,25,122,264,146,249,891,20,0,1,5,1,0,8,35,43,1,1,6,15,21,65,152,0,0,0,0,0,2,6,8,0,0,0,0,2,5,25,32,166,142,481,447,303,141,336,2016,1001,845,1940,5486,11301,11536,13329,45438
2022,9,33,4,27,41,74,3,15,197,59,10,40,109,286,137,246,887,17,0,1,5,1,2,7,33,34,0,2,12,7,24,61,140,0,0,0,0,0,0,13,13,2,0,0,1,0,3,21,27,79,69,584,481,344,118,285,1960,8012,851,2252,6597,12912,13028,15542,59194
2022,10,36,11,22,35,59,7,5,175,57,14,38,79,241,126,183,738,14,4,1,3,1,1,6,30,30,4,1,3,10,25,69,142,0,0,0,0,1,0,6,7,2,0,1,0,2,4,28,37,181,161,579,480,357,170,308,2236,1025,1176,2020,5388,11529,11235,13176,45549
2022,11,23,9,21,36,49,3,8,149,40,11,31,70,176,91,163,582,15,2,2,5,0,1,2,27,31,2,2,9,7,18,52,121,0,0,0,0,0,0,4,4,0,0,0,1,0,4,16,21,208,205,567,409,304,124,227,2044,922,901,2503,4962,10467,10823,11690,42268
2022,12,40,8,26,32,55,5,12,178,45,10,29,64,185,115,177,625,21,0,0,7,2,0,3,33,27,0,0,9,9,21,74,140,0,0,0,0,0,1,3,4,1,0,0,0,1,3,26,31,190,182,540,518,288,153,207,2078,925,728,2140,4538,9417,8509,10953,37210
2022,13,79,13,48,71,94,9,10,324,104,26,63,141,335,156,283,1108,42,1,0,8,2,1,7,61,60,1,0,11,9,23,33,137,0,0,0,0,1,3,5,9,1,0,0,0,1,5,17,24,280,214,771,622,365,145,113,2510,888,699,1978,4408,7855,7038,8846,31712
2022,14,37,7,20,38,52,6,8,168,57,11,43,67,185,118,181,662,16,1,0,3,1,1,4,26,28,1,0,6,7,19,65,126,0,0,0,0,0,1,3,4,1,0,0,0,1,14,58,74,161,173,532,387,236,163,144,1796,828,685,1938,4517,9966,11355,13290,42579
2022,15,114,14,38,86,50,3,14,319,146,16,53,138,255,134,265,1007,19,1,2,4,0,4,6,36,41,1,2,8,6,32,72,162,0,0,0,0,0,2,3,5,2,0,0,1,1,6,22,32,285,187,556,454,279,184,271,2216,1050,817,1903,4234,8505,8189,9914,34612
2022,16,59,18,52,51,55,2,11,248,73,22,57,85,231,120,225,813,18,0,0,6,3,5,4,36,31,0,0,9,12,38,78,168,0,0,0,0,0,2,2,4,0,0,0,0,0,6,15,21,159,176,407,356,322,117,223,1760,993,780,1752,4668,9435,9962,10377,37967
2022,17,86,24,65,63,63,12,17,330,108,32,81,122,278,163,299,1083,19,0,0,9,2,1,7,38,39,0,0,12,14,26,79,170,0,0,0,0,0,0,4,4,3,0,0,0,0,2,20,25,216,194,504,443,436,202,232,2227,1328,806,1918,5372,10939,11080,13355,44798
2022,18,39,14,27,8,61,1,10,160,75,22,40,51,263,165,277,893,23,2,0,4,4,0,3,36,42,2,0,12,16,17,80,169,0,0,0,0,0,0,5,5,0,0,0,2,0,2,22,26,184,195,605,531,424,206,304,2449,1333,995,2189,5636,11000,11491,14149,46793
2022,19,41,15,31,49,54,11,16,217,72,24,51,127,313,173,314,1074,27,1,2,3,3,2,2,40,48,2,2,11,13,25,74,175,0,0,0,0,0,2,3,5,0,1,0,0,0,7,21,29,256,210,647,687,494,231,364,2889,1159,891,2428,5711,11922,11869,14665,48645
2022,20,52,22,40,50,68,9,4,245,84,27,56,129,289,138,216,939,22,1,2,1,1,0,0,27,51,1,2,5,6,12,13,90,0,0,0,0,0,0,1,1,0,0,1,0,0,5,10,16,300,268,840,937,620,322,429,3716,1061,892,2414,6197,12063,11570,13917,48114
2022,21,42,19,20,43,51,5,16,196,67,25,37,98,238,129,250,844,17,2,0,3,3,1,2,28,32,2,0,5,8,25,52,124,0,0,0,0,0,1,8,9,0,0,0,0,3,3,24,30,284,236,625,787,659,350,350,3291,1005,816,2011,4878,10606,10782,13017,43115
2022,22,11,8,3,4,6,8,24,64,48,33,27,101,291,259,530,1289,1,0,0,0,0,1,1,3,9,0,0,0,11,21,87,128,0,0,0,0,0,0,4,4,0,0,0,0,0,2,29,31,181,155,438,544,700,492,511,3021,868,883,1921,5389,11222,10804,14276,45363
2022,23,70,14,27,55,53,11,22,252,92,22,48,115,246,156,346,1025,19,0,4,6,0,1,7,37,50,1,5,9,6,20,32,123,0,0,0,0,1,0,10,11,0,0,0,0,2,0,24,26,368,270,685,900,849,469,551,4092,1353,871,2313,10559,11025,10345,12906,49372
2022,24,39,11,28,27,48,7,16,176,59,15,44,61,170,102,219,670,21,0,2,5,0,1,2,31,29,1,2,10,3,15,48,108,0,0,0,0,0,1,5,6,0,0,0,0,0,1,10,11,253,204,554,688,744,436,472,3351,760,563,1562,4902,9285,9248,11949,38269
2022,25,51,12,31,36,63,8,12,213,75,20,37,77,187,111,216,723,23,0,3,6,1,0,1,34,32,1,3,11,5,22,44,118,0,0,0,0,0,1,7,8,0,0,0,0,1,4,13,18,234,185,571,668,638,416,508,3220,736,534,1810,4178,8045,8700,10689,34692
2022,26,39,14,33,54,73,6,19,238,52,17,42,88,234,119,192,744,19,1,3,5,1,1,3,33,39,2,4,9,6,27,53,140,0,0,0,0,1,0,7,8,3,0,0,0,1,6,22,32,288,215,527,543,789,414,561,3337,821,540,1747,4174,8932,10213,14034,40461
2022,27,6,4,2,5,1,8,13,39,23,7,9,36,160,141,313,689,1,0,0,0,0,2,2,5,8,0,0,3,12,28,69,120,0,0,0,0,0,1,9,10,0,0,0,1,0,4,25,30,111,115,223,297,888,622,563,2819,765,595,1212,3780,8901,10488,13288,39029
2022,28,57,12,20,45,63,7,13,217,72,15,28,103,215,117,260,810,27,1,0,3,2,0,5,38,39,1,0,7,6,4,25,82,0,0,0,0,0,2,6,8,1,0,0,2,2,3,16,24,234,209,580,733,987,710,1117,4570,954,713,1745,4564,8520,8496,10789,35781
2022,29,54,14,25,50,71,6,7,227,83,20,37,105,283,106,148,782,13,0,1,5,1,1,3,24,37,1,1,9,3,6,17,74,0,0,0,0,0,0,0,0,1,0,0,1,0,1,4,7,311,200,487,690,732,384,417,3221,1149,573,1560,4684,9507,9266,10850,37589
2022,30,46,10,30,53,64,15,19,237,77,14,42,109,271,177,310,1000,21,0,1,6,2,0,9,39,45,0,1,9,14,24,75,168,0,0,0,0,0,0,8,8,0,0,0,1,0,2,18,21,243,153,453,660,561,310,325,2705,735,509,1399,4479,8002,7963,9964,33051
2022,31,51,15,29,51,65,5,16,232,78,27,47,119,294,192,313,1070,20,0,1,5,1,0,2,29,43,0,2,10,10,21,70,156,0,0,0,0,0,2,5,7,0,0,0,3,1,4,28,36,265,182,526,697,646,364,251,2931,988,623,1979,6022,11649,12081,14470,47812
2022,32,40,11,13,48,40,5,8,165,67,14,24,86,168,121,204,684,18,2,0,4,2,1,3,30,26,2,0,4,11,18,48,109,0,0,0,0,0,2,3,5,2,0,1,0,0,6,13,22,202,183,394,640,527,264,240,2450,1012,601,1701,6233,11719,11874,13906,47046
2022,33,44,11,21,47,69,10,22,224,81,18,32,117,281,196,330,1055,19,2,1,4,1,0,5,32,44,2,1,8,12,20,80,167,0,0,0,0,0,0,6,6,1,0,0,1,1,1,24,28,212,190,487,675,515,298,295,2672,919,607,1635,5220,10600,10724,13604,43309
2022,34,37,16,20,53,75,7,17,225,69,21,27,126,271,176,309,999,23,2,3,6,2,1,5,42,42,2,3,8,8,25,82,170,0,0,0,0,0,0,2,2,0,0,0,0,2,3,22,27,251,204,543,795,622,293,300,3008,1115,1097,4880,7951,11875,11574,13436,51928
2022,35,41,15,24,49,64,9,16,218,69,21,41,106,281,181,279,978,31,0,0,3,2,1,3,40,50,0,0,5,9,16,48,128,0,0,0,0,0,0,3,3,0,0,0,0,0,3,7,10,217,187,466,756,606,296,255,2783,1203,574,1772,5609,10504,10134,13746,43542
2022,36,57,16,22,46,53,7,15,216,90,18,31,120,272,184,347,1062,23,0,2,8,1,2,4,40,35,0,2,9,6,26,95,173,0,0,0,0,0,0,2,2,1,0,0,0,0,3,8,12,235,187,512,770,649,347,275,2975,1264,791,2302,6495,12610,12507,16364,52333
2022,37,43,11,40,46,68,7,11,226,60,22,55,105,324,189,284,1039,17,0,2,4,3,0,3,29,31,0,2,7,15,17,76,148,0,0,0,0,0,0,1,1,3,0,0,0,0,2,13,18,236,179,565,861,729,332,370,3272,1158,736,2150,7231,13983,13165,18331,56754
2022,38,50,5,32,52,50,8,19,216,81,12,45,123,303,173,321,1058,22,0,3,6,0,0,5,36,38,0,3,6,8,24,63,142,0,0,0,0,0,0,1,1,0,0,0,0,2,1,17,20,227,180,577,874,617,317,321,3113,966,684,2039,6460,12233,12074,16524,50980
2022,39,55,13,38,46,53,3,15,223,87,25,50,118,280,171,288,1019,22,1,4,3,0,0,2,32,35,1,6,5,14,31,67,159,0,0,0,0,0,0,5,5,1,0,0,0,2,1,17,21,270,195,601,952,668,374,285,3345,1126,784,2114,6873,12627,12544,15827,51895
2022,40,37,15,33,65,55,5,19,229,60,21,42,121,314,194,327,1079,25,0,3,6,2,2,2,40,44,0,3,9,16,31,75,178,0,0,0,0,0,2,5,7,1,0,1,0,3,5,14,24,281,233,603,895,659,328,307,3306,1127,787,2064,6351,11671,11956,15928,49884
2022,41,34,16,19,42,54,8,15,188,57,31,37,106,273,164,211,879,13,2,1,2,2,1,7,28,33,2,1,4,11,17,47,115,0,0,0,0,0,0,6,6,1,0,0,0,0,0,19,20,221,185,515,692,670,319,296,2898,1125,713,2029,6708,12175,12513,15273,50536
2022,42,47,18,28,54,61,4,20,232,77,27,47,119,296,193,332,1091,27,0,0,3,3,1,4,38,39,0,0,9,19,17,82,166,0,0,0,0,0,0,10,10,1,0,0,0,1,4,24,30,203,168,396,561,487,223,283,2321,910,544,1623,5079,9432,8948,11590,38126
2022,43,58,23,29,45,49,5,22,231,89,36,47,112,272,210,388,1154,24,0,2,3,7,1,5,42,39,0,2,9,19,23,83,175,0,0,0,0,0,1,11,12,2,0,0,0,0,5,31,38,223,224,499,724,659,264,276,2869,1183,812,2029,6096,12506,12075,15243,49944
2022,44,37,11,28,54,62,7,11,210,49,20,38,108,267,155,281,918,24,1,1,2,2,2,4,36,31,2,3,2,14,27,72,151,0,1,0,0,0,0,6,7,0,1,0,0,2,3,24,30,201,157,455,663,609,285,261,2631,1064,680,1877,8845,11964,11638,14788,50856
2022,45,47,11,33,58,69,9,12,239,71,27,48,108,296,191,309,1050,17,2,1,9,10,0,3,42,36,3,1,11,15,28,89,183,0,0,0,0,0,0,5,5,2,1,0,2,1,2,23,31,241,191,565,805,628,276,319,3025,987,654,1741,4986,10501,9982,13481,42332
2022,46,55,13,39,55,70,9,17,258,78,22,56,114,308,187,355,1120,32,1,2,3,4,2,2,46,48,1,3,5,16,28,74,175,0,0,0,0,0,1,1,2,4,0,0,0,1,4,17,26,257,208,676,859,746,367,461,3574,1045,705,2125,5365,10822,10337,14107,44506
2022,47,46,12,39,58,77,7,13,252,62,19,55,132,352,200,331,1151,24,0,2,3,10,1,2,42,36,0,2,7,29,29,62,165,0,0,0,0,0,0,6,6,1,0,0,1,1,3,23,29,365,377,953,1408,1542,770,743,6158,1209,907,2693,7738,16451,15023,19624,63645
2022,48,49,5,41,49,65,10,13,232,70,8,50,100,311,188,341,1068,27,0,2,5,5,2,5,46,41,0,2,11,30,30,88,202,0,0,0,0,0,0,2,2,0,0,0,0,0,4,20,24,263,163,672,954,991,527,690,4260,987,641,2015,5933,12118,11715,15046,48455
2022,49,51,8,25,39,59,12,23,217,61,12,33,94,256,181,273,910,25,1,2,1,6,2,5,42,36,1,2,6,19,25,64,153,0,0,0,0,0,0,3,3,0,0,0,0,1,0,18,19,283,167,359,520,652,407,439,2827,1110,561,1461,4451,9231,9155,13510,39479
2022,50,60,5,29,37,64,8,15,218,80,6,35,80,299,166,317,983,27,0,2,4,1,1,0,35,50,0,3,9,13,25,67,167,0,0,0,0,0,0,4,4,0,0,0,0,0,2,23,25,275,119,238,577,662,332,574,2777,1317,693,1614,4466,8554,8837,11217,36698
2022,51,37,10,23,50,69,8,14,211,52,16,26,95,238,129,229,785,16,0,3,5,4,0,6,34,33,1,5,7,22,23,69,160,0,0,0,0,0,1,2,3,0,0,1,0,1,2,16,20,232,170,355,460,523,300,456,2496,1123,604,1199,3614,7864,7720,10908,33032
2022,52,28,9,21,33,68,6,7,172,45,14,23,70,238,97,180,667,17,1,1,4,3,0,1,27,32,1,1,7,10,16,40,107,0,0,0,0,0,0,10,10,1,0,0,0,1,0,17,19,217,117,300,386,442,219,291,1972,914,393,1198,3392,7011,6949,8944,28801
2023,1,68,10,18,48,60,4,32,240,104,21,33,130,407,278,447,1420,22,2,0,6,4,2,4,40,46,2,0,10,30,22,84,194,0,0,0,0,0,4,10,14,0,0,0,0,2,10,42,54,456,232,456,703,806,396,623,3672,1415,791,1723,4977,10527,9532,12636,41601
2023,2,84,22,32,88,86,16,28,356,147,30,61,181,500,337,590,1846,36,0,2,16,10,4,2,70,64,4,2,24,34,60,142,330,0,0,0,0,0,2,10,12,4,0,0,2,2,12,42,62,450,262,456,834,942,522,745,4211,1600,869,2102,7848,15806,15719,20330,64274
2023,3,94,22,42,106,138,8,14,424,128,30,71,212,508,181,309,1439,42,2,4,6,10,0,8,72,80,2,4,12,26,6,22,152,0,0,0,0,0,0,2,2,98,0,2,0,0,4,15,119,414,290,658,1020,867,444,748,4441,2229,1328,3645,9800,17430,19186,23653,77271
2023,4,70,16,38,104,104,8,16,356,107,27,58,222,597,300,578,1889,44,2,2,16,6,0,14,84,92,4,2,30,40,42,156,366,0,0,0,0,0,0,14,14,0,0,0,0,6,8,46,60,371,286,612,1003,845,430,499,4046,2036,1263,3607,9519,80958,18069,24426,139878
2023,5,66,12,30,108,136,8,20,380,132,25,48,204,479,214,257,1359,40,2,4,16,16,0,2,80,70,2,4,18,22,8,16,140,0,0,0,0,0,0,0,0,2,0,0,0,0,2,19,23,430,351,584,1163,1056,483,892,4959,2436,1463,3304,9795,18744,18765,25690,80197
2023,6,66,14,30,114,138,22,36,420,116,23,63,275,585,364,556,1982,28,0,0,8,12,6,4,58,58,0,0,16,34,56,160,324,0,0,0,4,0,0,8,12,2,2,0,4,0,4,42,54,398,240,580,1232,1142,661,794,5047,1982,1113,3119,10581,20113,21166,26913,84987
2023,7,78,20,56,92,114,16,36,412,126,37,91,229,623,326,601,2033,48,2,4,6,16,8,12,96,84,4,6,12,50,52,180,388,0,0,0,0,0,6,14,20,2,0,0,1,2,11,40,56,504,302,819,1517,2303,1433,1211,8089,1910,1111,3435,10342,22006,21420,26093,86317
2023,8,62,20,48,104,120,20,38,412,110,33,94,252,563,375,565,1992,28,0,2,12,12,8,12,74,66,0,4,18,56,70,148,362,0,0,0,0,0,2,12,14,0,0,0,0,2,6,42,50,551,333,915,1538,1782,863,892,6874,2403,1284,3805,11962,23758,23149,31807,98168
2023,9,80,30,58,118,126,12,26,450,120,46,83,248,456,169,287,1409,46,4,4,4,10,8,10,86,68,4,6,4,26,14,36,158,0,0,0,0,0,0,0,0,2,0,0,0,0,0,7,9,477,461,1091,1939,1712,902,950,7532,2286,1480,3881,12693,21624,72344,26473,140781
2023,10,116,16,62,96,100,20,54,464,143,28,112,292,749,479,844,2647,26,2,8,4,10,6,20,76,56,2,8,10,52,62,202,392,0,0,0,0,0,4,12,16,0,0,4,0,0,14,44,62,461,328,1009,1448,1383,709,813,6151,2155,1343,3513,11030,21129,21478,25705,86353
2023,11,42,14,36,102,102,4,12,312,59,26,49,198,347,241,427,1347,40,0,8,2,12,2,12,76,56,2,8,12,34,40,132,284,0,0,0,0,0,0,4,4,0,0,0,3,2,2,32,39,362,218,690,1354,1152,532,521,4829,1848,1033,2810,10286,18271,18947,23732,76927
2023,12,53,10,30,50,66,5,20,234,94,26,48,131,294,181,312,1086,12,0,1,3,8,2,8,34,32,0,1,9,20,25,76,163,0,0,0,0,0,1,4,5,3,0,0,1,0,2,20,26,219,190,640,1000,699,368,388,3504,1001,635,1873,5825,9057,9149,12111,39651
2023,13,40,13,32,46,53,7,12,203,58,25,53,95,267,185,316,999,13,0,0,6,7,3,10,39,38,0,0,9,21,20,73,161,0,0,0,0,0,0,3,3,2,0,0,0,0,1,20,23,190,139,450,764,575,308,316,2742,923,646,1801,5428,9316,9552,11994,39660
2023,14,0,0,3,0,3,5,20,31,34,8,11,62,185,200,349,849,1,0,0,0,1,3,5,10,8,0,0,0,10,27,59,104,0,0,0,0,0,0,4,4,0,0,0,0,0,3,21,24,93,53,242,374,452,248,292,1754,648,421,1141,3710,7418,7442,9665,30445
2023,15,45,7,30,59,66,7,14,228,71,19,46,128,322,224,368,1178,26,2,0,6,12,3,9,58,45,2,0,7,23,26,79,182,0,0,0,0,0,0,6,6,2,0,0,0,0,0,24,26,253,154,416,715,686,384,332,2940,979,620,1543,5286,9448,9668,12594,40138
2023,16,29,7,25,63,69,11,14,218,64,14,46,152,311,195,361,1143,19,1,1,10,5,3,3,42,44,1,2,12,15,31,42,147,0,0,0,0,0,0,7,7,0,0,0,0,1,1,23,25,235,181,505,827,826,356,237,3167,1057,742,1906,6782,12667,11785,14183,49122
2023,17,0,1,1,1,2,3,17,25,16,10,21,33,177,159,281,697,1,0,0,0,1,1,7,10,4,0,0,0,11,21,71,107,0,0,0,0,0,0,2,2,0,0,0,0,0,2,19,21,119,84,279,468,625,336,292,2203,870,567,1597,5379,10590,10423,12862,42288
2023,18,47,10,35,65,41,8,15,221,76,21,51,131,328,185,332,1124,18,2,3,4,2,3,6,38,32,2,3,9,23,30,86,185,0,0,0,0,0,2,2,4,0,0,0,0,1,5,14,20,281,257,676,1160,856,393,353,3976,1373,901,2271,7119,12411,11180,14732,49987
2023,19,50,12,39,63,55,9,15,243,79,21,61,143,305,195,335,1139,18,1,5,7,0,4,6,41,35,1,5,14,20,38,85,198,0,0,0,0,0,1,7,8,0,0,0,0,2,3,23,28,313,239,738,1202,863,460,422,4237,1196,1142,2203,7549,13487,12725,16225,54527
2023,20,31,6,33,42,54,7,17,190,63,12,52,110,299,166,276,978,16,0,2,7,3,6,2,36,30,0,3,9,14,38,44,138,0,0,0,0,0,0,5,5,0,0,1,1,1,2,22,27,238,189,547,980,836,406,383,3579,1048,763,1880,6327,11572,10869,12741,45200
2023,21,41,13,34,72,61,6,11,238,68,26,62,167,323,220,355,1221,13,1,1,4,3,3,7,32,30,1,1,9,21,27,84,173,0,0,0,0,0,0,13,13,0,0,0,1,4,6,33,44,294,236,656,1073,853,526,471,4109,1113,816,1995,5562,10697,11502,14400,46085
2023,22,45,13,29,74,65,1,14,241,72,28,48,161,356,208,345,1218,22,0,2,9,5,4,8,50,44,0,2,14,18,35,81,194,0,0,0,0,0,0,7,7,0,1,0,0,2,2,29,34,296,221,567,1000,926,550,396,3956,1062,770,1979,7219,13553,12633,14826,52042
2023,23,37,14,27,33,60,14,20,205,90,30,39,114,346,178,322,1119,23,2,3,4,6,2,11,51,39,2,4,8,20,25,65,163,0,0,0,0,0,1,6,7,1,0,0,0,0,4,27,32,273,245,592,1021,809,528,477,3945,1109,963,2577,7781,12773,12067,18465,55735
2023,24,37,14,27,49,54,7,20,208,54,17,42,126,248,202,308,997,17,1,3,7,5,0,7,40,27,1,4,13,14,25,56,140,0,0,0,0,0,0,6,6,0,0,1,0,0,2,14,17,285,206,507,883,688,391,366,3326,1025,698,1789,5951,11563,11113,12824,44963
2023,25,55,12,28,41,60,9,18,223,92,22,55,144,344,245,342,1244,16,0,4,4,2,2,6,34,28,0,6,12,14,26,79,165,0,0,0,0,0,0,3,3,1,0,0,1,0,1,14,17,371,254,562,813,829,468,560,3857,1176,825,1881,6553,13184,12091,16156,51866
2023,26,50,14,19,40,54,13,16,206,73,21,36,130,267,200,285,1012,12,0,2,1,3,1,12,31,15,0,2,6,13,23,80,139,0,0,0,0,1,0,8,9,1,0,0,0,1,3,21,26,302,217,352,600,770,447,404,3092,1082,744,1617,6270,12463,11409,13652,47237
2023,27,61,18,20,57,57,5,16,234,92,26,34,153,282,158,274,1019,21,1,1,5,4,2,5,39,31,1,2,6,14,35,60,149,0,0,0,0,0,1,7,8,0,0,0,0,1,7,18,26,289,187,330,578,657,361,325,2727,959,611,1417,5619,11667,10649,12585,43507
2023,28,53,14,27,59,58,9,22,242,104,31,42,133,303,200,352,1165,16,2,4,7,5,2,5,41,37,2,8,9,16,36,79,187,0,0,0,0,0,1,10,11,2,0,1,4,0,3,27,37,270,223,337,606,688,388,362,2874,1173,778,1677,6066,13080,12251,15308,50333
2023,29,48,15,20,70,60,7,25,245,93,25,40,165,360,201,362,1246,18,1,1,9,5,1,8,43,30,2,1,14,20,27,78,172,0,0,0,0,0,0,8,8,2,0,0,0,0,2,23,27,249,179,395,700,571,336,337,2767,1016,710,1705,5990,11807,11364,13967,46559
2023,30,46,15,17,78,52,4,31,243,81,23,44,171,338,206,398,1261,17,0,3,7,8,1,8,44,29,0,3,14,21,29,66,162,0,1,0,0,0,0,5,6,0,1,0,1,0,1,19,22,318,214,376,761,674,366,323,3032,1221,836,1928,6615,12603,21213,14940,59356
2023,31,36,11,16,46,62,5,22,198,74,17,35,105,274,184,347,1036,15,0,3,6,3,2,4,33,29,0,3,12,13,21,77,155,0,0,0,0,0,0,3,3,0,0,0,1,2,5,17,25,204,172,333,726,612,321,317,2685,938,689,1667,6020,11224,10621,12545,43704
2023,32,50,23,23,66,64,8,23,257,96,33,36,187,319,225,430,1326,23,0,3,7,1,3,5,42,40,0,3,11,10,30,68,162,0,0,0,0,0,0,8,8,1,0,0,0,1,2,20,24,284,230,447,774,629,351,377,3092,1127,760,1815,6286,12137,10956,14379,47460
2023,33,39,4,17,62,56,3,11,192,68,16,44,132,276,207,311,1054,15,1,0,6,10,0,4,36,35,1,0,10,23,29,65,163,0,0,0,0,0,0,4,4,2,0,0,1,1,1,18,23,253,173,345,738,601,310,382,2802,1150,682,1904,6803,13327,12370,14478,50714
2023,34,47,9,28,63,60,11,10,228,85,24,44,162,315,191,361,1182,18,0,0,9,10,1,7,45,36,0,1,12,12,7,21,89,0,0,0,0,0,0,7,7,1,0,0,1,9,24,80,115,233,147,406,710,642,312,367,2817,1043,669,1688,5948,11909,11022,12045,44324
2023,35,66,12,24,58,64,5,23,252,87,23,46,161,347,227,346,1237,20,0,2,6,6,2,5,41,35,0,2,10,18,22,90,177,0,0,0,0,0,2,5,7,0,0,0,2,0,5,25,32,235,195,364,727,587,361,332,2801,1253,816,1848,6698,13143,12792,15358,51908
2023,36,53,9,18,86,79,9,11,265,78,14,29,172,348,195,345,1181,15,0,1,6,12,3,5,42,39,0,1,11,24,35,86,196,0,0,0,0,0,0,4,4,1,0,0,0,0,2,17,20,207,147,386,795,635,334,281,2785,1020,727,1770,6791,13770,12795,15239,52112
2023,37,50,7,16,75,66,8,18,240,58,12,18,133,330,192,333,1076,19,0,0,8,8,1,5,41,31,2,0,14,23,31,89,190,0,0,0,0,0,0,2,2,1,0,0,0,0,1,14,16,193,160,378,738,594,299,280,2642,1088,669,1687,6458,13478,11953,14787,50120
2023,38,65,11,27,85,74,6,27,295,73,16,32,153,313,174,256,1017,28,2,0,9,3,2,3,47,48,2,1,12,13,36,52,164,0,0,0,1,0,0,1,2,1,0,0,1,0,2,26,30,252,189,408,879,666,353,368,3115,1170,716,1770,6460,13463,11196,14339,49114
2023,39,42,15,35,79,88,31,23,313,144,75,155,560,1341,1228,1769,5272,24,2,0,7,9,2,7,51,41,4,1,12,32,31,80,201,0,0,0,0,0,0,0,0,0,0,0,1,1,1,23,26,209,149,356,756,606,287,301,2664,961,597,1522,6042,12439,11257,13167,45985
2023,40,45,8,21,76,58,8,23,239,57,11,26,129,259,167,269,918,15,0,1,5,4,1,3,29,31,0,1,17,18,37,69,173,0,0,0,0,0,0,10,10,0,0,0,2,1,2,26,31,230,167,372,817,581,345,262,2774,1085,721,1691,6341,13152,11431,13719,48140
2023,41,39,8,18,55,43,3,17,183,49,9,22,91,210,143,227,751,18,0,0,5,3,5,3,34,38,0,0,11,22,31,67,169,0,0,0,0,0,1,3,4,1,0,0,1,0,3,26,31,194,119,263,592,493,300,260,2221,972,628,1469,6054,14856,10498,12686,47163
2023,42,42,11,14,63,38,7,27,202,51,13,17,110,290,172,194,847,14,1,1,7,7,5,7,42,31,1,1,7,19,31,83,173,0,0,0,0,0,1,5,6,1,0,0,0,1,2,22,26,190,124,273,619,499,247,232,2184,922,681,1383,5220,11224,9544,12081,41055
2023,43,53,10,15,70,63,11,22,244,64,12,21,123,283,174,258,935,22,0,2,6,8,3,6,47,52,0,2,8,22,26,89,199,0,0,0,0,0,0,5,5,1,0,1,0,0,2,14,18,193,123,251,703,583,260,240,2353,998,646,1520,5863,12764,12140,14417,48348
2023,44,28,7,21,59,34,9,11,169,43,8,27,104,196,134,228,740,10,0,2,6,2,3,5,28,30,0,2,9,17,34,70,162,0,0,0,0,0,0,4,4,0,0,0,0,0,0,13,13,164,95,240,593,550,241,218,2101,994,631,1347,5616,11501,10566,12590,43245
2023,45,35,9,17,64,55,7,25,212,45,10,19,93,206,124,207,704,13,0,3,4,3,1,5,29,33,0,3,5,13,24,65,143,0,0,0,0,0,0,4,4,0,0,0,0,0,2,14,16,186,129,240,544,503,211,232,2045,997,580,1190,4500,9454,9546,12051,38318
2023,46,51,37,22,63,51,6,46,276,66,38,29,218,322,235,484,1392,21,1,6,4,6,0,3,41,43,1,6,8,23,28,75,184,0,0,0,0,0,0,6,6,0,0,0,1,1,1,21,24,193,152,373,695,628,290,296,2627,1058,644,1696,5549,11807,11091,14315,46160
2023,47,40,9,23,55,65,11,91,294,47,12,53,196,311,313,556,1488,24,0,5,7,6,1,4,47,32,1,6,13,22,23,67,164,0,0,0,0,0,1,10,11,0,0,0,0,1,2,14,17,219,174,356,678,622,331,309,2689,1235,907,1806,6789,13234,12835,15111,51917
2023,48,46,3,25,56,73,17,71,291,56,9,36,192,394,333,636,1656,15,0,4,4,7,1,4,35,27,0,5,7,29,21,90,179,0,0,0,0,0,0,5,5,1,0,0,2,2,2,25,32,238,164,307,601,633,353,324,2620,1272,841,1813,6771,12867,12809,15624,51997
2023,49,48,9,21,73,53,12,36,252,60,15,33,239,424,338,546,1655,16,1,1,8,5,5,7,43,32,1,1,14,18,32,87,185,0,0,0,0,1,0,8,9,1,0,0,0,3,3,30,37,276,153,274,563,575,292,337,2470,1117,684,1395,5393,10938,10648,13181,43356
2023,50,1,0,0,0,3,8,45,57,7,0,26,80,270,305,541,1229,0,0,0,0,0,3,4,7,5,0,0,1,12,19,68,105,0,0,0,0,0,0,5,5,0,0,0,0,0,1,23,24,68,47,104,216,454,304,395,1588,834,503,1185,4705,9457,10211,13357,40252
2023,51,35,5,23,62,72,13,18,228,52,8,27,154,261,250,346,1098,17,0,4,3,4,3,4,35,32,0,4,9,22,29,52,148,0,0,0,0,0,0,3,3,1,0,0,0,0,5,17,23,201,126,235,542,595,367,268,2334,1667,589,4364,5082,11088,11175,13758,47723
2023,52,38,3,10,61,30,7,15,164,47,5,12,96,177,97,176,610,14,0,1,4,4,1,8,32,21,0,1,4,12,18,49,105,0,0,0,0,0,0,2,2,0,0,0,0,0,3,16,19,172,98,151,444,449,308,417,2039,737,423,832,3130,6215,6681,8201,26219
2024,1,33,11,16,56,43,11,45,215,80,42,32,121,272,196,291,1034,13,0,0,5,6,3,15,42,31,0,0,8,16,24,77,156,0,0,0,0,0,1,2,3,4,0,0,0,4,5,22,35,202,134,203,441,653,377,552,2562,841,513,969,3589,8283,7359,9950,31504
2024,2,60,15,24,87,64,16,35,301,115,56,38,184,394,283,366,1436,21,2,1,8,7,7,11,57,52,2,2,16,25,48,82,227,0,0,0,0,0,0,7,7,2,0,0,0,2,4,37,45,229,202,265,660,744,456,538,3094,1045,746,1447,5422,10771,9884,12067,41382
2024,3,55,17,23,69,64,15,27,270,121,82,60,326,603,447,785,2424,15,0,3,9,12,5,8,52,45,1,3,17,34,52,75,227,0,0,0,0,1,0,12,13,2,0,0,1,3,9,38,53,202,135,246,615,617,426,514,2755,1139,852,2158,6995,13124,13141,15426,52835
2024,4,3,20,22,68,87,18,30,248,93,71,61,244,526,392,583,1970,11,2,1,11,6,9,10,50,36,2,3,23,34,45,97,240,0,0,0,0,0,1,8,9,0,0,0,3,4,12,36,55,159,167,185,582,521,294,353,2261,1075,813,1826,7136,13267,12368,14348,50833
2024,5,39,11,9,99,54,8,31,251,125,49,48,213,417,382,526,1760,15,0,0,6,5,5,6,37,30,0,1,15,28,42,99,215,0,0,0,0,0,0,5,5,2,0,0,0,3,5,40,50,147,108,141,555,341,199,218,1709,920,636,1804,5333,9475,9804,12064,40036
2024,6,39,8,19,84,60,10,22,242,107,39,34,148,301,219,361,1209,16,0,1,6,4,5,7,39,45,1,2,15,28,49,106,246,0,0,0,0,0,0,4,4,2,1,0,1,2,4,37,47,164,105,222,591,419,244,232,1977,1144,860,2297,6484,12176,12041,14595,49597
2024,7,44,12,33,84,54,12,20,259,123,34,81,217,440,329,495,1719,16,1,0,9,3,8,12,49,47,1,0,18,28,48,100,242,0,0,0,0,0,0,5,5,4,0,0,0,1,7,34,46,155,130,224,701,394,233,217,2054,1060,711,1996,6134,11456,10632,13569,45558
2024,8,43,10,28,82,67,14,23,267,126,51,60,293,478,454,669,2131,14,2,0,4,6,5,8,39,42,2,1,9,29,46,88,217,0,0,0,0,0,0,11,11,3,0,0,1,1,2,37,44,169,144,280,895,458,240,246,2432,1155,884,2050,7431,12848,13078,16284,53730
2024,9,38,12,21,100,76,14,20,281,105,51,47,307,449,395,704,2058,17,1,0,10,7,6,10,51,37,3,1,20,35,41,106,243,0,0,0,0,0,0,7,7,2,0,0,0,8,2,35,47,223,156,297,985,576,261,232,2730,1185,775,2064,7323,13376,13371,16417,54511
2024,10,43,32,18,88,74,28,31,314,98,67,42,258,429,383,795,2072,19,0,1,10,10,5,6,51,53,2,2,18,32,43,91,241,0,0,0,0,0,0,9,9,2,1,0,2,3,6,35,49,221,164,338,928,477,253,279,2660,1074,754,1855,7690,13768,13890,16494,55525
2024,11,45,13,29,101,69,8,31,296,104,45,60,325,440,430,714,2118,20,2,4,9,2,5,8,50,42,2,4,17,31,38,96,230,0,0,0,0,0,0,9,9,5,0,1,1,3,2,39,51,223,181,424,1003,686,300,268,3085,1146,946,2139,8481,14721,15153,17485,60071
2024,12,41,9,17,94,58,7,24,250,113,44,48,235,374,394,591,1799,25,1,0,18,8,3,2,57,37,1,0,25,38,35,67,203,0,0,0,0,1,0,5,6,3,0,0,0,6,6,32,47,169,155,326,761,421,237,217,2286,1213,954,1994,7822,13139,12723,14124,51969
2024,13,42,9,25,88,76,10,26,276,74,40,51,288,428,336,654,1871,21,2,1,15,10,4,3,56,43,2,1,30,43,40,73,232,0,0,0,0,0,0,9,9,2,0,1,1,4,10,39,57,150,121,288,598,274,137,150,1718,674,515,1080,4192,7442,6834,8482,29219
2024,14,48,9,30,97,82,21,49,336,114,75,63,265,476,464,676,2133,16,0,0,5,10,5,5,41,49,0,1,30,43,57,121,301,0,0,0,0,0,2,4,6,3,0,1,0,4,8,36,52,182,169,310,747,556,296,296,2556,980,754,1576,6919,13282,13069,16056,52636
2024,15,56,12,20,92,71,13,47,311,138,79,59,276,465,441,690,2148,17,4,1,11,13,4,9,59,37,4,1,24,36,42,99,243,0,0,0,0,0,1,4,5,0,0,0,0,3,4,19,26,204,166,335,862,526,311,237,2641,1089,900,1786,7174,20051,12928,15330,59258
2024,16,44,13,28,96,66,12,38,297,144,55,53,241,420,343,678,1934,16,1,3,11,6,1,4,42,39,1,4,22,33,35,71,205,0,0,0,0,0,0,10,10,2,0,0,0,3,8,38,51,192,158,464,918,558,249,226,2765,1221,866,2112,8953,15016,14545,16774,59487
2024,17,49,11,32,108,57,11,68,336,124,64,48,320,346,357,604,1863,24,0,4,9,6,6,5,54,41,0,5,18,30,32,79,205,0,0,0,0,1,0,5,6,1,0,0,1,3,9,25,39,241,212,539,977,545,321,300,3135,1226,1011,2181,8045,13611,13583,15552,55209
2024,18,44,26,36,92,67,12,71,348,106,60,47,227,324,290,621,1675,24,0,1,13,6,5,7,56,42,2,2,26,31,37,76,216,0,0,0,0,0,1,5,6,4,0,3,6,4,9,36,62,200,217,509,1002,529,309,299,3065,991,807,1713,7307,11686,11104,13802,47410
2024,19,39,14,37,93,86,20,57,346,112,62,54,283,414,297,590,1812,21,1,3,9,7,1,3,45,36,1,4,21,28,29,65,184,0,0,0,0,0,2,3,5,5,0,0,2,2,7,21,37,228,213,523,982,583,295,250,3074,1101,851,2325,7871,12732,12384,15049,52313
2024,20,56,21,32,94,93,24,45,365,122,61,72,294,433,376,565,1923,23,1,4,14,9,6,6,63,44,1,4,22,28,34,78,211,0,0,0,0,0,1,5,6,2,0,0,1,4,7,28,42,290,271,591,1140,658,373,379,3702,1119,887,1981,8126,12751,12559,15306,52729
2024,21,68,18,32,99,68,40,37,362,141,58,42,297,433,337,658,1966,20,1,3,12,9,3,6,54,36,1,5,21,30,35,75,203,0,0,0,0,0,1,7,8,2,0,0,2,2,6,31,43,342,274,597,1263,704,471,393,4044,1065,848,1990,7957,14001,12845,16080,54786
2024,22,55,10,37,97,73,16,24,312,132,48,50,186,365,278,493,1552,18,3,3,6,11,3,9,53,37,4,3,13,36,30,53,176,1,0,0,0,0,1,2,4,1,0,0,0,0,5,27,33,272,189,496,1115,721,391,340,3524,1133,812,2071,8018,12976,12459,14058,51527
2024,23,46,12,49,72,53,8,26,266,123,46,56,254,300,306,516,1601,18,0,4,9,6,1,7,45,37,0,7,19,20,24,56,163,0,0,0,0,0,0,7,7,3,0,0,1,3,4,41,52,264,196,468,1034,800,493,436,3691,962,729,2010,6493,11465,11187,13382,46228
2024,24,67,20,26,85,59,15,65,337,121,51,66,230,389,319,547,1723,24,1,2,16,9,3,4,59,42,2,3,23,27,33,65,195,0,0,0,0,0,0,6,6,1,0,0,1,5,8,32,47,323,261,462,1052,1003,568,520,4189,1145,891,1763,7119,12984,11727,15150,50779
2024,25,75,15,44,87,65,12,161,459,172,62,109,340,438,374,735,2230,22,1,1,10,10,3,6,53,41,1,2,16,50,52,72,234,0,0,0,0,1,1,7,9,1,0,0,2,1,9,30,43,337,308,544,1099,1439,893,712,5332,1217,1072,2148,8421,14729,15766,17479,60832
2024,26,57,8,34,83,57,11,55,305,134,59,43,192,296,228,503,1455,25,1,2,8,9,6,9,60,50,1,2,21,30,28,64,196,0,0,0,0,0,1,3,4,3,0,0,0,5,7,21,36,324,267,476,859,1280,741,693,4640,1373,1009,2028,7065,12636,12313,14144,50568
2024,27,50,15,24,83,95,38,49,354,108,51,39,271,500,399,730,2098,17,0,6,10,6,3,7,49,46,0,6,17,30,35,86,220,0,0,0,0,0,1,22,23,0,0,0,1,3,13,57,74,325,208,344,841,1123,647,845,4333,1046,751,1490,6186,11800,10959,12385,44617
2024,28,58,11,35,103,88,13,64,372,127,61,52,287,464,336,616,1943,32,1,4,15,4,2,8,66,56,2,4,22,26,30,81,221,0,0,0,0,0,0,12,12,2,0,0,2,3,3,44,54,301,203,357,992,1216,645,814,4528,1370,995,1836,7928,14774,14460,16602,57965
2024,29,56,19,89,93,79,50,49,435,130,64,151,311,451,588,676,2371,29,0,6,12,7,1,7,62,47,1,6,22,23,32,74,205,0,0,0,0,0,1,7,8,4,0,0,0,3,4,40,51,253,191,350,921,974,495,629,3813,1106,835,1704,7457,13401,13020,14244,51767
2024,30,63,13,30,103,66,33,32,340,159,62,70,280,433,426,663,2093,26,0,1,12,9,2,5,55,47,0,1,20,46,34,84,232,1,0,0,0,0,1,4,6,2,0,0,2,4,4,28,40,289,226,373,913,926,560,558,3845,1264,947,1752,7541,14306,13433,16329,55572
2024,31,56,11,67,97,61,27,57,376,151,54,96,288,399,416,673,2077,16,1,0,14,7,3,7,48,45,2,3,20,38,34,70,212,0,0,0,0,0,0,5,5,0,0,0,0,5,2,26,33,262,203,373,934,690,433,453,3348,1108,842,1726,7174,12829,12854,15364,51897
2024,32,49,14,40,125,54,38,40,360,132,43,72,271,400,468,518,1904,18,0,2,14,4,4,6,48,44,1,2,28,21,26,91,213,0,0,0,0,0,0,1,1,2,0,0,3,3,5,30,43,236,188,331,805,489,328,317,2694,973,720,1474,6017,11022,10782,13212,44200
2024,33,31,14,21,81,51,13,29,240,100,69,39,205,392,342,358,1505,9,1,1,4,3,4,4,26,36,3,1,15,21,20,64,160,0,0,0,0,0,0,1,1,3,0,0,0,2,6,34,45,173,200,305,699,549,293,277,2496,950,711,1656,6576,12232,11470,14517,48112
2024,34,55,14,23,72,45,35,31,275,128,57,47,310,347,438,479,1806,18,2,1,6,5,4,4,40,48,2,2,15,27,40,88,222,0,0,0,0,0,0,6,6,1,0,0,0,6,2,29,38,199,185,299,795,528,281,251,2538,855,725,1433,6681,11293,11032,14105,46124
2024,35,50,20,23,136,63,9,29,330,131,84,44,262,409,389,523,1842,20,3,4,5,6,3,3,44,42,3,6,14,23,33,68,189,0,0,0,0,0,2,8,10,3,0,0,0,3,6,37,49,236,188,369,811,572,245,242,2663,1164,791,1761,7225,12843,12681,15475,51940
2024,36,49,7,15,126,67,7,44,315,147,60,39,280,439,370,487,1822,14,1,1,6,8,3,3,36,49,1,1,12,26,34,65,188,0,0,0,0,1,2,8,11,2,0,1,0,4,7,36,50,198,160,317,773,710,282,248,2688,967,639,1646,7402,13955,12925,15630,53164
2024,37,45,12,25,122,71,5,25,305,153,67,47,314,438,428,586,2033,17,0,2,6,12,3,4,44,48,0,3,15,33,35,68,202,0,0,0,0,0,1,3,4,2,1,1,1,3,5,35,48,199,152,350,727,615,303,251,2597,1095,774,1751,7528,14833,13720,16840,56541
2024,38,35,6,21,128,74,8,20,292,130,54,37,335,368,381,594,1899,18,1,0,7,5,0,5,36,56,1,1,15,39,32,81,225,0,0,0,0,0,1,3,4,2,0,0,1,6,9,24,42,190,155,306,752,635,275,202,2515,1008,725,1655,7481,15306,13711,17077,56963
2024,39,38,15,21,87,77,20,25,283,112,73,45,273,438,423,565,1929,20,1,2,9,8,3,11,54,47,1,3,25,71,78,200,425,0,0,0,0,0,0,10,10,3,0,0,0,3,6,36,48,183,181,314,660,569,314,260,2481,1019,727,1738,7578,13384,13207,16308,53961
2024,40,33,6,18,86,56,16,34,249,152,60,36,222,357,414,612,1853,12,0,0,9,6,4,5,36,51,0,2,18,27,42,85,225,0,0,0,0,1,0,4,5,1,0,0,1,2,5,33,42,176,144,303,619,546,250,234,2272,904,646,1456,6638,13322,12717,14035,49718
2024,41,25,9,25,55,38,6,9,167,102,59,41,205,290,292,480,1469,13,2,0,2,4,0,1,22,42,2,3,9,25,24,45,150,0,0,0,0,0,0,2,2,1,0,0,0,2,7,18,28,122,119,263,520,675,253,250,2202,978,704,1494,6621,12302,12392,14596,49087
2024,42,65,16,21,127,51,9,63,352,139,68,82,307,462,397,927,2382,16,2,2,10,9,1,7,47,47,2,4,18,28,34,72,205,0,0,0,0,0,0,8,8,1,0,0,1,1,5,23,31,172,140,282,291,534,266,302,1987,865,654,1478,6607,12132,12330,14894,48960
2024,43,49,20,21,71,49,8,65,283,126,65,48,265,372,347,635,1858,20,0,1,13,9,2,5,50,47,1,1,19,28,35,80,211,0,0,0,0,0,0,9,9,0,0,0,1,3,5,34,43,176,171,245,597,537,240,280,2246,994,812,1642,7194,13836,13568,16659,54705
2024,44,33,8,17,57,45,12,20,192,108,42,30,158,308,246,533,1425,13,3,1,5,3,5,2,32,38,3,1,18,21,33,65,179,0,0,0,0,0,1,4,5,0,0,0,0,3,6,26,35,147,128,228,537,549,266,191,2046,968,718,1464,6489,13666,13496,16221,53022
2024,45,22,7,22,56,43,26,18,194,94,35,65,205,322,269,625,1615,9,1,1,10,5,1,3,30,39,2,2,15,20,20,71,169,0,0,0,0,0,0,4,4,1,0,1,0,7,2,29,40,120,113,233,567,549,234,228,2044,754,596,1368,6175,12107,11024,13616,45640
2024,46,42,11,34,60,50,10,28,235,139,68,55,172,371,441,785,2031,18,2,3,8,7,2,7,47,53,2,6,14,26,25,80,206,0,0,0,0,0,0,4,4,2,0,0,1,2,4,30,39,170,134,248,556,501,215,196,2020,939,612,1287,6184,11977,11855,14644,47498
2024,47,44,15,21,67,55,7,24,233,121,58,47,186,393,477,786,2068,17,0,1,9,7,0,3,37,48,1,2,10,29,24,58,172,0,0,0,0,0,0,3,3,1,1,0,1,6,6,31,46,183,158,266,682,813,420,368,2890,1079,802,1622,7802,15217,14908,19488,60918
2024,48,37,11,20,69,49,11,41,238,126,60,47,183,352,336,667,1771,11,0,2,8,6,5,4,36,48,0,3,21,32,40,63,207,0,0,0,0,0,0,4,4,2,1,0,1,3,6,31,44,161,124,317,796,1035,734,639,3806,1128,811,1699,6169,13539,12307,14905,50558
2024,49,31,6,20,57,62,19,34,229,122,58,32,153,344,459,696,1864,10,1,0,9,3,2,5,30,41,1,1,11,22,30,76,182,0,0,0,0,0,0,3,3,3,0,0,0,4,4,24,35,168,99,234,475,729,320,392,2417,943,543,1343,5906,13034,12694,16077,50540
2024,50,33,14,16,59,57,10,18,207,113,61,43,168,324,369,634,1712,14,1,1,8,5,4,3,36,44,2,2,16,22,45,80,211,0,0,0,0,0,1,3,4,1,0,2,0,5,7,38,53,201,127,240,564,839,428,373,2772,1036,641,1462,6542,13163,12805,16900,52549
2024,51,46,14,16,58,63,13,43,253,141,95,46,237,451,411,729,2110,13,0,0,5,7,2,7,34,44,1,1,13,27,32,68,186,0,0,0,0,1,1,3,5,1,0,0,1,3,9,27,41,188,131,259,568,779,375,369,2669,1142,735,1594,6978,14209,13732,17293,55683
2024,52,19,9,13,51,59,11,38,200,84,43,41,223,407,309,461,1568,12,0,2,8,6,2,6,36,44,0,4,18,25,25,75,191,0,0,0,0,0,1,9,10,2,0,0,2,3,9,27,43,150,110,173,415,542,287,324,2001,736,411,976,4027,8193,8157,11141,33641
2025,1,35,9,14,48,46,17,47,216,78,31,43,235,436,359,577,1759,12,0,1,5,4,3,9,34,61,1,3,10,43,49,90,257,0,0,0,0,1,1,5,7,0,1,0,3,6,4,21,35,133,91,131,365,460,298,387,1865,526,377,668,3239,7599,6585,8147,27141
2025,2,27,16,15,57,50,14,34,213,94,60,46,325,525,477,826,2353,13,1,4,6,7,0,7,38,56,2,5,15,35,42,106,261,0,0,0,0,1,0,6,7,4,1,0,0,4,3,47,59,202,145,247,757,921,664,700,3636,1078,678,1450,6437,12048,11322,14630,47643
2025,3,27,16,40,68,63,16,34,264,121,79,102,223,418,385,707,2035,9,2,3,16,6,0,9,45,37,2,4,25,30,35,84,217,0,0,0,0,0,1,8,9,1,0,0,1,2,12,32,48,209,155,268,544,628,376,456,2636,1211,869,1859,8203,13963,14072,17225,57402
2025,4,24,16,20,65,61,9,26,221,105,71,54,246,394,318,574,1762,17,0,2,8,7,2,8,44,53,1,2,21,24,33,82,216,0,0,0,0,0,0,8,8,3,0,0,1,0,3,39,46,173,106,172,523,565,305,337,2181,1113,866,2001,8409,16453,17327,19967,66136
2025,5,29,14,17,62,59,9,56,246,102,76,35,228,402,430,809,2082,11,1,2,9,3,4,8,38,52,1,3,19,29,73,109,286,0,0,0,0,0,2,6,8,0,0,0,1,4,12,28,45,170,118,181,494,493,265,259,1980,954,746,1881,7608,14776,14976,17636,58577
2025,6,35,16,17,56,50,16,39,229,110,93,43,218,385,395,829,2073,16,2,1,11,5,2,8,45,78,2,3,20,41,48,116,308,0,0,0,0,0,0,5,5,1,0,0,2,2,3,33,41,124,104,167,516,430,285,285,1911,972,726,1731,7056,13777,15057,18124,57443
2025,7,21,2,12,54,32,10,92,223,88,45,70,224,336,290,699,1752,10,0,0,8,7,2,6,33,40,0,1,17,25,42,90,215,0,0,0,0,0,0,7,7,3,0,0,1,3,6,33,46,128,122,149,603,488,238,286,2014,1003,801,1799,7575,15341,15871,19394,61784
2025,8,32,15,14,41,38,9,112,261,108,50,40,209,352,360,661,1780,11,1,0,12,5,4,3,36,40,1,1,22,34,48,71,217,0,0,0,0,0,0,8,8,1,0,0,0,3,5,43,52,155,100,237,591,592,294,346,2315,1143,818,2042,8019,40592,111364,47671,211649
2025,9,34,10,13,60,35,11,94,257,112,44,19,204,370,331,797,1877,11,1,2,10,6,5,6,41,48,1,4,18,36,57,89,253,0,0,0,0,1,0,10,11,1,0,0,0,2,4,24,31,171,124,229,670,553,325,351,2423,1170,893,2057,8313,36304,17638,36741,103116
2025,10,36,10,12,48,44,10,118,278,109,61,43,140,374,330,830,1887,22,2,1,4,8,3,4,44,56,2,1,16,23,47,87,232,0,0,0,0,0,0,8,8,2,0,0,3,1,5,41,52,76,77,177,710,616,380,368,2404,1138,763,1824,7289,16031,15885,18806,61736
2025,11,36,13,19,44,44,18,34,208,133,61,51,176,387,388,658,1854,21,1,1,6,5,3,3,40,51,2,1,13,23,40,83,213,0,0,0,0,0,1,8,9,1,0,0,3,2,9,38,53,242,181,399,842,715,433,451,3263,1196,867,2303,8899,17277,16955,19532,67029
2025,12,36,9,13,55,34,6,26,179,115,57,26,181,254,290,456,1379,15,1,3,5,7,3,4,38,36,3,5,11,29,36,75,195,0,0,0,0,0,0,4,4,0,1,0,2,2,5,31,41,196,135,338,588,536,314,310,2417,961,704,1717,7151,14657,14127,16863,56180
2025,13,39,13,37,57,35,10,33,224,120,46,52,209,361,402,759,1949,10,1,3,8,8,6,6,42,53,1,4,20,33,55,101,267,0,0,0,0,0,2,4,6,6,0,1,0,4,12,42,65,198,150,382,708,600,325,419,2782,1016,703,1681,7630,14446,13819,17370,56665
2025,14,38,6,18,60,46,4,71,243,109,47,49,203,324,353,862,1947,19,0,0,14,2,5,9,49,50,1,1,24,26,52,132,286,0,0,0,0,0,0,3,3,1,0,0,2,2,4,30,39,88,92,182,338,589,381,356,2026,946,704,1727,7730,14431,13623,16021,55182
2025,15,39,17,24,55,44,9,83,271,106,64,47,170,329,411,782,1909,20,0,4,6,5,5,7,47,53,0,4,9,21,48,94,229,0,0,0,0,0,0,2,2,2,0,0,1,4,7,35,49,202,149,374,802,690,364,392,2973,964,732,1914,8080,15641,14841,17760,59932
2025,16,32,11,21,61,48,14,115,302,80,45,32,171,318,297,601,1544,16,1,3,9,7,2,11,49,51,1,5,17,46,63,117,300,0,0,0,0,0,0,5,5,1,1,0,0,3,7,32,44,177,131,316,504,553,320,412,2413,557,381,1001,4057,7367,6351,8837,28551
2025,17,34,12,39,51,35,12,39,222,110,74,52,146,299,316,544,1541,15,2,2,7,8,8,7,49,52,2,2,14,27,64,139,300,0,0,0,0,0,0,5,5,0,0,0,11,42,11,43,107,195,138,280,622,646,343,402,2626,906,655,1360,6250,14156,13702,17231,54260
2025,18,29,9,19,54,45,10,71,237,94,47,30,164,330,329,805,1799,16,2,2,7,8,7,4,46,50,2,2,16,36,56,83,245,0,0,0,0,0,0,8,8,3,0,190,0,4,10,35,242,145,142,313,631,564,337,357,2489,898,693,1499,6632,13009,11971,14597,49299
2025,19,55,11,29,51,33,7,22,208,149,66,40,205,368,363,644,1835,10,1,2,9,1,2,7,32,40,1,3,22,31,38,98,233,0,0,0,0,0,1,3,4,0,1,0,0,2,3,38,44,189,148,373,803,674,373,350,2910,1044,741,1766,7499,15627,15090,18266,60033
2025,20,35,8,14,101,37,9,32,236,134,60,48,254,356,467,511,1830,12,1,1,10,6,1,8,39,44,1,2,26,40,34,105,252,0,0,0,0,0,0,4,4,1,0,0,1,6,6,41,55,215,156,421,840,672,373,406,3083,1167,1172,2007,7625,15375,14773,18270,60389
2025,21,36,18,15,70,39,8,57,243,129,72,55,248,402,388,755,2049,15,3,2,5,5,2,4,36,47,3,3,11,33,43,95,235,0,0,0,0,0,0,6,6,4,0,0,1,2,3,48,58,226,179,506,884,683,406,498,3382,1269,857,2270,8448,16326,16145,20224,65539
2025,22,35,19,17,35,31,9,37,183,123,65,36,161,241,280,562,1468,15,2,0,9,7,3,4,40,50,3,0,17,27,34,77,208,0,0,0,0,0,0,1,1,6,0,1,1,3,17,44,72,232,168,453,822,696,459,441,3271,1091,783,1975,8008,15107,14759,18274,59997
2025,23,41,13,26,46,50,36,62,274,124,58,41,169,364,417,838,2011,12,2,0,11,6,4,10,45,41,3,0,18,34,50,90,236,0,0,0,0,1,3,6,10,1,0,0,5,5,7,31,49,227,189,501,783,685,418,479,3282,1094,820,2067,6918,13523,14200,17948,56570
2025,24,62,11,21,54,52,47,38,285,156,55,78,186,307,440,776,1998,19,2,1,13,18,3,10,66,56,2,1,23,45,35,100,262,0,0,0,0,0,0,11,11,1,0,0,2,5,3,40,51,270,204,441,857,743,497,545,3557,1206,805,2060,7899,16031,16133,19546,63680
2025,25,25,7,17,34,33,13,99,228,108,50,37,150,238,371,686,1640,8,0,3,5,5,3,6,30,40,1,3,17,19,38,70,188,0,0,0,0,0,0,5,5,4,0,0,2,3,6,31,46,184,150,414,582,667,387,448,2832,1088,823,1972,7509,14200,14140,17633,57365
2025,26,38,6,22,32,31,6,54,189,103,41,34,129,257,372,631,1567,8,0,2,8,5,4,7,34,43,0,3,16,22,31,86,201,0,0,0,0,0,0,6,6,1,0,0,3,5,8,33,50,234,138,347,479,507,350,441,2496,996,654,1432,6060,10666,10997,14371,45176
2025,27,47,8,24,78,49,8,97,311,132,43,49,185,329,319,658,1715,11,0,0,8,6,2,11,38,52,2,0,17,36,29,98,234,0,0,0,0,0,0,8,8,1,0,0,0,1,3,28,33,252,184,293,525,604,462,540,2860,1068,694,1619,8172,14117,14653,18890,59213
2025,28,49,13,28,41,45,7,37,220,129,84,38,142,464,452,928,2237,16,2,1,6,7,4,12,48,58,2,4,17,43,81,147,352,0,0,0,0,0,0,8,8,2,0,0,1,2,5,51,61,230,206,301,534,666,509,583,3029,1363,947,2290,9984,18622,20481,24205,77892
