anio,semana,HOSPITALIZACION IRAG MENOR 1 AÑO,HOSPITALIZACION IRAG 1 AÑO,HOSPITALIZACION IRAG 2 A 4 AÑOS,HOSPITALIZACION IRAG 5 A 19 AÑOS,HOSPITALIZACION IRAG 20 A 39 AÑOS,HOSPITALIZACION IRAG 40 A 59 AÑOS,HOSPITALIZACION IRAG  MAYOR 60 AÑOS,TOTAL CASOS DE HOSPITALIZACIONES POR IRAG,TOTAL CAUSAS HOSPITALIZACIONES MENOR 1 AÑO,TOTAL CAUSAS HOSPITALIZACIONES 1 AÑO,TOTAL CAUSAS HOSPITALIZACIONES 2 A 4 AÑOS,TOTAL CAUSAS HOSPITALIZACIONES 5 A 19 AÑOS,TOTAL CAUSAS HOSPITALIZACIONES 20 A 39 AÑOS,TOTAL CAUSAS HOSPITALIZACIONES 40 A 59 AÑOS,TOTAL CAUSAS HOSPITALIZACIONES MAYOR 60 AÑOS,TOTAL HOSPITALIZACIONES POR TODAS LAS CAUSAS,HOSPITALIZACIONES EN UCI POR IRAG MENOR 1 AÑO,HOSPITALIZACIONES EN UCI POR IRAG 1 AÑO,HOSPITALIZACIONES EN UCI POR IRAG 2 A 4 AÑOS,HOSPITALIZACIONES EN UCI POR IRAG 5 A 19 AÑOS,HOSPITALIZACIONES EN UCI POR IRAG 20 A 39 AÑOS,HOSPITALIZACIONES EN UCI POR IRAG 40 A 59 AÑOS,HOSPITALIZACIONES EN UCI POR IRAG MAYOR 60 AÑOS,TOTAL DE LAS HOSPITALIZACIONES EN UCI POR IRAG,HOSPITALIZACIONES EN UCI POR TODAS LAS CAUSAS MENOR 1 AÑO,HOSPITALIZACIONES EN UCI POR TODAS LAS CAUSAS 1 AÑO,HOSPITALIZACIONES EN UCI POR TODAS LAS CAUSAS 2 A 4 AÑOS,HOSPITALIZACIONES EN UCI POR TODAS LAS CAUSAS 5 A 19 AÑOS,HOSPITALIZACIONES EN UCI POR TODAS LAS CAUSAS 20 A 39 AÑOS,HOSPITALIZACIONES EN UCI POR TODAS LAS CAUSAS 40 A 59 AÑOS,HOSPITALIZACIONES EN UCI POR TODAS LAS CAUSAS MAYOR 60 AÑOS,TOTAL TODAS LAS HOSPITALIZACIONES EN UCI POR TODAS LAS CAUSAS,MUERTES POR IRAG MENOR 1 AÑO,MUERTES POR IRAG 1 AÑO,MUERTES POR IRAG 2 A 4 AÑOS,MUERTES POR IRAG 5 A 19 AÑOS,MUERTES POR IRAG 20 A 39 AÑOS,MUERTES POR IRAG 40 A 59 AÑOS,MUERTES POR IRAG MAYOR 60 AÑOS,TOTAL DE MUERTES POR IRAG,TODAS LAS CAUSAS DE MUERTE MENOR 1 AÑO,TODAS LAS CAUSAS DE MUERTE 1 AÑO,TODAS LAS CAUSAS DE MUERTE 2 A 4 AÑOS,TODAS LAS CAUSAS DE MUERTE 5 A 19 AÑOS,TODAS LAS CAUSAS DE MUERTE 20 A 39 AÑOS,TODAS LAS CAUSAS DE MUERTE 40 A 59 AÑOS,TODAS LAS CAUSAS DE MUERTE MAYOR 60 AÑOS,TOTAL DE MUERTES POR TODAS LAS CAUSAS,IRAG POR CONSULTA EXTERNA Y URGENCIAS MENOR 1 AÑO,IRAG POR CONSULTA EXTERNA Y URGENCIAS 1 AÑO,IRAG POR CONSULTA EXTERNA Y URGENCIAS 2 A 4 AÑOS,IRAG POR CONSULTA EXTERNA Y URGENCIAS 5 A 19 AÑOS,IRAG POR CONSULTA EXTERNA Y URGENCIAS 20 A 39 AÑOS,IRAG POR CONSULTA EXTERNA Y URGENCIAS 40 A 59 AÑOS,IRAG POR CONSULTA EXTERNA Y URGENCIAS MAYOR 60 AÑOS,TOTAL DE EVENTOS DE MORBILIDAD DE IRAG POR CONSULTA EXTERNA Y URGENCIAS,CONSULTA EXTERNA Y URGENCIAS POR TODAS LAS CAUSAS INCLUYENDO IRAG MENOR 1 AÑO,CONSULTA EXTERNA Y URGENCIAS POR TODAS LAS CAUSAS INCLUYENDO IRAG 1 AÑO,CONSULTA EXTERNA Y URGENCIAS POR TODAS LAS CAUSAS INCLUYENDO IRAG 2 A 4 AÑOS,CONSULTA EXTERNA Y URGENCIAS POR TODAS LAS CAUSAS INCLUYENDO IRAG 5 A 19 AÑOS,CONSULTA EXTERNA Y URGENCIAS POR TODAS LAS CAUSAS INCLUYENDO IRAG 20 A 39 AÑOS,CONSULTA EXTERNA Y URGENCIAS POR TODAS LAS CAUSAS INCLUYENDO IRAG 40 A 59 AÑOS,CONSULTA EXTERNA Y URGENCIAS POR TODAS LAS CAUSAS INCLUYENDO IRAG MAYOR 60 AÑOS,TOTAL DE EVENTOS DE MORBILIDAD DE IRAG POR CONSULTA EXTERNA Y URGENCIAS POR TODAS LAS CAUSAS INCLUYENDO EL IRAG,prop_hosp_irag,prop_uci_irag,prop_muertes_irag,prop_consultas_irag,I_t_minus_1,growth_rate,target
2012,2,7,3,9,3,0,1,0,23,6,2,8,0,0,0,0,16,6,2,8,0,0,0,0,16,2,1,0,0,0,0,0,3,0,0,0,0,0,0,0,0,0,0,0,0,0,0,0,0,6,23,49,88,81,48,11,306,23,47,137,221,250,182,160,1020,1.3529411764705883,4.0,0.0,0.2997061704211557,0.0,1.3529411764705883,1
2012,3,3,3,5,5,0,1,3,20,4,3,6,18,30,9,97,167,4,3,6,18,30,9,97,167,4,0,0,0,2,5,21,32,0,0,0,0,0,1,2,3,1,0,0,0,0,2,10,13,12,26,25,54,104,56,41,318,77,101,226,583,1044,951,1082,4064,0.11904761904761904,5.0606060606060606,0.21428571428571427,0.07822878228782287,1.3529411764705883,-0.5244047619047619,0
2012,4,4,4,4,7,1,1,19,40,16,23,28,67,166,115,149,564,16,23,28,67,166,115,149,564,17,2,1,2,0,3,18,43,0,0,0,0,0,0,2,2,1,0,0,1,0,2,19,23,26,50,40,106,149,94,56,521,166,237,493,1241,2079,1881,1695,7792,0.07079646017699115,12.818181818181818,0.08333333333333333,0.06685486975490824,0.11904761904761904,-0.04311805686311428,0
2012,5,3,1,1,3,15,26,13,62,2,3,3,21,72,62,94,257,2,3,3,21,72,62,94,257,10,0,0,2,5,2,17,36,0,0,0,0,0,0,0,0,1,0,0,1,0,2,7,11,62,76,18,143,196,155,76,726,214,235,390,978,2067,1762,973,6619,0.24031007751937986,6.945945945945946,0.0,0.10966767371601209,0.07079646017699115,0.15830610545198281,1
2012,6,4,8,5,10,2,1,8,38,17,29,42,128,254,103,166,739,17,29,42,128,254,103,166,739,30,0,0,4,4,4,12,54,0,0,0,0,0,0,0,0,2,0,0,0,3,0,12,17,74,134,96,217,315,199,97,1132,502,610,990,2425,4270,3920,2685,15402,0.051351351351351354,13.436363636363636,0.0,0.07349217684866584,0.24031007751937986,-0.15234797297297298,0
2012,7,0,1,0,1,1,2,1,6,1,3,2,28,59,64,102,259,1,3,2,28,59,64,102,259,6,0,0,2,7,8,26,49,0,0,0,0,1,0,0,1,1,0,0,1,4,1,11,18,87,132,95,291,409,500,415,1929,393,358,493,1327,3037,2296,1633,9537,0.023076923076923078,5.18,0.05263157894736842,0.2022436569511428,0.051351351351351354,-0.02689341506822227,0
2012,8,0,0,2,1,2,2,7,14,19,25,27,64,162,106,182,585,19,25,27,64,162,106,182,585,0,0,0,0,3,4,20,27,0,0,0,0,0,0,0,0,1,0,0,1,0,1,17,20,80,169,148,303,362,255,103,1420,382,345,549,1896,3710,4512,2779,14173,0.023890784982935155,20.892857142857142,0.0,0.10018343445745731,0.023076923076923078,0.0007955041186584211,1
2012,9,1,7,12,4,3,1,8,36,13,21,31,81,180,91,148,565,13,21,31,81,180,91,148,565,21,2,1,1,2,2,16,45,0,0,0,0,0,0,0,0,1,0,1,0,1,3,22,28,59,108,153,206,258,198,105,1087,322,316,710,1867,3220,3182,2605,12222,0.0636042402826855,12.282608695652174,0.0,0.08893070440971938,0.023890784982935155,0.03878680800942284,1
2012,10,4,9,7,6,2,4,5,37,13,33,26,77,188,116,194,647,13,33,26,77,188,116,194,647,24,0,0,1,7,3,16,51,0,0,0,0,0,0,0,0,4,0,0,0,2,1,16,23,84,198,132,253,299,234,106,1306,424,484,746,1930,3532,3215,2498,12829,0.05709876543209876,12.442307692307692,0.0,0.10179267342166796,0.0636042402826855,-0.0061164431319470055,0
2012,11,2,4,14,7,1,5,11,44,13,19,32,55,161,92,127,499,13,19,32,55,161,92,127,499,26,0,0,1,3,6,12,48,0,0,0,0,0,1,0,1,3,1,0,0,1,2,13,20,99,202,165,274,370,277,172,1559,410,453,707,1835,3353,3053,2524,12335,0.088,10.183673469387756,0.047619047619047616,0.1263780804150454,0.05709876543209876,0.029232116788321168,1
2012,12,8,10,5,4,0,0,9,36,19,21,18,82,182,99,179,600,19,21,18,82,182,99,179,600,26,1,0,2,4,7,17,57,0,0,0,0,0,0,0,0,3,0,0,3,1,4,12,23,83,177,210,307,381,264,195,1617,460,469,773,2016,3353,3295,3216,13582,0.059900166389351084,10.344827586206897,0.0,0.11904586615622469,0.088,-0.02582705295096407,0
2012,13,0,1,5,3,1,2,5,17,5,6,15,33,91,47,90,287,5,6,15,33,91,47,90,287,10,1,0,0,0,2,9,22,0,0,0,0,0,0,0,0,1,0,0,2,1,2,12,18,38,35,82,114,246,139,83,737,365,358,642,1230,2099,2271,1866,8831,0.059027777777777776,12.478260869565217,0.0,0.0834465579710145,0.059900166389351084,-0.0008230856445142196,0
2012,14,7,16,17,22,10,11,16,99,22,27,63,104,224,105,139,684,22,27,63,104,224,105,139,684,45,0,0,2,5,4,28,84,1,0,0,0,0,0,0,1,3,0,0,1,2,1,17,24,66,153,214,315,385,227,197,1557,330,467,932,1791,3328,2543,2015,11406,0.14452554744525548,8.047058823529412,0.04,0.13649513456649426,0.059027777777777776,0.08073232021060191,1
2012,15,6,4,11,17,6,10,14,68,12,14,22,85,200,90,128,551,12,14,22,85,200,90,128,551,34,0,1,3,1,4,12,55,0,0,0,0,0,0,1,1,3,0,0,0,2,3,23,31,54,120,116,221,310,196,117,1134,522,482,690,1917,3270,3044,2240,12165,0.12318840579710146,9.839285714285714,0.03125,0.09321058688147296,0.14452554744525548,-0.01864278320023661,0
2012,16,2,12,11,7,4,6,18,60,30,41,56,139,332,137,200,935,30,41,56,139,332,137,200,935,56,0,0,2,7,8,19,92,0,0,0,0,0,0,0,0,4,0,0,0,3,7,26,40,78,114,181,189,261,175,120,1118,660,576,1221,2824,5111,3218,3124,16734,0.0641025641025641,10.053763440860216,0.0,0.06680609501045713,0.12318840579710146,-0.052605459057071965,0
2012,17,6,1,8,4,3,1,16,39,15,13,21,74,227,93,162,605,15,13,21,74,227,93,162,605,23,0,1,0,7,7,15,53,0,1,0,0,0,0,0,1,5,1,0,0,3,5,19,33,40,63,158,196,254,142,113,966,288,316,748,1831,3358,2822,2290,11653,0.06435643564356436,11.203703703703704,0.029411764705882353,0.08288999485155311,0.0641025641025641,0.00023857807467494427,1
2012,18,6,8,10,12,12,6,16,70,16,21,23,54,135,74,112,435,16,21,23,54,135,74,112,435,31,0,0,0,5,4,26,66,0,0,0,0,0,0,0,0,4,0,0,0,1,3,14,22,50,66,129,173,172,189,205,984,312,194,621,1901,2926,3091,2165,11210,0.16055045871559634,6.492537313432836,0.0,0.08777093925608777,0.06435643564356436,0.09037764028163005,1
2012,19,5,3,14,8,2,3,14,49,22,16,40,68,143,103,152,544,22,16,40,68,143,103,152,544,19,0,0,0,7,10,20,56,0,0,0,0,0,0,2,2,1,0,0,0,0,4,19,24,52,80,136,222,207,122,77,896,467,396,920,2566,3999,3237,2532,14117,0.08990825688073395,9.543859649122806,0.08,0.06346508003966568,0.16055045871559634,-0.06086956521739131,0
2012,20,7,13,11,9,2,1,17,60,17,21,26,68,155,77,134,498,17,21,26,68,155,77,134,498,33,0,0,1,7,8,19,68,1,0,0,0,27,4,0,32,3,0,0,0,1,1,19,24,122,186,297,792,1290,641,356,3684,544,550,897,2369,3861,3286,12092,23599,0.12024048096192384,7.217391304347826,1.28,0.15610169491525425,0.08990825688073395,0.027830070916243253,1
2012,21,14,10,12,6,6,8,17,73,19,17,23,74,158,78,119,488,19,17,23,74,158,78,119,488,24,0,0,1,6,3,21,55,0,0,0,0,0,0,1,1,1,0,0,0,1,3,14,19,102,203,187,301,334,211,129,1467,447,511,910,2402,3718,2948,2569,13505,0.1492842535787321,8.714285714285714,0.05,0.10861839182585517,0.12024048096192384,0.02592637305149789,1
2012,22,8,10,19,9,11,3,15,75,12,26,42,89,196,103,143,611,12,26,42,89,196,103,143,611,24,0,0,1,2,2,18,47,0,0,0,0,0,0,0,0,4,0,0,0,0,4,23,31,55,96,170,265,367,324,363,1640,397,501,766,2302,4157,3366,2901,14390,0.12254901960784313,12.729166666666666,0.0,0.11396011396011396,0.1492842535787321,-0.023262507850115133,0
2012,23,10,13,15,8,12,11,12,81,14,33,43,84,156,94,132,556,14,33,43,84,156,94,132,556,40,0,0,0,2,2,17,61,0,0,0,0,0,0,1,1,1,0,0,1,1,2,19,24,148,256,204,342,538,318,189,1995,525,636,884,2397,4074,3274,2962,14752,0.14542190305206462,8.96774193548387,0.04,0.1352267335457195,0.12254901960784313,0.020375843766904732,1
2012,24,15,7,9,4,11,2,6,54,28,16,28,86,173,68,88,487,28,16,28,86,173,68,88,487,17,0,0,0,0,0,1,18,0,0,0,0,0,0,2,2,0,0,0,0,1,0,10,11,106,206,175,260,313,198,215,1473,345,584,646,2283,3914,3405,3262,14439,0.11065573770491803,25.63157894736842,0.16666666666666666,0.10200831024930748,0.14542190305206462,-0.030352279151035503,0
2012,25,5,1,0,1,5,1,10,23,13,7,16,30,71,55,122,314,13,7,16,30,71,55,122,314,1,0,0,2,4,4,9,20,0,0,0,0,0,0,0,0,0,0,0,0,1,4,15,20,99,140,96,176,328,174,126,1139,318,277,575,2184,4404,3408,11108,22274,0.07301587301587302,14.952380952380953,0.0,0.051133557800224466,0.11065573770491803,-0.03388976746910326,0
2012,26,25,25,28,9,1,3,8,99,47,53,64,122,288,104,111,789,47,53,64,122,288,104,111,789,50,1,0,1,2,1,9,64,0,1,0,0,0,0,0,1,2,1,0,1,0,5,9,18,125,179,129,261,375,217,156,1442,429,468,817,2658,4286,3424,2857,14939,0.12531645569620253,12.138461538461538,0.05263157894736842,0.0965194109772423,0.07301587301587302,0.04874166729083964,1
2012,27,11,6,11,3,4,1,6,42,19,16,30,67,159,67,97,455,19,16,30,67,159,67,97,455,20,0,0,1,0,8,10,39,0,0,0,0,0,0,0,0,2,0,0,0,1,4,12,19,42,60,86,139,206,132,105,770,429,274,982,4719,8604,5592,5498,26098,0.09210526315789473,11.375,0.0,0.029503046093720064,0.12531645569620253,-0.029512758273636853,0
2012,28,11,7,10,0,2,0,12,42,368,370,377,448,533,445,458,2999,368,370,377,448,533,445,458,2999,31,0,0,0,3,2,11,47,0,0,0,0,0,0,1,1,0,1,0,0,1,3,15,20,122,221,377,288,442,487,538,2475,1387,1305,1994,5236,9550,5938,5402,30812,0.014,62.479166666666664,0.047619047619047616,0.08032324019082855,0.09210526315789473,-0.07151807228915663,0
2012,29,8,9,4,4,1,0,6,32,17,19,16,63,172,53,92,432,17,19,16,63,172,53,92,432,31,1,1,0,5,7,10,55,0,0,0,0,0,0,1,1,1,0,0,0,0,3,15,19,104,141,112,255,267,197,144,1220,526,409,1032,4952,8828,5946,5484,27177,0.07390300230946882,7.714285714285714,0.05,0.04488924865700199,0.014,0.05907593916121186,1
2012,30,32,11,12,19,17,15,43,149,123,16,18,52,138,79,119,545,123,16,18,52,138,79,119,545,17,0,1,0,4,4,13,39,0,0,0,0,0,0,2,2,0,0,0,0,2,2,13,17,114,115,129,300,317,261,149,1385,7645,419,1160,5322,9492,6512,6221,36771,0.27289377289377287,13.625,0.1111111111111111,0.03766452735777222,0.07390300230946882,0.18529678207097558,1
2012,31,11,13,10,17,28,22,33,134,23,17,28,78,183,92,132,553,23,17,28,78,183,92,132,553,26,0,0,2,5,4,10,47,0,0,0,0,0,0,0,0,1,1,0,1,2,5,21,31,113,194,199,352,456,242,164,1720,751,657,1270,5354,9973,6593,6064,30662,0.24187725631768953,11.520833333333334,0.0,0.056093663372794575,0.27289377289377287,-0.02436693244682231,0
2012,32,6,8,13,3,9,1,14,54,44,83,83,150,395,371,185,1311,44,83,83,150,395,371,185,1311,20,0,0,0,1,3,7,31,0,0,0,0,0,0,0,0,2,0,0,1,0,3,13,19,136,173,175,306,420,211,141,1562,520,399,1120,4768,9133,5904,5669,27513,0.041158536585365856,40.96875,0.0,0.056771098349930944,0.24187725631768953,-0.16162524815655133,0
2012,33,3,5,4,6,1,1,11,31,7,13,15,71,163,61,98,428,7,13,15,71,163,61,98,428,28,0,0,1,3,5,25,62,0,0,0,0,0,0,0,0,0,0,0,0,1,1,13,15,98,134,135,278,346,187,144,1322,634,464,1494,5325,10685,6980,6128,31710,0.07226107226107226,6.7936507936507935,0.0,0.04168900381571063,0.041158536585365856,0.029873006446944943,1
2012,34,14,3,6,5,4,2,9,43,19,12,21,45,134,48,93,372,19,12,21,45,134,48,93,372,34,0,0,1,5,3,10,53,0,0,0,0,0,0,0,0,4,0,0,0,0,0,10,14,91,130,137,233,263,173,141,1168,479,382,1263,4691,9128,5950,5386,27279,0.11528150134048257,6.888888888888889,0.0,0.04281524926686217,0.07226107226107226,0.0401212262501457,1
2012,35,9,8,8,2,0,4,7,38,14,17,21,60,187,86,123,508,14,17,21,60,187,86,123,508,20,0,0,1,2,5,21,49,0,0,0,0,0,0,1,1,2,0,0,0,1,0,22,25,627,122,449,869,1771,2290,2073,8201,471,465,685,2194,3675,3385,3177,14052,0.07465618860510806,10.16,0.038461538461538464,0.583576460542233,0.11528150134048257,-0.036426061659362234,0
2012,36,0,0,0,0,1,1,6,8,6,1,1,28,57,62,121,276,6,1,1,28,57,62,121,276,4,0,0,0,4,8,15,31,0,0,0,0,0,0,1,1,1,0,0,0,1,4,9,15,93,128,107,247,314,205,143,1237,855,299,756,2424,5175,5718,5583,20810,0.02888086642599278,8.625,0.0625,0.05943971937917447,0.07465618860510806,-0.0425953180789208,0
2012,37,1,0,0,0,4,3,7,15,6,2,0,39,84,63,131,325,6,2,0,39,84,63,131,325,2,0,0,0,4,3,14,23,0,0,0,0,0,0,0,0,1,0,0,0,2,4,19,26,79,108,105,237,250,172,124,1075,395,291,433,1642,3451,3299,3381,12892,0.046012269938650305,13.541666666666666,0.0,0.08337857752268672,0.02888086642599278,0.01665052201054784,1
2012,38,9,3,7,4,3,1,7,34,19,10,22,62,199,83,101,496,19,10,22,62,199,83,101,496,20,0,0,2,6,4,24,56,0,0,0,1,0,0,0,1,2,0,0,1,0,2,14,19,104,154,119,283,303,203,134,1300,963,409,933,2288,5225,5383,4943,20144,0.06841046277665996,8.701754385964913,0.05,0.06453214197071233,0.046012269938650305,0.021412935088537095,1
2012,39,9,6,5,6,2,1,10,39,16,14,20,81,137,52,66,386,16,14,20,81,137,52,66,386,30,0,0,0,2,11,16,59,0,0,0,0,0,0,0,0,1,0,0,0,1,3,11,16,103,164,161,336,333,234,176,1507,732,389,807,2309,4151,4435,3907,16730,0.10077519379844961,6.433333333333334,0.0,0.09007232084155162,0.06841046277665996,0.03029241302792741,1
2012,40,0,2,5,11,8,15,30,71,7,2,2,22,83,94,117,327,7,2,2,22,83,94,117,327,0,0,0,4,9,14,23,50,0,0,0,0,0,0,0,0,0,0,0,0,0,4,19,23,93,132,127,244,319,191,107,1213,444,266,436,1613,3112,3164,3442,12477,0.21646341463414634,6.411764705882353,0.0,0.0972110915210771,0.10077519379844961,0.10509704568876675,1
2012,41,9,2,8,16,14,16,20,85,14,14,23,54,125,40,49,319,14,14,23,54,125,40,49,319,22,0,0,11,24,28,101,186,0,0,0,0,0,0,0,0,2,0,0,0,0,1,11,14,102,140,136,263,291,271,231,1434,493,379,679,2112,3192,3008,2620,12483,0.265625,1.7058823529411764,0.0,0.11486702979814162,0.21646341463414634,0.040413533834586464,1
2012,42,2,3,5,9,22,28,35,104,10,1,10,32,72,51,97,273,10,1,10,32,72,51,97,273,19,1,0,3,3,4,17,47,0,0,0,0,0,0,0,0,2,0,0,1,1,0,21,25,105,110,115,176,248,170,111,1035,545,349,589,1835,3154,3580,3636,13688,0.3795620437956204,5.6875,0.0,0.07560815253122946,0.265625,0.0900243309002433,1
2012,43,1,2,3,11,6,15,36,74,18,3,4,29,65,64,149,332,18,3,4,29,65,64,149,332,0,0,0,0,5,10,23,38,0,0,0,0,0,0,1,1,0,0,0,1,0,3,19,23,96,116,156,390,559,691,751,2759,505,332,526,1854,3595,4053,4055,14920,0.2222222222222222,8.512820512820513,0.041666666666666664,0.18490717780309632,0.3795620437956204,-0.11405055849500294,0
2012,44,8,9,4,11,6,19,29,86,20,16,20,60,138,71,89,414,20,16,20,60,138,71,89,414,35,0,0,0,1,6,27,69,0,0,0,0,0,0,1,1,2,0,0,0,0,2,11,15,82,136,109,225,234,159,100,1045,524,543,753,1850,2435,2952,3040,12097,0.20722891566265061,5.914285714285715,0.0625,0.08637791370474458,0.2222222222222222,-0.012267250821467669,0
2012,45,7,2,11,11,5,6,12,54,13,14,26,47,96,39,44,279,13,14,26,47,96,39,44,279,3,0,0,0,1,7,14,25,0,0,0,0,0,0,0,0,2,0,0,0,0,2,7,11,73,118,124,235,216,106,67,939,458,508,667,1451,2082,1693,1578,8437,0.19285714285714287,10.73076923076923,0.0,0.1112822943825551,0.20722891566265061,-0.011904761904761908,0
2012,46,2,5,6,15,6,9,24,67,11,17,23,64,136,65,93,409,11,17,23,64,136,65,93,409,24,0,0,0,5,5,27,61,0,0,0,0,0,0,1,1,0,0,0,0,2,3,13,18,81,110,117,243,245,136,115,1047,409,336,526,1600,2766,3017,3150,11804,0.16341463414634147,6.596774193548387,0.05263157894736842,0.08869123252858958,0.19285714285714287,-0.024682342631809556,0
2012,47,2,1,6,2,3,2,12,28,14,12,24,63,150,60,106,429,14,12,24,63,150,60,106,429,21,0,0,0,4,7,22,54,0,0,0,0,0,0,0,0,0,0,0,0,0,4,13,17,67,73,104,187,251,134,117,933,451,374,599,1734,2983,3250,3489,12880,0.06511627906976744,7.8,0.0,0.0724322645757317,0.16341463414634147,-0.08449124859831311,0
2012,48,7,10,14,11,14,13,20,89,11,25,31,51,170,83,127,498,11,25,31,51,170,83,127,498,32,0,0,3,3,5,17,60,0,0,0,0,0,0,1,1,2,0,0,0,1,1,15,19,172,176,152,252,394,199,116,1461,466,401,603,1737,3133,3102,3184,12626,0.17835671342685372,8.163934426229508,0.05,0.11570444286053694,0.06511627906976744,0.10631743837019017,1
2012,49,5,6,7,18,20,13,24,93,15,12,22,74,147,60,97,427,15,12,22,74,147,60,97,427,29,0,0,0,1,6,22,58,0,0,0,0,0,0,2,2,3,0,0,1,2,1,15,22,92,124,85,165,199,174,102,941,451,441,631,1976,3019,3124,3335,12977,0.21728971962616822,7.237288135593221,0.08695652173913043,0.07250732008013562,0.17835671342685372,0.03304008519295567,1
2012,50,4,6,3,3,0,1,2,19,15,23,16,60,133,65,76,388,15,23,16,60,133,65,76,388,29,0,0,3,6,8,22,68,0,0,0,0,0,0,0,0,0,0,0,1,0,0,13,14,112,137,95,203,278,187,160,1172,516,446,666,1866,3402,3072,3167,13135,0.04884318766066838,5.6231884057971016,0.0,0.0892204628501827,0.21728971962616822,-0.13837834103883673,0
2012,51,1,6,5,14,10,12,16,64,9,14,18,45,88,52,55,281,9,14,18,45,88,52,55,281,24,0,0,0,5,3,12,44,0,0,0,0,0,0,0,0,2,0,0,0,0,1,10,13,107,100,95,155,266,160,119,1002,385,306,485,1523,2610,2392,2609,10310,0.22695035460992907,6.2444444444444445,0.0,0.09717777131219087,0.04884318766066838,0.16981296064525103,1
2012,52,6,5,2,11,10,16,7,57,21,15,18,45,98,49,65,311,21,15,18,45,98,49,65,311,21,0,0,1,7,7,18,54,0,0,0,0,0,0,1,1,1,0,0,0,1,3,7,12,59,56,69,129,168,115,106,702,426,267,456,1034,2221,2103,2158,8665,0.18269230769230768,5.654545454545454,0.07692307692307693,0.08100623124855758,0.22695035460992907,-0.03607158737216541,0
2013,1,18,5,3,0,0,1,2,29,26,10,24,60,150,51,72,393,26,10,24,60,150,51,72,393,43,0,0,3,8,14,33,101,0,0,0,0,0,0,0,0,4,0,0,0,2,4,9,19,118,140,127,170,192,133,132,1012,340,402,580,1353,2426,2003,1796,8900,0.07360406091370558,3.8529411764705883,0.0,0.11369509043927649,0.18269230769230768,-0.09223721678841153,0
2013,2,55,18,19,46,318,162,229,847,14,13,21,43,105,38,47,281,14,13,21,43,105,38,47,281,23,0,0,1,4,9,19,56,0,0,0,0,0,0,0,0,0,0,0,0,0,1,7,8,73,94,60,163,199,130,114,833,464,333,497,1429,2402,1839,1704,8668,3.00354609929078,4.9298245614035086,0.0,0.09608951436151805,0.07360406091370558,2.7290713076136344,1
2013,3,42,14,8,19,95,42,58,278,10,2,1,52,122,98,193,478,10,2,1,52,122,98,193,478,0,0,0,0,4,6,25,35,0,0,0,0,0,0,1,1,0,0,0,0,0,0,24,24,71,83,81,141,229,165,160,930,411,320,543,1735,3809,3734,4083,14635,0.5803757828810021,13.277777777777779,0.04,0.06354195135282864,3.00354609929078,-0.6052560046302546,0
2013,4,1,1,0,0,1,2,2,7,12,0,3,10,47,38,57,167,12,0,3,10,47,38,57,167,3,0,0,0,3,4,10,20,0,0,0,0,0,0,0,0,0,0,0,0,0,0,3,3,70,95,60,131,212,127,112,807,380,317,487,1473,2940,2979,2995,11571,0.041666666666666664,7.9523809523809526,0.0,0.06973729692360871,0.5803757828810021,-0.3408740642888596,0
2013,5,0,6,6,6,10,20,17,65,12,13,11,40,113,48,37,274,12,13,11,40,113,48,37,274,26,1,1,1,1,13,27,70,0,0,0,0,0,0,0,0,1,0,0,0,0,1,12,14,60,104,74,122,200,121,73,754,394,396,604,2726,3178,2716,2302,12316,0.23636363636363636,3.859154929577465,0.0,0.061216205244783634,0.041666666666666664,0.1869090909090909,1
2013,6,3,1,3,5,9,13,41,75,16,9,18,58,132,75,112,420,16,9,18,58,132,75,112,420,34,0,0,0,9,12,40,95,0,0,0,0,0,0,1,1,2,0,0,0,1,0,11,14,63,107,67,141,222,147,130,877,431,463,648,1842,2955,3176,3393,12908,0.17814726840855108,4.375,0.06666666666666667,0.06793709814857851,0.23636363636363636,-0.04708676819896604,0
2013,7,1,6,3,17,8,23,23,81,14,18,16,54,151,81,136,470,14,18,16,54,151,81,136,470,39,0,0,1,5,10,16,71,0,0,0,0,0,0,1,1,0,0,0,0,0,2,17,19,38,44,88,100,170,88,67,595,552,307,652,1742,3070,2578,2475,11376,0.17197452229299362,6.527777777777778,0.05,0.052298496967566145,0.17814726840855108,-0.0052393671666324405,0
2013,8,2,5,8,19,13,15,22,84,8,17,20,55,114,43,60,317,8,17,20,55,114,43,60,317,15,0,0,2,3,8,40,68,0,0,0,0,0,0,0,0,1,0,0,1,0,2,9,13,65,66,127,188,160,130,91,827,501,318,648,1564,2502,2167,2290,9990,0.2641509433962264,4.594202898550725,0.0,0.0827744970473426,0.17197452229299362,0.07865053322395407,1
2013,9,2,8,10,22,13,13,18,86,45,17,20,50,163,72,93,460,45,17,20,50,163,72,93,460,27,0,0,3,8,10,51,99,0,0,0,0,0,0,0,0,1,0,0,1,1,0,20,23,64,131,133,227,219,218,213,1205,310,461,795,2123,3652,3480,3726,14547,0.18655097613882862,4.6,0.0,0.08282925488039593,0.2641509433962264,-0.061385048726001236,0
2013,10,7,8,16,13,8,9,12,73,25,13,28,71,173,75,130,515,25,13,28,71,173,75,130,515,26,1,1,5,8,17,51,109,0,0,0,0,0,0,0,0,5,0,1,0,0,4,10,20,126,183,232,228,344,169,110,1392,377,509,890,2060,3572,3282,3347,14037,0.14147286821705427,4.681818181818182,0.0,0.09915942441943297,0.18655097613882862,-0.037990873403908554,0
2013,11,3,4,8,5,1,0,5,26,19,21,24,59,165,71,107,466,19,21,24,59,165,71,107,466,31,0,1,2,6,11,44,95,0,0,0,0,0,0,0,0,0,0,0,0,0,3,19,22,105,159,179,231,301,143,98,1216,428,490,889,1993,4820,3127,3570,15317,0.055674518201284794,4.854166666666667,0.0,0.0793837315576446,0.14147286821705427,-0.07516459865558071,0
2013,12,8,9,8,2,0,0,2,29,15,22,27,48,137,41,51,341,15,22,27,48,137,41,51,341,20,1,0,0,6,11,48,86,0,0,0,0,0,0,0,0,0,0,1,0,0,2,7,10,72,127,192,185,242,108,56,982,516,346,684,1368,2199,1186,781,7080,0.0847953216374269,3.9195402298850577,0.0,0.13868097726309844,0.055674518201284794,0.02758502069914475,1
2013,13,8,17,13,2,2,1,6,49,18,24,29,45,151,59,103,429,18,24,29,45,151,59,103,429,29,0,0,4,6,5,36,80,0,0,0,0,0,0,1,1,2,0,0,2,0,1,18,23,100,133,150,173,170,111,104,941,273,358,550,1054,1856,1593,1692,7376,0.11395348837209303,5.296296296296297,0.041666666666666664,0.12755862816863223,0.0847953216374269,0.02687895693599951,1
2013,14,13,8,58,5,6,0,9,99,37,28,35,90,207,99,150,646,37,28,35,90,207,99,150,646,25,2,1,3,6,13,45,95,0,0,0,0,0,0,0,0,0,0,0,0,0,2,12,14,116,131,182,257,303,239,180,1408,867,460,836,2252,4013,4603,5207,18238,0.15301391035548687,6.729166666666667,0.0,0.07719721475958112,0.11395348837209303,0.0350646794422951,1
2013,15,0,2,5,8,9,19,14,57,11,1,3,30,77,62,122,306,11,1,3,30,77,62,122,306,0,0,0,1,2,10,31,44,0,0,0,0,0,0,0,0,0,0,0,0,0,3,27,30,86,105,135,205,260,206,156,1153,1098,347,567,1655,3553,3534,3598,14352,0.18566775244299674,6.8,0.0,0.08033163798509023,0.15301391035548687,0.028320423365440873,1
2013,16,2,3,4,10,12,17,20,68,7,2,7,38,73,39,79,245,7,2,7,38,73,39,79,245,0,0,0,0,2,2,9,13,0,0,0,0,0,0,0,0,0,0,0,0,0,1,3,4,151,86,151,164,412,273,239,1476,1142,355,646,1651,3324,3539,3802,14459,0.2764227642276423,17.5,0.0,0.1020746887966805,0.18566775244299674,0.07654337532386313,1
2013,17,5,7,9,12,12,22,16,83,29,16,25,92,169,63,124,518,29,16,25,92,169,63,124,518,26,0,0,1,3,4,29,63,0,0,0,0,0,1,0,1,1,0,0,0,0,5,8,14,106,168,173,271,295,213,122,1348,959,473,732,2181,3531,3294,3022,14192,0.1599229287090559,8.09375,0.06666666666666667,0.0949763968153315,0.2764227642276423,-0.09127057177570781,0
2013,18,6,8,10,12,15,18,39,108,16,24,23,73,166,75,172,549,16,24,23,73,166,75,172,549,20,1,0,1,13,10,60,105,0,0,0,0,0,0,0,0,2,0,0,1,0,2,15,20,97,185,179,288,323,239,132,1443,376,483,769,1805,3233,3086,3210,12962,0.19636363636363635,5.179245283018868,0.0,0.11131682480907197,0.1599229287090559,0.03141649048625791,1
2013,19,15,7,1,13,25,23,26,110,36,18,26,67,147,86,148,528,36,18,26,67,147,86,148,528,27,3,0,1,11,17,49,108,0,0,0,0,1,0,0,1,4,0,0,0,1,1,16,22,74,81,157,212,280,210,134,1148,1147,378,768,2154,3287,3715,4342,15791,0.20793950850661624,4.844036697247707,0.043478260869565216,0.0726950354609929,0.19636363636363635,0.009675880970575899,1
2013,20,11,12,6,22,17,23,24,115,21,17,17,75,155,74,163,522,21,17,17,75,155,74,163,522,26,1,1,1,5,17,37,88,0,0,0,0,0,0,0,0,1,0,0,1,0,2,21,25,97,102,171,226,392,308,297,1593,689,362,652,1737,2786,2643,2484,11353,0.2198852772466539,5.865168539325842,0.0,0.14030297692443192,0.20793950850661624,0.009889376625164202,1
2013,21,8,9,20,15,10,20,22,104,25,25,38,75,143,92,153,551,25,25,38,75,143,92,153,551,20,0,1,4,2,16,50,93,0,0,0,0,0,0,0,0,3,1,0,2,3,2,19,30,146,208,229,403,469,390,236,2081,911,545,842,2367,3890,3732,3832,16119,0.18840579710144928,5.861702127659575,0.0,0.12909429280397022,0.2198852772466539,-0.02580527917859251,0
2013,22,8,10,12,6,2,7,18,63,26,23,32,75,172,83,160,571,26,23,32,75,172,83,160,571,28,0,1,3,1,15,29,77,2,0,0,1,0,1,4,8,3,0,0,1,2,6,23,35,159,251,324,445,495,415,236,2325,869,596,1067,2462,3745,3737,3499,15975,0.11013986013986014,7.32051282051282,0.2222222222222222,0.14553079619429143,0.18840579710144928,-0.06585792256523965,0
2013,23,12,7,19,9,13,11,23,94,31,22,45,87,170,98,126,579,31,22,45,87,170,98,126,579,21,0,0,1,3,10,51,86,1,0,0,0,0,2,0,3,2,0,0,0,1,8,22,33,184,273,308,457,719,430,245,2616,859,420,759,1972,3415,3100,3324,13849,0.16206896551724137,6.655172413793103,0.08823529411764706,0.18888086642599278,0.11013986013986014,0.04677708389899537,1
2013,24,13,11,17,19,15,22,31,128,22,19,23,60,161,84,144,513,22,19,23,60,161,84,144,513,25,0,0,0,6,17,46,94,0,0,0,0,0,1,0,1,1,0,0,0,1,4,24,30,164,298,257,402,685,460,240,2506,931,377,560,1746,3283,3199,3374,13470,0.2490272373540856,5.4,0.03225806451612903,0.18602924801425283,0.16206896551724137,0.07483056033437635,1
2013,25,8,17,14,11,9,31,38,128,25,27,35,66,167,87,149,556,25,27,35,66,167,87,149,556,21,0,1,1,5,8,34,70,0,0,0,1,0,1,2,4,0,0,0,1,1,5,22,29,152,175,161,225,357,233,166,1469,639,475,820,1984,3047,3027,3424,13416,0.22980251346499103,7.830985915492958,0.13333333333333333,0.10948796303197436,0.2490272373540856,-0.01539175713239036,0
2013,26,25,17,20,14,16,29,34,155,48,18,46,87,200,136,224,759,48,18,46,87,200,136,224,759,34,1,0,5,11,15,57,123,0,0,0,0,0,2,1,3,3,0,0,2,0,2,24,31,117,167,158,186,356,305,138,1427,1312,619,932,2295,3845,3508,3074,15585,0.20394736842105263,6.120967741935484,0.09375,0.0915565250866162,0.22980251346499103,-0.021023818670764513,0
2013,27,18,10,7,6,4,55,27,127,28,22,20,60,143,77,167,517,28,22,20,60,143,77,167,517,34,1,1,2,8,13,48,107,1,0,0,0,0,1,0,2,5,0,0,1,2,4,10,22,138,170,126,197,280,201,159,1271,1049,449,693,1844,3048,3161,3143,13387,0.24517374517374518,4.787037037037037,0.08695652173913043,0.09493576337018225,0.20394736842105263,0.03424267358693589,1
2013,28,7,5,11,9,10,18,23,83,17,14,21,63,155,73,91,434,17,14,21,63,155,73,91,434,21,1,2,2,22,26,38,112,0,0,1,0,1,1,0,3,2,0,1,1,1,2,13,20,129,126,133,195,290,184,120,1177,645,368,563,1577,2740,2265,2277,10435,0.19080459770114944,3.84070796460177,0.14285714285714285,0.11278267535454196,0.24517374517374518,-0.04366390448186759,0
2013,29,7,5,6,3,1,2,2,26,17,16,16,73,165,68,75,430,17,16,16,73,165,68,75,430,23,0,0,5,14,15,55,112,0,0,0,0,0,2,0,2,0,0,0,0,0,2,17,19,203,212,219,283,390,262,165,1734,632,428,648,1704,2905,2560,2774,11651,0.060324825986078884,3.8053097345132745,0.1,0.14881565396498456,0.19080459770114944,-0.10957278126651677,0
2013,30,9,11,9,14,16,14,19,92,18,17,23,64,142,60,107,431,18,17,23,64,142,60,107,431,26,1,0,13,16,29,63,148,0,0,0,0,0,0,0,0,1,0,2,6,4,6,21,40,116,161,140,307,374,479,455,2032,721,507,746,1934,2921,2116,1887,10832,0.21296296296296297,2.8926174496644297,0.0,0.1875750023077633,0.060324825986078884,0.14395412918388847,1
2013,31,12,9,10,11,6,8,13,69,15,18,24,75,154,55,93,434,15,18,24,75,154,55,93,434,30,0,1,2,8,28,62,131,0,0,0,0,1,1,0,2,0,2,1,0,1,3,18,25,97,123,121,199,240,164,98,1042,630,367,629,1702,2857,2431,2027,10643,0.15862068965517243,3.287878787878788,0.07692307692307693,0.09789552799699361,0.21296296296296297,-0.0448012634903922,0
2013,32,11,3,8,7,6,5,8,48,18,19,25,44,159,52,68,385,18,19,25,44,159,52,68,385,25,1,1,0,3,9,34,73,1,0,0,0,0,0,0,1,1,0,0,0,0,0,14,15,92,124,112,201,236,177,111,1053,827,388,577,1481,2706,2281,2140,10400,0.12435233160621761,5.202702702702703,0.0625,0.10124026535910009,0.15862068965517243,-0.02957685664939552,0
2013,33,6,6,10,8,13,7,12,62,12,18,25,68,165,58,83,429,12,18,25,68,165,58,83,429,22,1,0,2,7,9,25,66,0,0,0,0,0,0,0,0,4,0,0,0,0,1,14,19,100,153,85,205,300,159,98,1100,625,413,709,1724,3023,2445,2161,11100,0.14418604651162792,6.402985074626866,0.0,0.09909017205657147,0.12435233160621761,0.017640124316793498,1
2013,34,10,3,10,12,4,11,13,63,18,17,18,51,160,58,66,388,18,17,18,51,160,58,66,388,13,0,1,4,9,93,31,151,0,0,0,0,1,1,0,2,0,0,0,0,1,2,10,13,58,98,90,135,203,144,92,820,202,297,450,1237,2139,1598,1455,7378,0.16195372750642673,2.5526315789473686,0.14285714285714285,0.11112616885756878,0.14418604651162792,0.01552866428407213,1
2013,35,8,4,8,17,10,21,16,84,16,13,18,59,172,72,84,434,16,13,18,59,172,72,84,434,25,2,1,4,6,16,41,95,0,0,0,0,0,1,0,1,1,0,0,0,0,3,21,25,51,81,115,196,256,180,105,984,510,444,749,1799,2776,2418,1997,10693,0.19310344827586207,4.520833333333333,0.038461538461538464,0.09201421357770713,0.16195372750642673,0.0268080561489167,1
2013,36,2,6,22,11,11,16,10,78,50,17,33,60,169,53,91,473,50,17,33,60,169,53,91,473,37,0,1,4,5,13,43,103,0,0,0,0,0,1,0,1,1,0,0,0,0,4,19,24,78,98,94,195,264,145,97,971,602,399,637,1728,2867,1985,1895,10113,0.16455696202531644,4.548076923076923,0.04,0.09600553687957288,0.19310344827586207,-0.023926245701324365,0
2013,37,4,6,4,2,3,0,4,23,17,14,24,63,198,47,70,433,17,14,24,63,198,47,70,433,30,1,0,5,3,9,45,93,0,0,0,0,0,0,0,0,1,1,0,1,0,2,19,24,121,165,178,260,433,214,96,1467,507,330,576,1457,2441,1599,1505,8415,0.052995391705069124,4.6063829787234045,0.0,0.17431083650190113,0.16455696202531644,-0.09579743538369064,0
2013,38,0,2,2,8,9,14,23,58,1,0,2,24,76,49,73,225,1,0,2,24,76,49,73,225,5,0,0,14,18,33,65,135,0,0,0,0,0,0,0,0,0,0,0,0,2,2,17,21,67,101,109,200,370,174,106,1127,740,329,565,1567,3358,2451,2152,11162,0.25663716814159293,1.6544117647058822,0.0,0.1009585236943474,0.052995391705069124,0.19339284676904012,1
2013,39,0,2,6,3,10,15,13,49,4,1,0,13,51,36,86,191,4,1,0,13,51,36,86,191,2,0,0,2,6,10,43,63,0,0,0,0,1,0,0,1,0,0,0,0,1,0,9,10,363,90,74,194,223,133,102,1179,819,338,630,1620,3028,2725,2625,11785,0.2552083333333333,2.984375,0.09090909090909091,0.10003393857118616,0.25663716814159293,-0.0011370305164319478,0
2013,40,5,10,12,8,5,8,15,63,43,22,24,83,199,56,81,508,43,22,24,83,199,56,81,508,38,1,1,5,5,16,33,99,0,0,0,0,0,0,0,0,2,0,0,0,0,5,10,17,400,154,162,254,412,217,114,1713,692,300,568,1736,2425,2119,2097,9937,0.1237721021611002,5.08,0.0,0.17236868585228415,0.2552083333333333,-0.104712682095721,0
2013,41,5,1,3,4,1,1,1,16,20,14,19,57,156,40,62,368,20,14,19,57,156,40,62,368,27,0,0,4,2,9,24,66,0,0,0,0,0,0,0,0,2,0,0,1,0,0,13,16,40,46,84,102,153,100,66,591,588,277,565,1856,2360,2007,2037,9690,0.04336043360433604,5.492537313432836,0.0,0.060984418532659165,0.1237721021611002,-0.07155513862830935,0
2013,42,5,5,8,11,14,12,19,74,15,11,22,76,203,92,83,502,15,11,22,76,203,92,83,502,22,0,0,5,6,13,40,86,0,0,0,0,0,0,0,0,1,0,0,1,1,1,18,22,724,109,121,185,298,204,85,1726,788,317,578,1523,2733,2052,1901,9892,0.147117296222664,5.7701149425287355,0.0,0.17446679470332557,0.04336043360433604,0.09944488910691693,1
2013,43,0,3,2,13,6,13,17,54,4,0,0,34,90,65,90,283,4,0,0,34,90,65,90,283,3,0,0,2,8,11,34,58,0,0,0,0,0,0,0,0,0,0,0,0,1,1,11,13,510,115,110,229,378,189,120,1651,712,166,307,1240,2184,2062,2042,8713,0.19014084507042253,4.796610169491525,0.0,0.18946522836814322,0.147117296222664,0.03750579734908586,1
2013,44,4,3,4,3,5,1,2,22,20,17,27,75,191,67,93,490,20,17,27,75,191,67,93,490,33,1,0,3,4,12,35,88,1,0,0,0,0,1,0,2,3,0,0,1,0,4,9,17,454,65,103,157,245,136,86,1246,750,291,493,1460,2661,1795,1644,9094,0.04480651731160896,5.50561797752809,0.1111111111111111,0.13699835074216601,0.19014084507042253,-0.12211523397486111,0
2013,45,2,10,16,13,10,6,15,72,18,19,24,54,100,66,84,365,18,19,24,54,100,66,84,365,28,0,0,6,6,16,56,112,0,0,0,0,0,0,0,0,1,0,0,2,1,2,23,29,450,76,92,164,171,102,57,1112,738,291,481,1476,2834,2257,2179,10256,0.19672131147540983,3.230088495575221,0.0,0.10841376620844301,0.04480651731160896,0.1453999296967373,1
2013,46,7,5,5,2,2,1,2,24,18,14,21,58,150,57,125,443,18,14,21,58,150,57,125,443,17,0,0,6,13,12,62,110,0,0,0,0,0,0,0,0,3,0,0,2,1,4,26,36,184,102,136,218,369,629,105,1743,484,260,494,1646,3109,2494,2251,10738,0.05405405405405406,3.990990990990991,0.0,0.16230561504795604,0.19672131147540983,-0.11921510551647538,0
2013,47,1,5,7,16,8,11,23,71,15,11,28,82,174,59,100,469,15,11,28,82,174,59,100,469,33,0,1,5,7,18,50,114,1,0,0,0,0,0,0,1,1,0,0,0,0,1,20,22,255,106,155,168,344,170,118,1316,949,371,705,2016,4593,3168,2557,14359,0.15106382978723404,4.078260869565217,0.043478260869565216,0.09164345403899722,0.05405405405405406,0.09203491543917076,1
2013,48,0,2,8,8,8,16,20,62,3,0,1,16,77,89,108,294,3,0,1,16,77,89,108,294,6,0,0,2,3,17,65,93,0,0,0,0,0,0,0,0,0,0,0,0,0,2,15,17,163,54,88,125,154,114,83,781,516,156,299,1143,2454,1937,1760,8265,0.21016949152542372,3.127659574468085,0.0,0.09448342608274861,0.15106382978723404,0.05134872646386165,1
2013,49,7,8,8,15,24,18,14,94,36,17,26,70,183,96,115,543,36,17,26,70,183,96,115,543,33,0,0,3,5,22,56,119,0,0,0,0,0,2,0,2,3,0,0,0,0,6,14,23,120,108,135,195,336,192,113,1199,655,305,486,1470,2476,1739,1555,8686,0.17279411764705882,4.525,0.08333333333333333,0.13802233222055946,0.21016949152542372,-0.030884412588564832,0
2013,50,1,2,2,16,13,15,17,66,9,1,5,28,101,50,126,320,9,1,5,28,101,50,126,320,3,0,0,1,10,10,62,86,0,0,0,0,1,1,0,2,0,0,0,0,2,6,15,23,44,40,73,98,181,142,91,669,389,228,363,1206,2453,2269,2108,9016,0.205607476635514,3.67816091954023,0.08333333333333333,0.0741931906399024,0.17279411764705882,0.027978788855359912,1
2013,51,3,4,10,10,8,14,24,73,5,17,24,60,188,74,92,460,5,17,24,60,188,74,92,460,29,0,1,3,3,10,35,81,0,0,0,0,0,0,0,0,1,0,0,0,3,2,12,18,117,118,184,201,378,226,127,1351,661,359,588,1713,3098,2360,2220,10999,0.15835140997830802,5.609756097560975,0.0,0.12281818181818181,0.205607476635514,-0.039196892498612725,0
2013,52,3,1,3,5,7,11,21,51,11,11,11,47,138,49,101,368,11,11,11,47,138,49,101,368,17,0,0,4,4,26,39,90,0,0,0,0,0,0,0,0,3,0,0,0,0,4,16,23,108,89,104,127,323,194,121,1066,760,221,351,1058,2611,1909,1854,8764,0.13821138211382114,4.043956043956044,0.0,0.12162007986309184,0.15835140997830802,-0.01738680308151395,0
2014,1,1,6,6,9,11,16,24,73,12,20,21,56,151,45,60,365,12,20,21,56,151,45,60,365,34,1,0,4,8,12,33,92,0,0,0,1,0,0,1,2,4,0,0,2,0,2,9,17,66,66,93,119,254,148,126,872,442,266,427,1249,2510,1750,1610,8254,0.1994535519125683,3.924731182795699,0.1111111111111111,0.10563294972743792,0.13821138211382114,0.0538056206088993,1
2014,2,0,0,1,9,8,8,25,51,5,0,1,21,70,47,137,281,5,0,1,21,70,47,137,281,4,0,0,6,8,22,84,124,0,0,0,0,0,0,0,0,0,0,0,0,1,4,16,21,42,79,129,177,349,233,235,1244,465,147,331,1227,2617,2498,2163,9448,0.18085106382978725,2.248,0.0,0.13165414329558683,0.1994535519125683,-0.01550913585033683,0
2014,3,0,9,10,9,10,26,14,78,14,23,27,51,161,31,20,327,14,23,27,51,161,31,20,327,36,3,1,5,6,3,4,58,0,0,0,0,0,0,0,0,2,0,0,0,1,2,1,6,81,72,89,155,210,183,93,883,1642,380,704,2129,4077,3244,2267,14443,0.23780487804878048,5.5423728813559325,0.0,0.061132650235391855,0.18085106382978725,0.048231157987255524,1
2014,4,2,2,7,7,6,4,12,40,30,11,30,76,204,96,123,570,30,11,30,76,204,96,123,570,33,0,0,5,6,31,69,144,0,0,0,0,0,0,0,0,2,0,0,1,0,1,12,16,60,90,59,174,291,358,443,1475,412,430,706,2327,4577,3711,2879,15042,0.07005253940455342,3.9310344827586206,0.0,0.09805225021604733,0.23780487804878048,-0.13552405683573024,0
2014,5,3,4,3,16,18,22,13,79,6,16,22,62,189,38,37,370,6,16,22,62,189,38,37,370,28,0,0,3,2,2,2,37,0,0,0,0,0,0,0,0,1,0,0,0,1,0,5,7,64,85,77,161,299,363,352,1401,671,379,684,1916,3713,2502,2135,12000,0.21293800539083557,9.736842105263158,0.0,0.11674027164402967,0.07005253940455342,0.13353126199372686,1
2014,6,0,3,2,3,3,8,17,36,5,0,2,11,75,77,121,291,5,0,2,11,75,77,121,291,2,0,0,7,10,31,76,126,0,0,0,0,0,0,0,0,0,0,0,0,0,1,9,10,134,141,203,443,1162,883,527,3493,528,224,302,963,2718,2199,2097,9031,0.1232876712328767,2.2913385826771653,0.0,0.38673604960141716,0.21293800539083557,-0.0739117199391172,0
2014,7,3,3,2,4,4,2,5,23,11,15,22,67,168,98,106,487,11,15,22,67,168,98,106,487,33,0,0,5,7,18,44,107,0,0,0,0,0,1,0,1,1,0,0,1,1,6,8,17,77,90,115,147,232,132,82,875,620,440,696,1795,3747,2621,2445,12364,0.0471311475409836,4.5092592592592595,0.05555555555555555,0.07076425394257986,0.1232876712328767,-0.06779788084766093,0
2014,8,0,4,3,4,3,1,11,26,7,15,18,53,150,76,124,443,7,15,18,53,150,76,124,443,24,0,0,1,11,26,93,155,0,0,0,0,0,0,0,0,3,0,0,0,0,3,19,25,76,67,137,166,301,137,61,945,416,371,728,1697,3659,2312,1847,11030,0.05855855855855856,2.83974358974359,0.0,0.08566766385640467,0.0471311475409836,0.010913065707586257,1
2014,9,2,2,1,1,2,0,19,27,9,14,17,61,200,95,159,555,9,14,17,61,200,95,159,555,28,0,0,2,13,23,71,137,0,0,0,0,0,1,0,1,3,0,0,0,1,2,21,27,93,154,295,272,434,193,126,1567,582,344,676,1689,2990,1905,1759,9945,0.048561151079136694,4.021739130434782,0.03571428571428571,0.15755077418057511,0.05855855855855856,-0.009444359406092142,0
2014,10,5,0,6,1,0,0,14,26,17,12,20,61,176,79,143,508,17,12,20,61,176,79,143,508,25,0,0,3,13,20,70,131,0,0,0,0,0,0,0,0,0,0,0,0,2,0,20,22,87,113,179,221,424,380,367,1771,690,520,925,2357,4289,2642,2617,14040,0.05108055009823183,3.8484848484848486,0.0,0.12613061747738766,0.048561151079136694,0.0024027201622931296,1
2014,11,5,3,13,2,1,3,8,35,15,10,26,45,208,85,150,539,15,10,26,45,208,85,150,539,31,0,1,4,13,23,84,156,0,0,0,0,0,0,0,0,1,0,0,0,2,2,13,18,105,129,161,192,400,177,117,1281,631,393,738,1728,3911,2519,2483,12403,0.06481481481481481,3.43312101910828,0.0,0.10327313769751693,0.05108055009823183,0.013066805122879884,1
2014,12,0,3,9,5,1,1,13,32,10,15,26,79,194,51,109,484,10,15,26,79,194,51,109,484,25,1,1,4,6,15,67,119,0,0,0,0,0,0,0,0,4,1,0,1,1,0,8,15,99,114,203,170,268,143,120,1117,573,359,693,1616,2834,2224,1996,10295,0.06597938144329897,4.033333333333333,0.0,0.10848873348873349,0.06481481481481481,0.0010936799641416452,1
2014,13,0,3,10,4,3,2,17,39,14,18,28,67,221,78,183,609,14,18,28,67,221,78,183,609,24,1,1,2,17,18,85,148,0,0,0,0,0,1,0,1,1,0,0,0,1,6,18,26,63,80,204,138,186,121,100,892,910,334,723,1681,3052,2263,2115,11078,0.06393442622950819,4.087248322147651,0.037037037037037035,0.08051268164996842,0.06597938144329897,-0.0019183815835368031,0
2014,14,5,5,12,3,0,5,16,46,16,27,27,61,172,86,140,529,16,27,27,61,172,86,140,529,35,0,0,3,22,24,82,166,0,0,0,0,1,1,0,2,2,0,0,0,1,6,18,27,64,89,207,157,380,183,115,1195,653,427,831,1728,4478,3065,2508,13690,0.08679245283018867,3.1676646706586826,0.07142857142857142,0.08728361697465488,0.06393442622950819,0.021484431781841437,1
2014,15,0,0,0,0,0,2,9,11,0,1,1,6,68,65,89,230,0,1,1,6,68,65,89,230,0,0,0,1,15,16,53,85,0,0,0,0,1,0,0,1,0,0,0,0,1,5,7,13,29,17,44,58,184,108,79,519,357,110,225,773,2534,2002,2010,8011,0.047619047619047616,2.6744186046511627,0.07142857142857142,0.06477783325012482,0.08679245283018867,-0.036044973544973546,0
2014,16,6,8,11,3,1,3,11,43,17,20,40,65,244,96,159,641,17,20,40,65,244,96,159,641,40,0,0,1,25,20,87,173,0,0,0,0,1,1,0,2,0,0,0,0,1,5,24,30,61,71,158,131,165,228,267,1081,557,274,628,1258,2459,1817,1302,8295,0.06697819314641744,3.6839080459770117,0.06451612903225806,0.13030376084860174,0.047619047619047616,0.01847918436703483,1
2014,17,8,5,15,4,0,1,9,42,22,20,38,71,205,81,120,557,22,20,38,71,205,81,120,557,32,2,0,3,12,24,49,122,0,0,0,0,0,0,0,0,2,0,0,0,3,3,7,15,90,98,114,114,193,136,104,849,560,339,576,1432,2999,2444,2314,10664,0.07526881720430108,4.528455284552845,0.0,0.07960618846694796,0.06697819314641744,0.007770190722863206,1
2014,18,8,4,12,3,3,4,13,47,16,15,28,84,197,103,140,583,16,15,28,84,197,103,140,583,28,0,0,4,13,24,70,139,0,0,0,0,0,0,0,0,3,0,0,0,0,6,14,23,100,142,206,177,276,347,160,1408,545,373,744,1679,3530,2723,2257,11851,0.08047945205479452,4.164285714285715,0.0,0.11879851501856227,0.07526881720430108,0.004845890410958904,1
2014,19,4,4,11,3,0,0,9,31,9,10,37,84,204,80,131,555,9,10,37,84,204,80,131,555,39,0,0,2,12,6,67,126,0,0,0,1,0,0,0,1,1,0,0,1,2,0,10,14,81,115,198,150,269,179,118,1110,623,407,764,1714,3862,2578,2160,12108,0.05575539568345324,4.3700787401574805,0.06666666666666667,0.09166735486002148,0.08047945205479452,-0.02288248640390382,0
2014,20,4,9,11,2,1,2,10,39,7,18,30,57,199,69,150,530,7,18,30,57,199,69,150,530,20,1,2,3,10,16,66,118,0,0,0,0,0,2,0,2,1,1,0,1,0,5,19,27,81,155,193,191,198,147,96,1061,533,432,864,2192,4664,3140,1924,13749,0.07344632768361582,4.453781512605042,0.07142857142857142,0.07716363636363636,0.05575539568345324,0.01675665790816081,1
2014,21,15,3,10,1,1,3,8,41,24,22,26,50,197,85,149,553,24,22,26,50,197,85,149,553,30,0,2,5,13,25,67,142,0,0,0,0,0,0,1,1,0,0,0,0,1,1,16,18,101,124,214,214,189,165,82,1089,886,480,895,2316,4776,3419,2312,15084,0.0740072202166065,3.867132867132867,0.05263157894736842,0.0721909181305933,0.07344632768361582,0.0005225156754702583,1
2014,22,0,0,0,1,2,2,7,12,1,1,0,30,54,48,94,228,1,1,0,30,54,48,94,228,0,0,0,4,17,19,50,90,0,0,0,0,0,0,0,0,0,0,0,0,0,2,10,12,55,75,142,161,211,139,105,888,601,263,616,1614,3808,2954,2313,12169,0.05240174672489083,2.5054945054945055,0.0,0.07296631059983566,0.0740072202166065,-0.020116692965395765,0
2014,23,14,5,11,4,1,3,12,50,24,17,41,77,209,88,174,630,24,17,41,77,209,88,174,630,27,0,1,5,27,12,83,155,0,0,0,0,0,2,0,2,2,0,0,1,1,2,17,23,118,110,157,131,245,160,126,1047,1221,419,799,1907,3444,2527,2077,12394,0.07923930269413629,4.038461538461538,0.08333333333333333,0.0844695441710367,0.05240174672489083,0.02550124612845316,1
2014,24,0,0,0,0,1,0,10,11,1,0,2,17,102,56,168,346,1,0,2,17,102,56,168,346,0,0,0,5,14,12,91,122,0,0,0,0,0,0,0,0,0,0,0,0,0,2,17,19,61,58,102,96,227,155,93,792,619,307,597,1183,3335,2258,1938,10237,0.03170028818443804,2.813008130081301,0.0,0.07735885915217816,0.07923930269413629,-0.04404863165289221,0
2014,25,13,5,13,4,21,24,12,92,17,15,20,63,155,74,132,476,17,15,20,63,155,74,132,476,20,0,1,3,13,17,54,108,0,0,1,0,0,0,0,1,1,3,16,3,0,1,19,43,104,113,199,152,213,144,121,1046,736,434,836,1795,3539,2350,1809,11499,0.1928721174004193,4.36697247706422,0.022727272727272728,0.09095652173913044,0.03170028818443804,0.15621962217303212,1
2014,26,7,3,5,1,1,1,11,29,15,5,18,52,103,44,105,342,15,5,18,52,103,44,105,342,11,0,0,2,11,23,59,106,0,0,0,0,0,1,0,1,0,0,0,1,0,5,15,21,121,123,184,168,351,186,132,1265,527,252,463,1364,2650,2123,1669,9048,0.08454810495626822,3.196261682242991,0.045454545454545456,0.1397944524256824,0.1928721174004193,-0.09080940937760995,0
2014,27,3,5,4,3,1,0,7,23,16,19,20,92,258,100,189,694,16,19,20,92,258,100,189,694,30,1,2,5,19,18,57,132,0,0,0,0,1,0,0,1,0,0,0,0,2,3,21,26,110,102,139,331,673,531,267,2153,528,301,453,1289,2477,1793,1662,8503,0.033093525179856115,5.2180451127819545,0.037037037037037035,0.2531749764816557,0.08454810495626822,-0.047443335654057395,0
2014,28,10,5,8,2,2,1,14,42,18,16,23,66,148,65,116,452,18,16,23,66,148,65,116,452,30,0,2,1,11,58,71,173,0,0,0,0,0,0,0,0,3,0,0,0,0,1,19,23,106,89,106,151,232,167,115,966,746,397,651,1878,3469,2810,2229,12180,0.09271523178807947,2.5977011494252875,0.0,0.07930383383958624,0.033093525179856115,0.05771181907063403,1
2014,29,13,6,2,0,1,1,13,36,38,23,27,129,349,146,202,914,38,23,27,129,349,146,202,914,30,1,2,7,6,18,45,109,0,0,0,0,0,0,0,0,2,0,0,0,0,2,12,16,103,98,108,129,219,185,99,941,741,388,655,1824,3579,2946,2140,12273,0.03934426229508197,8.309090909090909,0.0,0.07666612351311716,0.09271523178807947,-0.04884252359662195,0
2014,30,10,7,3,1,1,4,5,31,50,21,40,130,340,149,186,916,50,21,40,130,340,149,186,916,44,0,0,3,8,13,53,121,0,0,0,0,0,2,0,2,3,0,0,2,3,2,16,26,130,134,230,392,886,378,321,2471,682,376,667,1674,3045,2225,1702,10371,0.03380588876772083,7.508196721311475,0.07407407407407407,0.23823756266872348,0.03934426229508197,-0.005328719008975229,0
2014,31,7,2,3,2,0,1,10,25,48,28,45,147,411,175,201,1055,48,28,45,147,411,175,201,1055,42,0,1,4,15,32,78,172,0,0,0,0,0,1,0,1,0,0,0,0,1,3,11,15,92,116,160,215,269,159,114,1125,641,403,782,2191,3926,2901,2095,12939,0.023674242424242424,6.098265895953757,0.0625,0.08693972179289026,0.03380588876772083,-0.009800337233090399,0
2014,32,4,6,5,1,0,1,11,28,42,22,34,127,385,128,186,924,42,22,34,127,385,128,186,924,27,0,0,3,14,18,86,148,0,0,0,0,0,2,0,2,1,0,0,0,1,3,13,18,58,86,142,186,231,132,111,946,639,363,599,1682,3348,2361,4652,13644,0.03027027027027027,6.201342281879195,0.10526315789473684,0.06932942469769146,0.023674242424242424,0.0064434832612445935,1
2014,33,6,8,0,3,2,3,13,35,41,34,32,111,251,103,149,721,41,34,32,111,251,103,149,721,35,1,0,4,10,17,75,142,0,0,0,0,0,1,0,1,1,0,0,0,0,3,15,19,125,156,174,372,860,636,335,2658,718,420,640,1824,3745,2679,2311,12337,0.04847645429362881,5.041958041958042,0.05,0.21543199870319338,0.03027027027027027,0.017671269907247274,1
2014,34,5,4,5,4,0,4,10,32,40,39,52,149,345,132,188,945,40,39,52,149,345,132,188,945,36,0,0,4,23,42,102,207,0,0,0,0,0,0,4,4,2,0,0,0,2,3,24,31,69,94,149,117,179,121,79,808,591,373,709,1747,3006,2129,1622,10177,0.03382663847780127,4.543269230769231,0.125,0.07938691294949891,0.04847645429362881,-0.013972479549573955,0
2014,35,4,5,7,8,2,6,20,52,30,34,48,133,351,167,220,983,30,34,48,133,351,167,220,983,37,0,0,0,17,28,84,166,0,0,0,0,0,0,0,0,0,0,0,0,4,13,5,22,80,114,150,148,257,142,125,1016,656,375,700,1702,3217,2158,1849,10657,0.052845528455284556,5.88622754491018,0.0,0.09532745355601425,0.03382663847780127,0.018396595008894876,1
2014,36,4,5,2,2,1,2,8,24,34,46,49,160,425,194,217,1125,34,46,49,160,425,194,217,1125,31,1,0,4,11,26,83,156,0,0,0,0,0,2,0,2,1,0,0,0,2,3,10,16,42,70,125,131,165,92,104,729,676,358,724,1825,3718,2620,1735,11656,0.021314387211367674,7.165605095541402,0.11764705882352941,0.06253753109719482,0.052845528455284556,-0.029948497088816813,0
2014,37,4,5,4,4,0,3,15,35,45,42,53,180,480,261,379,1440,45,42,53,180,480,261,379,1440,30,0,0,2,15,30,65,142,0,0,0,0,0,1,1,2,1,0,0,0,3,6,46,56,107,94,139,203,278,183,139,1143,757,427,740,2310,4423,4163,4799,17619,0.024288688410825817,10.06993006993007,0.03508771929824561,0.06486946651532349,0.021314387211367674,0.002912228826599886,1
2014,38,2,3,3,1,1,4,7,21,33,34,57,159,412,193,207,1095,33,34,57,159,412,193,207,1095,43,0,0,4,19,25,74,165,0,0,0,0,0,0,0,0,1,0,0,0,0,6,15,22,112,143,247,217,222,147,92,1180,712,428,893,1877,3990,3258,2173,13331,0.01916058394160584,6.596385542168675,0.0,0.0885088508850885,0.024288688410825817,-0.005006503075979666,0
2014,39,6,3,5,2,2,5,19,42,49,36,56,162,495,260,356,1414,49,36,56,162,495,260,356,1414,32,0,1,1,14,13,93,154,0,0,0,0,0,0,1,1,0,0,0,0,0,5,27,32,101,125,174,161,238,176,146,1121,762,475,818,2044,4052,3851,4405,16407,0.029681978798586573,9.12258064516129,0.030303030303030304,0.06832033154558752,0.01916058394160584,0.010323588865936333,1
2014,40,2,4,3,6,0,3,13,31,35,40,60,138,359,137,197,966,35,40,60,138,359,137,197,966,40,0,0,6,10,26,75,157,0,0,0,0,0,0,0,0,1,0,0,1,2,2,10,16,71,91,171,146,182,112,124,897,691,377,765,1906,3455,2626,2164,11984,0.03205791106514995,6.113924050632911,0.0,0.07484355444305382,0.029681978798586573,0.0023074427983439793,1
2014,41,6,3,8,2,0,3,6,28,46,35,46,121,307,148,201,904,46,35,46,121,307,148,201,904,36,0,1,5,10,21,76,149,0,0,0,0,0,0,0,0,0,0,0,0,1,2,12,15,64,82,140,152,182,142,109,871,648,350,636,1788,3335,2878,3040,12675,0.030939226519337018,6.026666666666666,0.0,0.06871252761123382,0.03205791106514995,-0.0010839358274560165,0
2014,42,3,4,8,0,0,21,19,55,40,43,58,126,371,170,243,1051,40,43,58,126,371,170,243,1051,27,0,0,5,26,39,93,190,0,0,0,0,1,0,0,1,0,0,0,0,1,1,15,17,81,77,97,96,178,113,113,755,530,224,408,1207,2789,2178,1787,9123,0.05228136882129278,5.50261780104712,0.05555555555555555,0.08274879438842613,0.030939226519337018,0.020701649285391168,1
2014,43,2,0,1,2,3,16,19,43,79,56,66,234,507,328,416,1686,79,56,66,234,507,328,416,1686,20,10,21,58,119,50,86,364,0,0,0,0,1,1,0,2,1,0,0,0,3,5,23,32,125,109,178,202,314,206,138,1272,1028,496,916,2575,5193,4517,4528,19253,0.025489033787788974,4.619178082191781,0.06060606060606061,0.06606419445310066,0.05228136882129278,-0.02546118920979765,0
2014,44,6,1,1,1,1,2,7,19,36,22,46,108,327,137,137,813,36,22,46,108,327,137,137,813,47,0,1,6,9,14,69,146,0,0,0,0,0,0,0,0,3,0,0,0,1,1,8,13,60,81,130,144,174,121,78,788,596,315,699,1715,3238,2447,2130,11140,0.02334152334152334,5.530612244897959,0.0,0.07072973700744996,0.025489033787788974,-0.0020941330189885115,0
2014,45,2,2,7,7,0,3,11,32,32,33,253,150,398,221,326,1413,32,33,253,150,398,221,326,1413,38,0,0,11,17,36,89,191,0,0,0,0,1,2,4,7,1,0,0,0,2,8,30,41,96,82,104,182,251,174,122,1011,535,259,572,1588,2977,2472,2882,11285,0.02263083451202263,7.359375,0.16666666666666666,0.08958001063264222,0.02334152334152334,-0.0006944786401123373,0
2014,46,2,3,2,2,2,3,13,27,55,44,276,178,485,237,235,1510,55,44,276,178,485,237,235,1510,39,0,0,5,13,26,71,154,0,0,0,0,0,0,0,0,4,0,0,0,1,5,18,28,78,75,127,148,221,128,94,871,530,395,744,1928,3594,2756,2317,12264,0.01786896095301125,9.741935483870968,0.0,0.07101508357113738,0.02263083451202263,-0.004656493231287756,0
2014,47,3,3,6,2,1,1,14,30,27,23,49,118,309,150,217,893,27,23,49,118,309,150,217,893,37,1,0,12,15,38,88,191,0,0,0,0,1,0,0,1,1,0,0,1,3,2,16,23,103,96,151,189,311,170,120,1140,693,559,975,2046,5019,2778,2604,14674,0.03355704697986577,4.651041666666667,0.041666666666666664,0.0776831345826235,0.01786896095301125,0.015412677494523528,1
2014,48,6,6,7,4,2,3,17,45,29,27,50,126,372,178,322,1104,29,27,50,126,372,178,322,1104,32,0,0,5,13,20,80,150,0,0,0,0,0,0,0,0,2,0,0,0,1,4,58,65,105,127,167,245,346,244,146,1380,699,580,980,2542,4976,4398,4399,18574,0.04072398190045249,7.311258278145695,0.0,0.07429340511440108,0.03355704697986577,0.0069342422283598755,1
2014,49,5,3,3,2,2,4,10,29,36,15,20,74,268,127,118,658,36,15,20,74,268,127,118,658,21,0,0,3,8,22,69,123,0,0,0,0,0,0,0,0,0,0,0,0,0,2,6,8,46,71,113,132,236,153,120,871,426,306,538,1725,3358,2741,2443,11537,0.04400606980273141,5.306451612903226,0.0,0.07548968625411683,0.04072398190045249,0.003153658375668007,1
2014,50,1,3,3,4,1,2,14,28,7,16,31,81,257,139,198,729,7,16,31,81,257,139,198,729,27,1,1,2,7,31,85,154,0,0,0,0,0,2,0,2,2,0,0,0,1,7,13,23,35,40,83,94,123,108,97,580,360,256,446,1255,2354,1832,2537,9040,0.038356164383561646,4.703225806451613,0.08333333333333333,0.06415219555358921,0.04400606980273141,-0.0054117553360942955,0
2014,51,2,0,4,5,1,1,21,34,12,9,28,86,244,116,206,701,12,9,28,86,244,116,206,701,28,0,0,10,12,32,104,186,0,0,0,0,0,1,0,1,2,0,0,0,0,7,15,24,37,49,68,113,228,139,105,739,462,335,540,1762,3397,2565,2532,11593,0.04843304843304843,3.748663101604278,0.04,0.06373986544764533,0.038356164383561646,0.009704650865600729,1
2014,52,1,2,5,0,1,1,16,26,8,12,29,56,224,61,122,512,8,12,29,56,224,61,122,512,26,0,1,5,65,27,93,217,0,0,0,0,0,1,1,2,1,0,0,1,1,3,13,19,37,43,64,91,116,115,110,576,295,225,383,1127,2053,2060,1838,7981,0.050682261208576995,2.3486238532110093,0.1,0.07216236532197444,0.04843304843304843,0.0021453089244851263,1
2014,53,3,5,6,2,0,3,11,30,10,12,16,48,133,46,94,359,10,12,16,48,133,46,94,359,28,0,0,8,10,12,72,130,0,0,0,1,0,3,0,4,1,0,0,1,0,4,14,20,40,36,64,92,113,87,68,500,199,180,273,857,1877,1489,1350,6225,0.08333333333333333,2.7404580152671754,0.19047619047619047,0.08030838419530999,0.050682261208576995,0.031076066790352498,1
2015,1,4,7,3,1,0,0,10,25,14,20,18,54,220,103,140,569,14,20,18,54,220,103,140,569,34,0,0,3,5,10,39,91,0,0,0,0,0,0,0,0,4,0,0,0,0,2,7,13,42,46,70,99,210,164,108,739,284,215,394,1421,3365,2578,1892,10149,0.043859649122807015,6.184782608695652,0.0,0.07280788177339902,0.08333333333333333,-0.03643724696356276,0
2015,2,3,1,3,2,1,0,0,10,15,8,19,83,247,76,126,574,15,8,19,83,247,76,126,574,20,1,0,3,2,1,4,31,0,0,0,0,0,0,0,0,3,0,0,0,1,0,3,7,48,71,74,93,160,141,83,670,394,321,588,1775,3390,4106,3217,13791,0.017391304347826087,17.9375,0.0,0.04857888631090487,0.043859649122807015,-0.02535622944830106,0
2015,3,2,5,2,1,0,0,4,14,15,24,28,69,222,70,131,559,15,24,28,69,222,70,131,559,24,1,0,3,4,1,2,35,1,0,0,0,0,0,1,2,1,0,0,0,0,0,7,8,85,107,99,117,246,191,114,959,462,417,709,2231,4144,3539,3679,15181,0.025,15.527777777777779,0.2222222222222222,0.06316690818074035,0.017391304347826087,0.007478632478632481,1
2015,4,2,1,2,0,1,4,14,24,13,11,24,80,223,97,271,719,13,11,24,80,223,97,271,719,16,1,0,2,11,29,52,111,0,0,0,0,1,1,0,2,0,0,0,0,1,2,16,19,56,84,86,115,184,118,92,735,401,416,738,1888,3907,3613,3677,14640,0.03333333333333333,6.419642857142857,0.1,0.05020148896933269,0.025,0.008130081300813007,1
2015,5,2,6,2,0,0,4,15,29,9,26,22,65,203,93,130,548,9,26,22,65,203,93,130,548,29,0,0,3,20,59,75,186,0,0,0,0,1,0,0,1,0,0,0,2,3,1,15,21,53,104,89,100,171,112,79,708,392,364,618,1664,3771,3015,2694,12518,0.052823315118397086,2.93048128342246,0.045454545454545456,0.05655403786244908,0.03333333333333333,0.018861272695222985,1
2015,6,7,1,5,7,10,9,13,52,21,15,22,95,284,199,286,922,21,15,22,95,284,199,286,922,28,0,0,4,14,22,90,158,0,0,0,0,0,2,0,2,0,0,0,1,1,3,20,25,57,128,129,143,201,123,89,870,432,418,719,2159,4076,3909,2831,14544,0.056338028169014086,5.79874213836478,0.07692307692307693,0.05981436919903747,0.052823315118397086,0.0033383693162434822,1
2015,7,3,5,6,4,4,3,13,38,14,19,32,79,260,116,218,738,14,19,32,79,260,116,218,738,28,0,0,3,15,16,80,142,0,0,0,0,0,0,1,1,0,0,0,0,1,1,13,15,91,115,171,165,240,154,116,1052,471,463,766,1969,4262,3907,4065,15903,0.05142083897158322,5.160839160839161,0.0625,0.06614688128772636,0.056338028169014086,-0.00465493910690122,0
2015,8,2,3,10,3,2,0,7,27,7,14,25,46,185,47,117,441,7,14,25,46,185,47,117,441,24,1,0,1,9,15,56,106,0,0,0,0,0,0,0,0,1,0,0,0,1,2,13,17,65,143,208,162,212,125,81,996,424,456,854,1809,3660,2806,2563,12572,0.06108597285067873,4.121495327102804,0.0,0.07921737055595324,0.05142083897158322,0.009192450368920956,1
2015,9,7,5,10,2,2,2,18,46,16,26,42,74,278,110,268,814,16,26,42,74,278,110,268,814,25,1,1,4,21,20,63,135,0,0,0,0,0,0,5,5,0,0,1,1,1,4,18,25,67,154,204,152,206,147,82,1012,314,422,737,1867,3235,2719,3135,12429,0.05644171779141104,5.985294117647059,0.19230769230769232,0.08141592920353982,0.06108597285067873,-0.004376888563318375,0
2015,10,3,2,3,5,7,2,20,42,11,16,37,69,298,194,325,950,11,16,37,69,298,194,325,950,26,0,0,1,17,36,48,128,0,0,0,0,0,1,0,1,1,0,0,1,0,5,10,17,83,220,311,226,310,207,141,1498,467,638,1037,2219,4734,4016,3897,17008,0.04416403785488959,7.364341085271318,0.05555555555555555,0.08807102122405785,0.05644171779141104,-0.011621729556637612,0
2015,11,7,5,8,2,3,2,14,41,17,25,34,75,180,86,151,568,17,25,34,75,180,86,151,568,23,0,0,3,9,13,47,95,0,0,0,0,0,0,0,0,0,0,0,0,2,3,6,11,95,118,203,153,239,149,110,1067,463,432,882,1806,3753,3781,3446,14563,0.07205623901581722,5.916666666666667,0.0,0.07326283987915408,0.04416403785488959,0.02671247059822978,1
2015,12,2,5,2,1,0,3,5,18,4,13,19,51,123,99,177,486,4,13,19,51,123,99,177,486,17,0,0,5,5,18,34,79,0,0,0,0,0,0,0,0,0,0,0,0,0,1,11,12,62,100,150,97,133,94,101,737,281,259,481,1399,2143,1494,1842,7899,0.03696098562628337,6.075,0.0,0.09329113924050633,0.07205623901581722,-0.03273639209613895,0
2015,13,10,11,6,5,2,4,16,54,29,33,37,116,343,171,334,1063,29,33,37,116,343,171,334,1063,53,1,0,3,12,25,77,171,0,0,0,0,1,0,0,1,1,0,0,1,1,7,18,28,108,185,304,214,231,149,144,1335,514,551,1026,2077,4259,3031,2839,14297,0.05075187969924812,6.180232558139535,0.034482758620689655,0.09336970205623164,0.03696098562628337,0.013299337452542245,1
2015,14,9,4,8,3,3,5,16,48,17,14,34,58,248,106,207,684,17,14,34,58,248,106,207,684,26,0,1,5,13,23,66,134,0,0,0,0,0,0,0,0,1,0,0,1,0,1,23,26,141,213,249,215,344,285,267,1714,498,531,906,1932,4118,3199,3232,14416,0.07007299270072993,5.066666666666666,0.0,0.11888742456821808,0.05075187969924812,0.01838789287439772,1
2015,15,7,2,7,6,3,3,17,45,35,23,38,71,249,127,222,765,35,23,38,71,249,127,222,765,24,0,0,9,38,62,108,241,0,0,0,0,0,0,0,0,0,0,0,0,0,3,11,14,104,198,265,245,262,205,169,1448,445,547,974,2250,5053,3718,3860,16847,0.0587467362924282,3.1611570247933884,0.0,0.08594491927825261,0.07007299270072993,-0.010584564310623037,0
2015,16,9,7,8,1,1,3,19,48,16,23,34,72,261,115,214,735,16,23,34,72,261,115,214,735,26,0,0,4,9,33,128,200,0,0,0,0,0,0,1,1,0,0,0,0,1,2,15,18,104,198,265,212,293,166,135,1373,547,562,1068,2205,3766,3609,3467,15224,0.06521739130434782,3.656716417910448,0.05263157894736842,0.09018062397372742,0.0587467362924282,0.006111617434192888,1
2015,17,11,7,17,5,16,8,11,75,20,23,36,74,287,141,190,771,20,23,36,74,287,141,190,771,33,0,1,0,3,29,64,130,0,0,0,0,0,1,0,1,1,0,0,1,0,3,18,23,79,154,232,149,204,131,102,1051,429,461,860,1998,3718,3356,3067,13889,0.09715025906735751,5.885496183206107,0.041666666666666664,0.07566594672426206,0.06521739130434782,0.029977794226498888,1
2015,18,10,8,13,3,2,4,9,49,18,24,36,72,242,126,201,719,18,24,36,72,242,126,201,719,32,0,1,0,6,18,49,106,0,0,0,0,0,0,2,2,0,0,0,0,2,17,24,43,103,169,236,193,285,153,155,1294,535,555,976,2208,4356,3471,3333,15434,0.06805555555555555,6.719626168224299,0.045454545454545456,0.08383543893747976,0.09715025906735751,-0.026518431063885614,0
2015,19,4,8,4,3,0,2,9,30,15,23,24,59,186,85,159,551,15,23,24,59,186,85,159,551,38,1,0,3,6,7,36,91,0,0,0,0,0,0,0,0,2,0,0,0,1,1,10,14,76,89,173,135,198,130,102,903,559,391,821,1854,3675,3288,2898,13486,0.05434782608695652,5.989130434782608,0.0,0.06695336249721955,0.06805555555555555,-0.01283428506812913,0
2015,20,10,5,9,1,3,6,24,58,18,18,39,63,252,120,216,726,18,18,39,63,252,120,216,726,24,1,2,23,8,13,68,139,0,0,0,0,0,0,0,0,1,0,0,1,0,4,18,24,108,144,190,144,227,139,118,1070,489,463,817,1875,3829,3193,3277,13943,0.07977991746905089,5.185714285714286,0.0,0.07673551348250143,0.05434782608695652,0.024121158836625585,1
2015,21,14,8,7,3,1,0,16,49,31,21,39,68,223,114,198,694,31,21,39,68,223,114,198,694,35,0,0,5,7,17,52,116,0,0,0,0,0,1,0,1,2,0,1,0,1,5,19,28,133,157,243,181,256,178,102,1250,633,560,1011,2404,4538,3816,3737,16699,0.07050359712230216,5.931623931623932,0.034482758620689655,0.0748502994011976,0.07977991746905089,-0.008590936168262838,0
2015,22,6,8,11,5,3,1,8,42,19,21,36,69,200,95,150,590,19,21,36,69,200,95,150,590,27,0,0,1,5,16,41,90,0,0,0,0,0,0,0,0,2,0,0,0,0,4,7,13,89,99,172,167,223,161,116,1027,623,459,932,2280,4389,4410,3520,16613,0.07106598984771574,6.483516483516484,0.0,0.061815336463223784,0.07050359712230216,0.0005253534195731743,1
2015,23,8,3,8,3,3,2,25,52,18,16,26,63,198,95,186,602,18,16,26,63,198,95,186,602,25,0,0,2,10,16,58,111,0,0,0,0,0,0,0,0,3,0,0,0,2,3,14,22,118,105,169,237,256,155,139,1179,436,370,690,1721,2802,2811,2886,11716,0.08623548922056384,5.375,0.0,0.1006230263719382,0.07106598984771574,0.014162992305455337,1
2015,24,13,12,10,4,5,8,28,80,18,28,40,76,198,109,220,689,18,28,40,76,198,109,220,689,27,1,0,2,16,9,59,114,0,0,0,0,0,0,0,0,1,0,0,1,0,2,20,24,128,103,186,189,240,159,166,1171,472,390,745,1662,2947,2571,2670,11457,0.11594202898550725,5.991304347826087,0.0,0.10219933670797696,0.08623548922056384,0.027348157982077667,1
2015,25,18,5,10,1,3,4,21,62,27,19,32,59,233,78,131,579,27,19,32,59,233,78,131,579,27,0,0,1,5,11,27,71,0,0,0,0,0,0,0,0,2,0,0,2,0,6,9,19,118,137,190,202,279,159,141,1226,463,519,856,2128,4151,3556,3379,15052,0.10689655172413794,8.041666666666666,0.0,0.08144555902477911,0.11594202898550725,-0.00810568741603224,0
2015,26,19,10,11,4,2,1,24,71,29,25,24,61,216,120,225,700,29,25,24,61,216,120,225,700,36,0,1,4,11,22,56,130,0,0,0,0,0,0,0,0,0,0,0,0,0,4,21,25,111,132,143,147,293,170,161,1157,446,493,715,1795,3885,3218,3177,13729,0.10128388017118402,5.343511450381679,0.0,0.0842680262199563,0.10689655172413794,-0.0050706378515783055,0
2015,27,9,5,13,2,0,3,6,38,18,31,31,62,253,110,192,697,18,31,31,62,253,110,192,697,32,2,1,3,10,20,46,114,0,0,0,0,0,1,0,1,3,0,0,0,0,5,15,23,112,134,157,154,290,242,185,1274,561,520,803,2318,4668,4140,3990,17000,0.054441260744985676,6.060869565217391,0.041666666666666664,0.07493676842538674,0.10128388017118402,-0.04253455468622414,0
2015,28,7,7,4,5,0,10,12,45,15,22,27,84,189,93,132,562,15,22,27,84,189,93,132,562,31,0,0,3,15,17,60,126,0,0,0,0,0,0,0,0,1,0,0,0,1,4,6,12,115,108,175,195,277,212,168,1250,484,441,792,2284,4258,3404,3249,14912,0.07992895204262877,4.425196850393701,0.0,0.08381948635418762,0.054441260744985676,0.02417175071434087,1
2015,29,17,9,4,3,3,1,35,72,32,24,20,72,225,120,200,693,32,24,20,72,225,120,200,693,37,0,1,3,13,28,78,160,0,0,0,0,0,0,0,0,1,0,0,0,1,1,13,16,123,118,181,219,266,196,185,1288,553,501,798,2226,4096,3697,3570,15441,0.1037463976945245,4.304347826086956,0.0,0.08340888485947416,0.07992895204262877,0.022054641286212654,1
2015,30,10,8,7,4,0,4,18,51,20,18,36,59,225,124,201,683,20,18,36,59,225,124,201,683,33,0,0,2,18,25,78,156,0,0,0,0,0,0,1,1,0,0,0,0,0,2,19,21,121,151,190,251,308,197,181,1399,544,595,903,2523,4532,3701,3526,16324,0.07456140350877193,4.350318471337579,0.045454545454545456,0.0856967840735069,0.1037463976945245,-0.02644175713435024,0
2015,31,9,7,6,2,3,0,3,30,24,26,25,50,127,46,68,366,24,26,25,50,127,46,68,366,36,1,2,5,1,2,2,49,0,0,0,0,0,0,0,0,2,0,0,0,0,3,2,7,93,119,146,202,256,179,133,1128,447,414,681,1711,3204,2955,2915,12327,0.08174386920980926,7.32,0.0,0.09149902660609993,0.07456140350877193,0.006684090529944952,1
2015,32,5,5,9,4,1,1,12,37,16,16,26,75,201,87,118,539,16,16,26,75,201,87,118,539,34,1,0,2,10,15,54,116,0,0,0,0,0,0,0,0,0,0,0,0,0,1,15,16,76,89,148,200,213,191,144,1061,398,441,695,1728,2951,3373,3102,12688,0.06851851851851852,4.6068376068376065,0.0,0.08361573015998108,0.08174386920980926,-0.01222595391361134,0
2015,33,7,5,12,1,5,2,16,48,14,19,26,67,216,109,211,662,14,19,26,67,216,109,211,662,40,0,0,1,12,23,83,159,0,0,0,0,0,0,0,0,0,0,1,0,2,3,21,27,80,74,121,181,233,194,163,1046,450,327,603,1761,3699,3102,3035,12977,0.07239819004524888,4.1375,0.0,0.080597934966867,0.06851851851851852,0.0036308884305622045,1
2015,34,4,7,8,5,2,1,17,44,28,24,28,77,215,104,197,673,28,24,28,77,215,104,197,673,37,0,0,0,11,19,76,143,0,0,0,0,1,1,0,2,1,0,1,0,2,5,20,29,54,75,109,195,304,188,155,1080,457,342,647,2046,3995,3512,3536,14535,0.06528189910979229,4.673611111111111,0.06666666666666667,0.07429829389102917,0.07239819004524888,-0.006635866230953187,0
2015,35,6,9,7,5,1,1,13,42,17,26,26,68,221,105,165,628,17,26,26,68,221,105,165,628,30,0,0,3,10,24,83,150,0,0,0,1,0,1,1,3,0,0,0,1,0,5,25,31,115,125,197,245,300,227,163,1372,487,442,789,2210,4122,3567,3653,15270,0.06677265500794913,4.158940397350993,0.09375,0.08984349420470172,0.06528189910979229,0.001399400383506557,1
2015,36,12,3,9,1,3,3,12,43,25,22,43,231,256,97,186,860,25,22,43,231,256,97,186,860,31,0,0,1,14,28,89,163,0,0,0,0,0,2,0,2,0,0,0,1,0,2,15,18,117,122,214,261,282,241,149,1386,632,501,888,2874,4492,3844,3672,16903,0.04994192799070848,5.2439024390243905,0.10526315789473684,0.08199242782773308,0.06677265500794913,-0.01577723888799459,0
2015,37,6,6,8,4,0,1,7,32,15,20,24,58,213,78,118,526,15,20,24,58,213,78,118,526,43,0,0,0,17,34,74,168,0,0,0,0,0,0,0,0,0,0,0,0,1,2,11,14,93,121,229,253,355,221,151,1423,481,378,749,2095,3596,8092,2897,18288,0.06072106261859583,3.1124260355029585,0.0,0.07780633167477718,0.04994192799070848,0.010266410303773238,1
2015,38,8,6,6,5,1,1,21,48,19,20,31,69,258,128,188,713,19,20,31,69,258,128,188,713,32,1,0,3,11,22,95,164,0,0,0,0,0,1,0,1,1,0,0,1,1,4,20,27,124,124,206,230,318,230,185,1417,596,454,1222,2419,4958,4023,3870,17542,0.06722689075630252,4.321212121212121,0.03571428571428571,0.08077295787493587,0.06072106261859583,0.0061334014822386875,1
2015,39,4,4,2,0,3,2,19,34,18,26,24,70,240,102,195,675,18,26,24,70,240,102,195,675,38,0,0,3,16,24,77,158,0,0,0,0,0,0,1,1,0,0,0,0,0,3,21,24,98,97,185,212,293,236,146,1267,506,419,763,1931,4460,3422,3560,15061,0.05029585798816568,4.245283018867925,0.04,0.08411897490373124,0.06722689075630252,-0.015864511018962864,0
2015,40,3,4,5,1,1,0,7,21,11,13,18,60,157,56,95,410,11,13,18,60,157,56,95,410,37,0,0,3,22,22,84,168,0,0,0,0,0,1,0,1,1,0,0,0,1,2,8,12,54,53,136,169,221,185,122,940,445,304,630,1890,3990,3199,2681,13139,0.051094890510948905,2.42603550295858,0.07692307692307693,0.0715372907153729,0.05029585798816568,0.0007607689935231829,1
2015,41,5,7,4,3,2,7,24,52,18,25,24,72,271,135,216,761,18,25,24,72,271,135,216,761,27,0,0,2,13,25,68,135,0,0,0,0,0,1,1,2,0,0,0,1,2,2,28,33,104,126,147,230,324,234,281,1446,517,450,806,1968,4121,3079,6332,17273,0.06824146981627296,5.595588235294118,0.058823529411764705,0.08370962139631817,0.051094890510948905,0.016313065033537473,1
2015,42,4,1,2,2,3,4,13,29,14,14,30,68,223,124,192,665,14,14,30,68,223,124,192,665,24,0,0,3,9,24,59,119,1,0,0,0,0,1,0,2,1,0,0,0,1,5,18,25,138,105,164,209,331,202,151,1300,480,420,720,1971,4839,3540,3200,15170,0.04354354354354354,5.541666666666667,0.07692307692307693,0.0856898029134533,0.06824146981627296,-0.02312017176882042,0
2015,43,2,4,4,1,1,0,6,18,16,15,18,63,190,88,132,522,16,15,18,63,190,88,132,522,24,1,1,3,9,16,47,101,0,0,0,0,0,1,0,1,0,0,0,0,0,2,11,13,69,65,155,184,236,135,94,938,546,426,835,2214,4545,3370,3298,15234,0.03441682600382409,5.117647058823529,0.07142857142857142,0.061568756153593696,0.04354354354354354,-0.008745890476911012,0
2015,44,5,4,3,13,2,4,18,49,17,18,27,75,222,112,198,669,17,18,27,75,222,112,198,669,25,0,0,3,11,23,66,128,0,0,0,0,0,0,0,0,0,0,1,0,1,5,15,22,99,94,166,214,279,215,172,1239,387,389,673,1805,3286,2772,3305,12617,0.07313432835820896,5.186046511627907,0.0,0.09819305753685212,0.03441682600382409,0.037429304494165046,1
2015,45,0,3,0,1,1,4,9,18,2,3,0,21,60,70,160,316,2,3,0,21,60,70,160,316,1,0,0,1,13,9,43,67,1,0,0,0,0,0,0,1,1,0,0,0,2,2,19,24,82,84,122,167,282,220,167,1124,365,273,453,1446,3765,3309,3116,12727,0.056782334384858045,4.647058823529412,0.04,0.08830923947203018,0.07313432835820896,-0.01523760217266358,0
2015,46,0,6,4,4,5,0,17,36,7,21,26,65,205,88,120,532,7,21,26,65,205,88,120,532,30,1,0,4,12,20,56,123,0,0,0,0,0,1,2,3,0,0,0,1,3,4,9,17,104,107,187,206,245,163,136,1148,445,382,749,1855,3386,2649,2277,11743,0.0675422138836773,4.290322580645161,0.16666666666666666,0.09775204359673025,0.056782334384858045,0.010181736719778222,1
2015,47,5,5,10,6,3,3,13,45,15,18,26,69,219,88,186,621,15,18,26,69,219,88,186,621,30,0,0,2,7,20,52,111,0,0,0,0,0,0,1,1,1,0,0,0,1,3,21,26,125,144,198,224,388,257,185,1521,625,505,859,2326,4811,3796,3605,16527,0.07234726688102894,5.544642857142857,0.037037037037037035,0.09202565343659246,0.0675422138836773,0.0045010426143909,1
2015,48,6,6,8,7,1,1,15,44,11,25,22,65,167,56,93,439,11,25,22,65,167,56,93,439,44,1,0,2,10,15,37,109,0,0,0,0,0,0,0,0,2,0,0,0,1,2,11,16,72,61,138,140,183,113,106,813,308,235,606,1622,2655,1979,1727,9132,0.1,3.9909090909090907,0.0,0.08901784736669222,0.07234726688102894,0.025787106446776616,1
2015,49,2,4,7,7,1,0,13,34,15,22,39,72,198,137,173,656,15,22,39,72,198,137,173,656,38,0,0,3,10,18,50,119,0,0,0,0,0,1,1,2,1,0,0,0,2,2,25,30,119,93,141,156,260,179,150,1098,469,387,636,1793,3883,2921,2905,12994,0.0517503805175038,5.466666666666667,0.06451612903225806,0.08449403616775683,0.1,-0.04386329043863291,0
2015,50,8,8,3,3,1,2,15,40,24,19,28,60,213,127,180,651,24,19,28,60,213,127,180,651,20,0,0,3,11,27,64,125,0,0,0,0,0,1,0,1,0,0,0,0,0,3,16,19,101,135,156,167,360,220,185,1324,431,440,705,2006,4643,3590,3850,15665,0.06134969325153374,5.166666666666667,0.05,0.08451423464828291,0.0517503805175038,0.009126987650155818,1
2015,51,5,5,6,3,2,1,19,41,12,27,27,58,185,88,165,562,12,27,27,58,185,88,165,562,35,1,1,6,4,18,54,119,0,0,0,0,0,0,3,3,2,0,0,0,1,4,11,18,101,126,116,118,292,147,146,1046,463,435,543,1461,3749,2533,2333,11517,0.07282415630550622,4.683333333333334,0.15789473684210525,0.09081437749609307,0.06134969325153374,0.010811199293627246,1
2015,52,7,6,3,3,0,2,32,53,10,19,24,79,181,115,230,658,10,19,24,79,181,115,230,658,12,1,0,2,10,28,116,169,0,0,0,1,0,1,4,6,0,0,0,1,1,4,14,20,62,81,100,114,254,184,168,963,317,351,467,1259,3142,2227,2045,9808,0.08042488619119878,3.8705882352941177,0.2857142857142857,0.09817514527474767,0.07282415630550622,0.007084786300736608,1
2016,1,5,5,2,5,0,1,18,36,12,16,16,52,194,80,139,509,12,16,16,52,194,80,139,509,26,0,1,1,8,13,69,118,0,0,0,1,0,1,1,3,1,1,0,1,0,1,11,15,59,77,84,111,244,202,260,1037,269,380,591,1776,3777,3122,3627,13542,0.07058823529411765,4.277310924369748,0.1875,0.07657092224765562,0.08042488619119878,-0.009104428288169196,0
2016,2,10,2,2,4,4,7,38,67,16,21,15,97,241,195,311,896,16,21,15,97,241,195,311,896,32,2,1,6,8,79,157,285,0,0,0,0,0,0,1,1,1,1,0,2,2,7,47,60,74,98,110,156,224,151,208,1021,424,443,723,2219,4272,3218,3151,14450,0.07469342251950947,3.132867132867133,0.01639344262295082,0.07065254999654003,0.07058823529411765,0.0038345155402011565,1
2016,3,3,5,3,3,1,3,18,36,14,22,28,73,194,114,180,625,14,22,28,73,194,114,180,625,30,1,0,6,4,43,81,165,0,0,0,0,0,0,1,1,1,1,0,1,1,3,22,29,98,140,161,193,277,288,150,1307,488,565,928,2593,5367,4339,4187,18467,0.05750798722044728,3.7650602409638556,0.03333333333333333,0.07077106346112194,0.07469342251950947,-0.015991011891347287,0
2016,4,5,3,4,4,1,3,14,34,11,16,24,64,183,106,182,586,11,16,24,64,183,106,182,586,24,0,0,4,16,34,77,155,0,0,0,0,0,0,1,1,1,0,1,1,1,2,18,24,75,120,148,181,222,164,141,1051,472,490,888,2527,4919,3774,3333,16403,0.05792163543441227,3.7564102564102564,0.04,0.06406973908802731,0.05750798722044728,0.0003911537491572235,1
2016,5,5,4,2,2,3,5,16,37,18,15,21,80,189,99,182,604,18,15,21,80,189,99,182,604,26,1,0,3,11,30,75,146,0,0,0,0,0,3,0,3,1,0,0,0,1,9,16,27,90,132,142,183,340,227,142,1256,528,489,950,2534,5453,4284,3969,18207,0.06115702479338843,4.108843537414966,0.10714285714285714,0.06898066783831283,0.05792163543441227,0.003058250489080524,1
2016,6,1,2,3,3,0,5,10,24,9,17,24,84,195,104,169,602,9,17,24,84,195,104,169,602,30,2,0,3,14,23,98,170,0,0,0,0,0,1,0,1,0,0,0,0,1,7,21,29,86,142,184,217,225,170,163,1187,362,441,901,2352,4429,3562,3479,15526,0.03980099502487562,3.52046783625731,0.03333333333333333,0.07644747858568944,0.06115702479338843,-0.020125230545093846,0
2016,7,5,5,7,5,1,5,14,42,12,22,30,78,199,119,187,647,12,22,30,78,199,119,187,647,27,3,0,7,18,36,92,183,0,0,0,0,0,1,0,1,1,0,0,1,0,1,19,22,70,143,208,283,368,246,185,1503,600,746,1382,3542,7888,5929,5274,25361,0.06481481481481481,3.516304347826087,0.043478260869565216,0.05926188786373315,0.03980099502487562,0.02405635300372142,1
2016,8,3,5,2,6,2,3,12,33,60,19,21,59,206,99,188,652,60,19,21,59,206,99,188,652,38,1,1,5,26,24,73,168,0,0,0,0,0,1,0,1,0,0,0,0,1,2,10,13,82,112,231,247,342,180,143,1337,552,516,1097,2654,5264,4485,4062,18630,0.05053598774885146,3.8579881656804735,0.07142857142857142,0.07176211690193764,0.06481481481481481,-0.013409681070643845,0
2016,9,9,6,7,5,2,1,13,43,47,12,22,51,205,96,185,618,47,12,22,51,205,96,185,618,27,1,5,4,13,17,75,142,0,0,1,0,0,0,1,2,0,0,1,0,0,5,22,28,118,173,301,262,358,162,183,1557,878,763,1213,3160,7103,4442,5532,23091,0.06946688206785137,4.321678321678322,0.06896551724137931,0.06742594838039148,0.05053598774885146,0.018020224475666098,1
2016,10,10,2,4,0,1,1,10,28,44,11,16,41,155,80,109,456,44,11,16,41,155,80,109,456,23,0,2,5,14,22,48,114,0,0,0,0,0,1,0,1,1,0,0,0,1,3,11,16,103,141,240,209,295,186,185,1359,584,585,1145,2457,5006,3703,3597,17077,0.061269146608315096,3.965217391304348,0.058823529411764705,0.07957606277081626,0.06946688206785137,-0.0076652541532521955,0
2016,11,2,3,2,1,2,1,6,17,16,11,15,56,154,100,128,480,16,11,15,56,154,100,128,480,16,1,0,4,8,16,34,79,0,0,0,0,0,0,0,0,0,0,0,0,1,2,12,15,52,76,176,144,282,153,138,1021,360,396,820,2016,4494,3428,3501,15015,0.035343035343035345,6.0,0.0,0.06799413958444327,0.061269146608315096,-0.024429346078830613,0
2016,12,9,6,13,3,2,4,13,50,18,24,42,75,214,115,105,593,18,24,42,75,214,115,105,593,32,0,0,4,6,24,64,130,0,0,0,0,0,1,0,1,0,0,0,0,2,6,26,34,55,99,185,99,204,167,186,995,302,392,770,1274,2728,2125,2783,10374,0.08417508417508418,4.526717557251908,0.02857142857142857,0.09590361445783133,0.035343035343035345,0.04716509134179817,1
2016,13,3,7,5,7,1,4,9,36,21,21,29,70,155,84,154,534,21,21,29,70,155,84,154,534,37,0,0,4,6,21,72,140,0,0,0,0,0,0,0,0,2,0,0,0,0,2,15,19,120,153,192,212,400,214,224,1515,569,660,945,2815,6293,4544,4961,20787,0.06728971962616823,3.7872340425531914,0.0,0.07287858379834519,0.08417508417508418,-0.015574389040459748,0
2016,14,4,6,7,5,1,2,16,41,12,22,28,65,204,95,182,608,12,22,28,65,204,95,182,608,31,1,1,1,14,28,75,151,0,0,0,0,0,0,0,0,0,0,0,0,0,1,15,16,75,142,206,198,273,198,203,1295,453,554,1058,2329,4880,4204,4516,17994,0.06732348111658457,4.0,0.0,0.07196443456515698,0.06728971962616823,3.163292009236731e-05,1
2016,15,3,7,4,3,2,0,4,23,15,22,26,55,146,46,82,392,15,22,26,55,146,46,82,392,27,0,1,0,6,4,6,44,0,0,0,0,0,0,2,2,0,0,0,0,0,1,9,10,69,123,207,212,354,190,169,1324,426,558,1065,2536,5238,3987,4318,18128,0.058524173027989825,8.71111111111111,0.18181818181818182,0.07303215842021071,0.06732348111658457,-0.008244274809160304,0
2016,16,9,2,8,2,0,2,14,37,10,12,26,69,212,93,178,600,10,12,26,69,212,93,178,600,36,2,0,1,26,30,73,168,0,0,0,0,0,0,0,0,0,0,0,1,4,3,12,20,78,122,203,232,307,190,293,1425,500,565,1065,2666,5814,4728,4675,20013,0.06156405990016639,3.5502958579881656,0.0,0.07120015988807835,0.058524173027989825,0.0028718162037629576,1
2016,17,4,7,10,2,2,0,13,38,18,18,45,66,203,101,204,655,18,18,45,66,203,101,204,655,31,0,0,1,13,21,89,155,0,0,0,0,0,0,0,0,2,0,0,0,1,3,15,21,126,176,366,308,347,268,199,1790,483,627,1264,2610,5765,4697,4493,19939,0.057926829268292686,4.198717948717949,0.0,0.08976930792377132,0.06156405990016639,-0.0034262940591788344,0
2016,18,5,8,9,4,0,1,4,31,12,19,39,47,171,83,135,506,12,19,39,47,171,83,135,506,23,1,1,5,7,13,43,93,0,0,0,0,0,0,1,1,2,0,0,0,2,0,14,18,122,108,230,241,240,232,170,1343,486,544,1273,3176,4635,3946,4302,18362,0.0611439842209073,5.382978723404255,0.05263157894736842,0.0731361977890323,0.057926829268292686,0.0030409994941141003,1
2016,19,12,5,15,4,3,2,23,64,21,27,43,73,189,123,246,722,21,27,43,73,189,123,246,722,24,0,0,1,12,22,77,136,0,0,0,0,1,0,0,1,0,0,0,0,1,5,24,30,164,213,326,297,386,268,373,2027,620,627,1154,2626,5499,4385,5246,20157,0.08852005532503458,5.2700729927007295,0.03225806451612903,0.10055561067566227,0.0611439842209073,0.025798639497755637,1
2016,20,14,12,15,4,1,3,9,58,28,21,36,71,227,113,190,686,28,21,36,71,227,113,190,686,34,0,0,6,8,29,78,155,0,0,0,1,1,1,0,3,0,0,0,2,2,3,18,25,152,168,235,269,453,270,302,1849,630,641,1293,3058,6274,4825,4637,21358,0.08442503639010189,4.397435897435898,0.11538461538461539,0.08656772320801535,0.08852005532503458,-0.0037620059592837827,0
2016,21,10,8,13,5,2,0,11,49,26,27,38,67,158,83,150,549,26,27,38,67,158,83,150,549,24,0,0,3,5,21,63,116,0,0,0,0,0,1,1,2,3,0,0,0,2,9,16,30,175,179,347,279,398,288,243,1909,520,657,1232,2568,4845,4041,3962,17825,0.0890909090909091,4.6923076923076925,0.06451612903225806,0.10709076629642096,0.08442503639010189,0.004302623550945705,1
2016,22,17,11,13,4,1,1,19,66,28,27,52,63,186,95,204,655,28,27,52,63,186,95,204,655,30,1,1,5,14,18,77,146,0,0,0,0,1,0,1,2,1,1,1,0,2,2,22,29,191,158,253,243,331,222,248,1646,475,523,987,1945,3800,3261,3633,14624,0.10060975609756098,4.45578231292517,0.06666666666666667,0.11254700854700855,0.0890909090909091,0.010576570707276356,1
2016,23,15,13,17,6,0,5,16,72,26,27,37,69,172,115,211,657,26,27,37,69,172,115,211,657,19,1,0,1,2,21,54,98,0,0,0,0,0,0,0,0,0,0,0,0,0,6,18,24,177,309,417,355,501,334,359,2452,580,798,1354,2657,6064,4577,5111,21141,0.1094224924012158,6.636363636363637,0.0,0.11597767477059881,0.10060975609756098,0.008007139910245936,1
2016,24,22,16,19,8,3,4,22,94,30,31,45,74,209,103,192,684,30,31,45,74,209,103,192,684,27,0,0,3,11,17,58,116,1,0,0,0,0,0,0,1,3,0,0,0,0,1,18,22,271,279,400,434,485,352,329,2550,798,752,1279,2732,5506,4413,4464,19944,0.13722627737226278,5.846153846153846,0.043478260869565216,0.12785159187766357,0.1094224924012158,0.025061493850614947,1
2016,25,16,14,11,10,5,1,25,82,26,36,35,66,218,95,171,647,26,36,35,66,218,95,171,647,29,0,0,2,8,19,46,104,0,0,0,0,0,0,0,0,2,0,0,0,1,0,19,22,189,264,423,334,555,371,307,2443,594,715,1323,2657,5660,4542,3943,19434,0.12654320987654322,6.161904761904762,0.0,0.12570105479804478,0.13722627737226278,-0.009393968208687938,0
2016,26,13,11,12,4,2,1,16,59,26,35,33,81,155,85,144,559,26,35,33,81,155,85,144,559,30,0,0,2,7,21,33,93,0,0,0,0,0,0,1,1,2,0,0,1,0,3,14,20,276,145,219,187,332,306,363,1828,612,534,864,1761,3541,3002,3575,13889,0.10535714285714286,5.946808510638298,0.047619047619047616,0.131605471562275,0.12654320987654322,-0.018806262230919774,0
2016,27,23,16,15,4,2,4,27,91,36,32,63,74,210,125,217,757,36,32,63,74,210,125,217,757,29,0,1,2,12,36,89,169,0,0,0,0,0,0,0,0,1,0,1,0,0,3,25,30,198,190,216,224,346,272,348,1794,553,624,866,2155,4660,3761,4531,17150,0.12005277044854881,4.452941176470588,0.0,0.10460031485044603,0.10535714285714286,0.013294913491417341,1
2016,28,17,11,12,8,0,1,20,69,24,26,30,75,184,123,221,683,24,26,30,75,184,123,221,683,20,1,0,4,7,16,88,136,1,0,0,0,0,1,1,3,1,1,0,0,0,4,18,24,192,202,245,277,411,290,326,1943,652,645,1020,2463,4877,4143,4615,18415,0.10087719298245613,4.985401459854015,0.12,0.10550608166811468,0.12005277044854881,-0.017120244663484392,0
2016,29,14,7,11,7,0,1,19,59,27,24,40,62,125,99,164,541,27,24,40,62,125,99,164,541,31,0,0,2,6,30,82,151,0,0,0,1,0,0,1,2,1,0,0,1,0,3,15,20,216,182,300,302,433,242,271,1946,715,654,1119,2483,4851,3406,4073,17301,0.1088560885608856,3.5592105263157894,0.09523809523809523,0.11247254652641313,0.10087719298245613,0.007247761720645097,1
2016,30,17,9,13,6,4,6,12,67,58,25,38,71,181,125,187,685,58,25,38,71,181,125,187,685,33,1,3,9,7,31,83,167,0,0,0,0,0,0,0,0,2,0,1,1,2,3,21,30,267,221,354,425,431,338,294,2330,725,589,1175,2508,4258,3431,3704,16390,0.09766763848396501,4.0773809523809526,0.0,0.14215118052589837,0.1088560885608856,-0.010090083097655514,0
2016,31,11,5,10,5,2,1,5,39,68,15,32,74,184,108,187,668,68,15,32,74,184,108,187,668,34,1,2,1,7,19,64,128,0,0,0,0,0,0,0,0,1,0,0,1,1,2,13,18,250,316,480,483,705,409,398,3041,719,743,1445,2919,5762,4389,4623,20600,0.05829596412556054,5.178294573643411,0.0,0.1476141934857531,0.09766763848396501,-0.03586848420964869,0
2016,32,22,5,8,5,1,0,1,42,58,14,25,73,184,82,145,581,58,14,25,73,184,82,145,581,32,0,2,8,13,22,55,132,0,0,0,0,0,0,0,0,0,1,1,0,1,4,12,19,203,184,282,309,409,247,253,1887,573,455,944,2275,4286,3240,3433,15206,0.07216494845360824,4.368421052631579,0.0,0.12408759124087591,0.05829596412556054,0.013105014852350159,1
2016,33,26,11,11,8,2,3,20,81,60,17,31,74,196,118,227,723,60,17,31,74,196,118,227,723,23,1,3,7,16,34,66,150,0,0,0,0,0,0,0,0,2,0,0,0,2,4,22,30,231,220,308,384,446,318,290,2197,754,655,1121,2380,4684,3620,4051,17265,0.11187845303867404,4.788079470198675,0.0,0.12724429514653077,0.07216494845360824,0.03704048023799406,1
2016,34,25,15,19,9,1,0,3,72,59,28,35,66,196,101,181,666,59,28,35,66,196,101,181,666,34,1,5,10,11,36,58,155,0,0,0,0,0,0,0,0,1,1,0,1,0,3,7,13,201,236,345,361,427,246,252,2068,559,589,1052,2420,4932,3828,3875,17255,0.10794602698650675,4.269230769230769,0.0,0.11984237366713027,0.11187845303867404,-0.003536740946297038,0
2016,35,17,10,11,10,1,2,9,60,71,23,38,92,202,113,201,740,71,23,38,92,202,113,201,740,32,2,1,10,16,32,76,169,0,0,0,0,0,0,0,0,1,0,1,0,4,4,21,31,223,188,389,454,496,318,269,2337,638,578,1107,2584,5139,3648,3971,17665,0.08097165991902834,4.352941176470588,0.0,0.13228801086833467,0.10794602698650675,-0.02434628258999743,0
2016,36,21,14,25,18,1,1,13,93,65,19,33,75,188,118,200,698,65,19,33,75,188,118,200,698,35,2,1,7,10,26,57,138,0,0,0,0,0,2,1,3,0,0,0,0,2,4,13,19,218,199,423,475,577,302,309,2503,641,672,1256,2760,8432,4153,4889,22803,0.13304721030042918,5.0215827338129495,0.15,0.10976144536046308,0.08097165991902834,0.0481747600906592,1
2016,37,21,16,25,20,1,1,15,99,76,22,36,70,211,106,181,702,76,22,36,70,211,106,181,702,36,1,2,8,8,17,51,123,0,0,1,0,0,1,1,3,1,0,1,2,0,2,13,19,180,199,371,405,450,292,246,2143,670,728,1310,2876,5501,4052,4408,19545,0.14082503556187767,5.661290322580645,0.15,0.10963880077765271,0.13304721030042918,0.006864520022414766,1
2016,38,21,5,12,4,2,2,13,59,62,12,24,75,186,100,141,600,62,12,24,75,186,100,141,600,25,0,2,13,5,26,44,115,0,0,0,0,0,1,0,1,2,0,0,0,1,3,19,25,212,219,367,440,508,293,275,2314,706,734,1282,2920,5520,4157,4635,19954,0.09816971713810316,5.172413793103448,0.038461538461538464,0.11596091205211727,0.14082503556187767,-0.037389886349019304,0
2016,39,13,12,26,12,4,3,7,77,53,30,40,79,202,94,199,697,53,30,40,79,202,94,199,697,34,1,2,6,10,24,52,129,0,0,0,0,0,0,1,1,1,0,0,0,0,7,10,18,213,190,349,415,432,262,252,2113,623,604,1170,2595,5095,3785,3967,17839,0.11031518624641834,5.361538461538461,0.05263157894736842,0.11844170403587444,0.09816971713810316,0.011059737778935493,1
2016,40,22,15,21,8,5,2,28,101,61,26,38,75,187,91,196,674,61,26,38,75,187,91,196,674,36,1,1,5,13,18,54,128,0,0,0,0,0,0,1,1,2,0,0,1,0,2,16,21,147,144,230,282,347,179,196,1525,715,631,1131,2644,5759,4149,4648,19677,0.14962962962962964,5.224806201550388,0.045454545454545456,0.07749771318223397,0.11031518624641834,0.035408363201911604,1
2016,41,24,17,14,10,1,1,11,78,73,30,34,59,167,69,133,565,73,30,34,59,167,69,133,565,36,3,4,2,10,15,42,112,0,0,0,0,0,0,0,0,5,0,0,0,0,4,12,21,118,98,222,253,290,202,179,1362,540,442,852,2210,3945,3180,3326,14495,0.13780918727915195,5.0,0.0,0.0939569536423841,0.14962962962962964,-0.01028195694145933,0
2016,42,20,10,14,2,1,5,20,72,46,21,23,66,197,105,202,660,46,21,23,66,197,105,202,660,19,3,1,10,14,15,62,124,0,0,0,0,0,0,0,0,0,0,0,1,1,0,15,17,159,174,239,259,352,258,200,1641,604,634,988,2135,4496,3384,3897,16138,0.10892586989409984,5.28,0.0,0.10167916227771237,0.13780918727915195,-0.02538502739121039,0
2016,43,4,0,1,4,1,2,16,28,10,1,2,19,46,71,177,326,10,1,2,19,46,71,177,326,2,0,0,1,3,21,43,70,0,0,0,0,0,0,0,0,1,0,0,0,1,1,11,14,151,101,176,217,353,212,175,1385,496,489,932,1648,4309,3824,4140,15838,0.0856269113149847,4.591549295774648,0.0,0.0874423890397121,0.10892586989409984,-0.02101038420299469,0
2016,44,1,1,1,0,2,2,15,22,5,1,4,14,74,85,184,367,5,1,4,14,74,85,184,367,0,0,0,2,6,14,57,79,0,0,0,0,0,0,0,0,0,0,0,0,1,1,9,11,90,84,127,174,298,200,173,1146,488,407,767,1806,4700,4235,4372,16775,0.059782608695652176,4.5875,0.0,0.06831187410586552,0.0856269113149847,-0.023805878750765456,0
2016,45,17,7,9,10,3,0,10,56,69,22,23,71,162,76,141,564,69,22,23,71,162,76,141,564,36,1,1,5,6,11,44,104,0,0,0,0,0,0,0,0,0,0,0,2,1,5,8,16,111,100,159,271,255,176,170,1242,484,488,832,1744,3135,2705,3372,12760,0.09911504424778761,5.371428571428571,0.0,0.09732779562730194,0.059782608695652176,0.03711368277739959,1
2016,46,0,0,0,0,0,6,16,22,8,1,8,27,85,130,243,502,8,1,8,27,85,130,243,502,1,0,0,0,5,19,63,88,0,0,0,0,0,0,0,0,0,0,0,0,0,1,20,21,152,110,200,267,389,260,252,1630,541,480,875,2083,16047,4243,4483,28752,0.0437375745526839,5.640449438202247,0.0,0.056689736723124544,0.09911504424778761,-0.05038368820891079,0
2016,47,1,1,2,1,3,2,18,28,5,2,5,20,82,123,177,414,5,2,5,20,82,123,177,414,0,0,0,2,5,21,45,73,0,0,0,0,0,2,0,2,0,0,0,0,0,3,7,10,120,110,245,239,402,231,259,1606,593,539,840,1980,5184,3901,4196,17233,0.06746987951807229,5.594594594594595,0.18181818181818182,0.09318788441452942,0.0437375745526839,0.022737808376362592,1
2016,48,0,3,2,2,2,4,9,22,0,3,2,15,42,64,118,244,0,3,2,15,42,64,118,244,0,0,0,1,8,26,74,109,0,0,0,0,0,0,0,0,0,0,0,0,0,4,8,12,106,144,130,150,348,183,211,1272,404,495,636,2018,4609,3595,3685,15442,0.08979591836734693,2.2181818181818183,0.0,0.08236741565757949,0.06746987951807229,0.020914912240291142,1
2016,49,1,0,3,1,0,1,15,21,2,1,4,13,59,84,145,308,2,1,4,13,59,84,145,308,1,0,0,1,7,22,57,88,0,0,0,0,0,0,0,0,0,0,0,0,1,2,11,14,84,79,103,165,403,213,235,1282,345,357,520,1583,4348,3191,3574,13918,0.06796116504854369,3.460674157303371,0.0,0.09210431783892521,0.08979591836734693,-0.020035635067815714,0
2016,50,10,4,5,6,3,3,19,50,60,9,19,89,189,111,183,660,60,9,19,89,189,111,183,660,31,2,0,3,13,29,83,161,0,0,0,0,1,1,2,4,1,1,0,0,1,2,16,21,121,105,195,257,448,300,262,1688,617,543,915,2408,5303,3767,4166,17719,0.07564296520423601,4.074074074074074,0.18181818181818182,0.09525959367945824,0.06796116504854369,0.007192958327602811,1
2016,51,7,6,6,3,2,3,17,44,53,13,18,61,164,82,148,539,53,13,18,61,164,82,148,539,28,2,2,4,15,28,91,170,0,0,0,0,0,1,0,1,2,0,0,0,0,4,12,18,134,115,158,189,413,245,252,1506,535,453,699,1987,4836,3687,3708,15905,0.08148148148148149,3.152046783625731,0.05263157894736842,0.0946812523576009,0.07564296520423601,0.005427931447622027,1
2016,52,7,3,6,7,4,0,20,47,48,15,18,57,177,78,139,532,48,15,18,57,177,78,139,532,23,3,0,6,17,27,77,153,0,0,0,0,0,0,1,1,1,0,0,1,0,1,7,10,152,80,121,167,348,241,303,1412,611,504,718,1597,4049,2905,3006,13390,0.08818011257035648,3.4545454545454546,0.09090909090909091,0.10544395489507878,0.08148148148148149,0.006193939705466598,1
2017,1,6,3,6,3,0,1,15,34,60,22,27,68,150,54,66,447,60,22,27,68,150,54,66,447,32,5,1,9,8,19,44,118,0,0,0,0,0,0,0,0,1,0,0,1,0,1,7,10,134,99,123,165,333,226,305,1385,634,568,712,1842,3990,3254,3368,14368,0.07589285714285714,3.7563025210084033,0.0,0.09638805762405178,0.08818011257035648,-0.011291564039408874,0
2017,2,12,7,5,2,3,3,23,55,53,19,21,70,194,124,230,711,53,19,21,70,194,124,230,711,27,2,2,10,8,17,76,142,0,0,0,0,0,0,1,1,0,0,1,1,2,3,16,23,112,124,179,242,495,299,370,1821,566,619,1019,2488,5389,4186,4894,19161,0.07724719101123595,4.972027972027972,0.041666666666666664,0.09503183383780399,0.07589285714285714,0.001258799944053336,1
2017,3,9,5,3,4,4,1,23,49,59,12,17,65,202,86,194,635,59,12,17,65,202,86,194,635,38,2,1,7,14,21,59,142,0,0,0,0,1,0,2,3,1,0,1,0,1,1,19,23,105,121,167,212,451,311,296,1663,645,671,1196,2637,5510,4073,4163,18895,0.0770440251572327,4.440559440559441,0.125,0.08800804403048264,0.07724719101123595,-0.00018859724648019916,0
2017,4,18,6,5,1,2,2,5,39,81,20,19,68,206,92,198,684,81,20,19,68,206,92,198,684,42,1,6,5,8,25,61,148,0,0,0,0,0,0,0,0,2,0,0,0,0,0,16,18,109,164,222,223,338,224,231,1511,472,550,945,2359,4039,3323,4580,16268,0.05693430656934306,4.590604026845638,0.0,0.09287602188210707,0.0770440251572327,-0.01867121317065374,0
2017,5,12,1,3,6,3,4,26,55,57,16,22,91,189,109,246,730,57,16,22,91,189,109,246,730,34,0,2,9,11,21,66,143,0,0,0,0,0,0,0,0,3,0,0,1,5,3,8,20,67,169,229,239,464,266,247,1681,593,669,1172,2895,5752,4741,4658,20480,0.07523939808481532,5.069444444444445,0.0,0.08207607050436991,0.05693430656934306,0.017319043768091846,1
2017,6,11,4,5,7,2,3,10,42,49,14,29,70,216,111,162,651,49,14,29,70,216,111,162,651,33,1,5,9,11,15,56,130,0,0,0,0,0,0,0,0,0,0,0,0,1,0,10,11,68,163,235,231,437,245,220,1599,598,626,1133,2600,5435,3996,4239,18627,0.06441717791411043,4.969465648854962,0.0,0.08583852265406915,0.07523939808481532,-0.010064940133314597,0
2017,7,1,1,1,0,1,3,13,20,9,3,2,13,116,117,206,466,9,3,2,13,116,117,206,466,1,0,0,3,12,17,54,87,0,0,0,0,0,0,0,0,0,0,0,0,0,1,9,10,66,88,171,219,395,215,185,1339,447,486,827,2199,5499,4462,4386,18306,0.042826552462526764,5.295454545454546,0.0,0.07314142131425137,0.06441717791411043,-0.02028398817641578,0
2017,8,11,6,11,5,5,5,15,58,51,17,30,83,208,109,217,715,51,17,30,83,208,109,217,715,26,0,0,9,12,16,54,117,0,0,0,0,0,0,0,0,1,0,0,1,0,0,9,11,97,120,239,230,299,203,195,1383,620,553,1127,2644,5118,4359,4540,18961,0.08100558659217877,6.059322033898305,0.0,0.07293534437295644,0.042826552462526764,0.03661110664999483,1
2017,9,18,8,11,7,2,4,19,69,55,16,31,74,174,120,231,701,55,16,31,74,174,120,231,701,28,1,0,7,15,23,88,162,0,0,0,0,0,0,0,0,0,0,0,1,1,3,11,16,108,224,508,398,446,304,243,2231,592,743,1478,2704,5350,4207,4603,19677,0.09829059829059829,4.300613496932515,0.0,0.1133753430226649,0.08100558659217877,0.01598975242386095,1
2017,10,19,10,18,3,4,1,17,72,59,25,39,66,198,123,221,731,59,25,39,66,198,123,221,731,24,2,4,8,12,20,61,131,0,0,0,0,0,0,0,0,0,1,0,0,1,0,9,11,125,253,573,393,508,315,296,2463,606,762,1598,2538,5398,4025,3976,18903,0.09836065573770492,5.537878787878788,0.0,0.13028988573846806,0.09829059829059829,6.378771448619035e-05,1
2017,11,11,14,12,4,1,2,9,53,51,24,28,67,169,85,150,574,51,24,28,67,169,85,150,574,32,1,2,9,4,18,42,108,0,0,0,0,0,0,1,1,1,0,0,0,0,1,9,11,99,110,262,213,327,174,190,1375,446,712,1026,2257,4658,3185,3541,15825,0.09217391304347826,5.26605504587156,0.08333333333333333,0.08688234550739289,0.09836065573770492,-0.0056327060350421804,0
2017,12,20,9,12,11,4,0,19,75,60,20,28,62,208,131,249,758,60,20,28,62,208,131,249,758,37,2,0,9,7,5,36,96,0,0,0,0,0,0,0,0,3,0,0,0,0,3,13,19,123,173,346,284,386,258,256,1826,529,587,1175,2146,4675,3710,3848,16670,0.09881422924901186,7.814432989690721,0.0,0.10953152180433087,0.09217391304347826,0.006079907353792705,1
2017,13,15,9,19,10,0,3,25,81,55,20,33,64,158,112,221,663,55,20,33,64,158,112,221,663,37,0,0,10,13,21,69,150,0,0,0,0,1,0,0,1,2,1,0,0,3,0,3,9,151,227,401,347,398,313,282,2119,671,748,1453,2664,5691,4440,4479,20146,0.12198795180722892,4.3907284768211925,0.1,0.10517694942175014,0.09881422924901186,0.02108975470226229,1
2017,14,12,8,12,3,1,0,9,45,47,15,27,48,125,80,105,447,47,15,27,48,125,80,105,447,30,0,1,6,6,19,37,99,0,0,0,0,0,0,0,0,2,0,0,1,1,1,7,12,108,141,286,207,289,184,179,1394,593,560,1188,2165,4559,3345,3626,16036,0.10044642857142858,4.47,0.0,0.08692398827710919,0.12198795180722892,-0.019199424736337487,0
2017,15,21,9,17,5,2,3,40,97,66,23,42,65,217,130,316,859,66,23,42,65,217,130,316,859,38,3,1,7,14,24,79,166,0,0,0,0,0,0,1,1,1,0,0,0,1,0,15,17,134,147,223,182,216,145,118,1165,456,432,806,1380,3055,2047,2162,10338,0.1127906976744186,5.1437125748503,0.05555555555555555,0.11268014314730632,0.10044642857142858,0.011217510259917912,1
2017,16,25,6,7,11,0,1,23,73,66,23,22,89,339,172,214,925,66,23,22,89,339,172,214,925,33,1,2,4,10,27,69,146,0,0,0,0,0,0,0,0,0,0,0,0,0,2,7,9,232,226,246,275,415,306,260,1960,703,676,1037,2672,5256,4013,4516,18873,0.07883369330453564,6.292517006802721,0.0,0.10384656140722687,0.1127906976744186,-0.030515176340751664,0
2017,17,31,8,11,5,2,0,11,68,61,17,30,54,161,83,151,557,61,17,30,54,161,83,151,557,39,1,1,5,15,19,54,134,0,0,0,0,0,1,0,1,1,0,0,0,0,6,10,17,171,188,316,279,330,250,270,1804,608,595,1157,2358,4695,3829,4058,17300,0.12186379928315412,4.125925925925926,0.05555555555555555,0.10427142939714468,0.07883369330453564,0.03988576390010081,1
2017,18,33,7,13,8,4,4,25,94,64,22,37,81,201,116,248,769,64,22,37,81,201,116,248,769,33,1,0,5,17,33,90,179,0,0,0,0,0,0,0,0,0,0,0,0,1,1,19,21,155,166,328,270,350,253,246,1768,691,614,1277,2532,5322,4023,4006,18465,0.12207792207792208,4.272222222222222,0.0,0.09574352864724359,0.12186379928315412,0.0001908634496493929,1
2017,19,24,10,12,8,2,3,13,72,52,21,34,66,201,104,202,680,52,21,34,66,201,104,202,680,36,0,3,6,10,28,86,169,0,0,0,0,0,0,0,0,0,0,0,0,2,1,15,18,197,182,371,335,436,317,269,2107,775,726,1464,3160,5507,4135,4661,20428,0.10572687224669604,4.0,0.0,0.10313769641196338,0.12207792207792208,-0.014572116169032466,0
2017,20,23,8,12,11,5,3,14,76,58,18,22,64,199,121,208,690,58,18,22,64,199,121,208,690,25,1,2,5,11,32,70,146,0,0,0,0,0,0,0,0,1,0,0,1,1,1,12,16,187,179,382,303,508,306,285,2150,1055,811,1597,2818,6068,4478,5278,22105,0.10998552821997105,4.6938775510204085,0.0,0.09725866280647788,0.10572687224669604,0.0038514538084997163,1
2017,21,26,11,12,11,3,3,14,80,68,21,30,64,182,68,173,606,68,21,30,64,182,68,173,606,20,1,3,5,17,18,48,112,0,0,0,0,1,0,0,1,0,0,0,1,1,1,10,13,161,195,316,313,402,256,275,1918,799,701,1225,2433,4439,3412,3660,16669,0.13179571663920922,5.3628318584070795,0.07142857142857142,0.11505698860227954,0.10998552821997105,0.01964907457326411,1
2017,22,57,22,26,27,70,2,24,228,71,28,39,72,252,138,276,876,71,28,39,72,252,138,276,876,26,1,1,6,19,31,81,165,0,0,0,0,0,1,0,1,2,0,0,0,1,2,23,28,291,250,527,486,458,280,359,2651,778,716,1372,2724,5915,4285,4629,20419,0.25997719498289623,5.27710843373494,0.034482758620689655,0.12982370225269343,0.13179571663920922,0.11325495975926932,1
2017,23,71,14,26,29,79,4,15,238,86,22,34,67,198,91,199,697,86,22,34,67,198,91,199,697,26,2,1,5,13,30,53,130,0,0,0,0,1,1,0,2,0,0,0,0,1,5,13,19,312,247,508,416,544,323,335,2685,1026,792,1589,3234,6876,4764,4829,23110,0.34097421203438394,5.320610687022901,0.1,0.11617844316559214,0.25997719498289623,0.06428451036575088,1
2017,24,46,16,22,32,61,8,9,194,55,23,28,64,155,99,172,596,55,23,28,64,155,99,172,596,26,0,3,6,3,12,52,102,0,0,0,0,0,2,1,3,3,0,0,0,0,2,3,8,270,236,433,468,448,243,268,2366,1051,794,1371,2659,5359,3762,4293,19289,0.3249581239530988,5.786407766990291,0.3333333333333333,0.12265422498703991,0.34097421203438394,-0.011943621240103654,0
2017,25,46,8,15,26,59,5,21,180,63,11,21,63,198,95,214,665,63,11,21,63,198,95,214,665,26,1,4,10,14,19,64,138,0,0,0,0,0,1,0,1,0,0,0,0,1,6,12,19,292,226,383,403,352,241,254,2151,883,577,1109,2443,4538,3324,3398,16272,0.2702702702702703,4.784172661870503,0.05,0.1321821421987341,0.3249581239530988,-0.04127515631940409,0
2017,26,0,1,1,0,3,6,26,37,3,2,3,18,89,94,236,445,3,2,3,18,89,94,236,445,1,0,0,4,15,9,76,105,0,0,0,0,0,0,0,0,0,0,0,0,0,5,22,27,135,112,168,187,348,214,255,1419,345,312,529,1473,3996,3014,3315,12984,0.08295964125560538,4.19811320754717,0.0,0.10927993839045053,0.2702702702702703,-0.14745730369239576,0
2017,27,57,15,22,30,52,4,20,200,70,22,31,88,220,148,264,843,70,22,31,88,220,148,264,843,33,1,4,8,14,21,75,156,0,0,0,0,0,1,0,1,0,0,0,0,1,1,20,22,265,220,330,388,498,253,301,2255,649,554,1025,2638,5925,4338,4226,19355,0.23696682464454977,5.369426751592357,0.043478260869565216,0.11650134325273817,0.08295964125560538,0.14220953165935651,1
2017,28,8,2,1,1,2,2,21,37,10,10,7,37,124,179,300,667,10,10,7,37,124,179,300,667,2,0,0,3,15,23,70,113,0,0,0,0,0,0,0,0,0,0,0,0,1,3,27,31,120,90,168,216,394,272,303,1563,498,410,819,2190,5575,4627,4749,18868,0.05538922155688623,5.850877192982456,0.0,0.08283427844612858,0.23696682464454977,-0.14679262165324525,0
2017,29,46,12,17,29,53,8,33,198,64,14,22,71,195,117,249,732,64,14,22,71,195,117,249,732,28,1,2,2,17,18,67,135,0,0,0,1,0,0,0,1,2,1,0,1,1,1,13,19,220,206,365,535,484,327,303,2440,763,906,1144,2804,4978,3696,3895,18186,0.27012278308321963,5.382352941176471,0.05,0.13416176389728926,0.05538922155688623,0.20346385687885207,1
2017,30,43,8,15,29,66,10,27,198,63,12,22,74,189,118,244,722,63,12,22,74,189,118,244,722,28,1,0,6,8,13,76,132,0,0,0,0,0,1,0,1,2,0,0,3,0,4,18,27,271,242,399,664,613,367,339,2895,821,699,1273,3211,5887,4305,4599,20795,0.27385892116182575,5.428571428571429,0.03571428571428571,0.13920946335833814,0.27012278308321963,0.0029415566182795783,1
2017,31,43,10,17,36,63,5,9,183,60,13,22,69,179,90,142,575,60,13,22,69,179,90,142,575,36,3,3,4,13,23,60,142,0,0,0,0,0,0,0,0,2,0,1,1,0,1,9,14,261,211,386,701,695,423,382,3059,657,508,1061,2916,5448,3974,3783,18347,0.3177083333333333,4.020979020979021,0.0,0.16672116851972968,0.27385892116182575,0.03442250271444079,1
2017,32,47,14,20,38,54,4,41,218,65,18,29,81,210,118,249,770,65,18,29,81,210,118,249,770,34,2,1,8,9,18,65,137,0,0,0,0,0,0,0,0,2,0,0,0,1,1,30,34,247,260,481,774,651,423,506,3342,660,601,1252,3098,5741,4275,4709,20336,0.2827496757457847,5.579710144927536,0.0,0.16433102227467178,0.3177083333333333,-0.026529890343119908,0
2017,33,49,8,22,41,74,7,16,217,71,11,27,74,182,100,146,611,71,11,27,74,182,100,146,611,33,1,0,7,7,17,43,108,0,0,0,0,0,0,0,0,0,0,0,0,0,5,8,13,246,223,455,742,609,391,370,3036,720,947,1319,2913,5302,3949,3882,19032,0.3545751633986928,5.605504587155964,0.0,0.15951242578679137,0.2827496757457847,0.055993378139931424,1
2017,34,34,7,17,29,70,5,30,192,48,10,21,72,197,120,235,703,48,10,21,72,197,120,235,703,19,3,3,6,11,30,72,144,0,0,0,0,1,1,0,2,1,0,0,1,1,7,12,22,242,238,490,770,695,506,538,3479,680,599,1363,3111,5641,4443,4850,20687,0.2727272727272727,4.848275862068966,0.08695652173913043,0.16816511987625676,0.3545751633986928,-0.060423292027634634,0
2017,35,28,15,17,38,69,5,18,190,47,18,35,67,196,111,178,652,47,18,35,67,196,111,178,652,24,0,4,3,4,11,57,103,0,0,0,0,0,1,3,4,0,0,0,0,0,3,7,10,233,190,450,682,823,471,397,3246,751,536,1245,3028,5996,4633,4725,20914,0.29096477794793263,6.269230769230769,0.36363636363636365,0.15519961749940234,0.2727272727272727,0.014329468387661368,1
2017,36,35,17,17,31,67,3,16,186,57,23,25,67,188,86,144,590,57,23,25,67,188,86,144,590,27,3,4,8,7,12,54,115,0,0,0,0,0,0,1,1,0,1,0,1,1,2,11,16,186,186,382,571,653,349,366,2693,649,527,1216,2836,6318,4734,4990,21270,0.3147208121827411,5.086206896551724,0.058823529411764705,0.12660429693009262,0.29096477794793263,0.018401767918540857,1
2017,37,36,8,15,23,67,6,20,175,55,12,23,68,202,102,180,642,55,12,23,68,202,102,180,642,26,2,1,7,6,17,58,117,0,0,0,0,0,1,1,2,1,0,0,1,0,3,10,15,185,181,382,550,601,307,342,2548,770,622,1293,3143,6628,4962,4987,22405,0.27216174183514774,5.440677966101695,0.125,0.11371953940908686,0.3147208121827411,-0.03237118478176021,0
2017,38,43,10,23,32,63,8,30,209,63,12,32,75,193,111,191,677,63,12,32,75,193,111,191,677,35,2,3,9,10,18,39,116,0,0,0,0,1,0,0,1,0,0,0,1,2,2,10,15,234,197,451,495,555,338,294,2564,644,519,1179,2700,6006,4556,4781,20385,0.308259587020649,5.786324786324786,0.0625,0.12577258903168842,0.27216174183514774,0.028375201044348777,1
2017,39,33,11,20,31,66,9,17,187,51,18,23,68,204,97,197,658,51,18,23,68,204,97,197,658,29,3,1,13,12,12,48,118,0,0,0,0,0,0,0,0,4,0,0,1,1,4,12,22,238,234,447,527,570,236,353,2605,732,647,1429,2795,6009,4492,4931,21035,0.283763277693475,5.529411764705882,0.0,0.1238353299106294,0.308259587020649,-0.018724349181312258,0
2017,40,30,8,15,36,59,7,16,171,48,8,26,68,183,106,180,619,48,8,26,68,183,106,180,619,31,2,1,14,6,23,58,135,0,0,0,0,0,0,0,0,2,0,1,0,1,1,11,16,338,134,369,445,528,264,292,2370,1007,534,1195,2740,5988,4106,4337,19907,0.27580645161290324,4.551470588235294,0.0,0.11904761904761904,0.283763277693475,-0.006198047738885082,0
2017,41,38,4,12,30,62,12,9,167,58,8,17,64,156,102,130,535,58,8,17,64,156,102,130,535,34,0,0,7,9,18,42,110,0,0,0,0,0,0,0,0,2,0,0,0,0,1,6,9,223,170,308,345,488,250,232,2016,1534,1417,1934,3101,5846,4604,4626,23062,0.31156716417910446,4.81981981981982,0.0,0.08741273901920825,0.27580645161290324,0.028029888484253803,1
2017,42,43,15,27,23,53,4,21,186,62,18,34,62,210,128,246,760,62,18,34,62,210,128,246,760,21,1,3,6,14,33,66,144,0,0,0,0,1,1,0,2,0,0,0,0,1,1,10,12,187,179,322,328,446,251,214,1927,630,547,1064,2448,5444,4338,4647,19118,0.24441524310118265,5.241379310344827,0.15384615384615385,0.10078979026099691,0.31156716417910446,-0.05119975774931165,0
2017,43,33,9,15,24,53,6,11,151,50,11,27,69,172,111,196,636,50,11,27,69,172,111,196,636,34,1,2,8,5,11,23,84,0,0,0,0,0,0,0,0,3,0,0,0,1,3,17,24,211,179,314,442,504,281,261,2192,773,612,1184,3244,6718,5061,5034,22626,0.2370486656200942,7.482352941176471,0.0,0.0968754143280152,0.24441524310118265,-0.005919710098319238,0
2017,44,28,9,19,32,52,7,12,159,44,13,29,61,172,108,146,573,44,13,29,61,172,108,146,573,38,0,1,6,14,18,54,131,0,0,0,0,0,1,0,1,1,0,1,1,1,7,10,21,207,146,323,394,480,206,172,1928,625,477,911,2159,4947,3884,4228,17231,0.2770034843205575,4.340909090909091,0.045454545454545456,0.11188486536675951,0.2370486656200942,0.03229850191902934,1
2017,45,28,7,18,32,41,7,13,146,47,14,23,76,160,107,169,596,47,14,23,76,160,107,169,596,24,0,2,9,10,15,46,106,0,0,0,0,0,0,0,0,1,0,0,0,2,3,11,17,156,137,255,343,392,211,213,1707,510,412,916,1988,4569,3619,3898,15912,0.24455611390284757,5.570093457943925,0.0,0.1072707848928549,0.2770034843205575,-0.025408991295723733,0
2017,46,41,11,27,21,78,12,29,219,63,17,36,54,234,151,279,834,63,17,36,54,234,151,279,834,43,1,2,9,12,22,66,155,0,0,0,0,1,0,0,1,2,1,0,0,2,7,18,30,225,210,388,383,480,239,235,2160,764,583,1206,2508,5546,4277,4840,19724,0.2622754491017964,5.346153846153846,0.03225806451612903,0.10950570342205324,0.24455611390284757,0.014237473908172885,1
2017,47,35,7,15,21,54,6,18,156,57,18,19,56,189,119,211,669,57,18,19,56,189,119,211,669,40,5,3,8,10,31,84,181,0,0,0,0,0,0,0,0,1,1,0,0,2,3,12,19,224,187,378,347,439,216,225,2016,631,589,1051,2350,5906,4575,5041,20143,0.23283582089552238,3.6758241758241756,0.0,0.10007942811755362,0.2622754491017964,-0.02332266560933473,0
2017,48,36,11,22,19,57,10,16,171,54,15,27,64,193,118,194,665,54,15,27,64,193,118,194,665,31,2,5,5,17,25,48,133,0,0,0,0,1,0,0,1,3,0,0,0,2,2,12,19,220,207,311,338,421,252,256,2005,786,676,1057,2419,5452,4519,4950,19859,0.25675675675675674,4.962686567164179,0.05,0.10095669687814703,0.23283582089552238,0.019403180420129573,1
2017,49,35,13,13,23,61,4,7,156,56,17,17,43,195,106,170,604,56,17,17,43,195,106,170,604,35,1,1,6,6,17,55,121,0,0,0,0,0,0,0,0,35,1,1,6,2,5,22,72,182,142,221,286,447,199,179,1656,579,421,800,1945,4564,3214,3725,15248,0.2578512396694215,4.950819672131147,0.0,0.1085972850678733,0.25675675675675674,0.0008708788767439782,1
2017,50,39,16,14,26,56,3,12,166,64,22,20,66,199,89,183,643,64,22,20,66,199,89,183,643,38,1,0,4,10,36,79,168,0,0,0,0,0,0,0,0,1,0,0,0,1,3,18,23,192,169,240,269,375,178,115,1538,625,465,860,2442,4987,3761,3859,16999,0.2577639751552795,3.804733727810651,0.0,0.09047058823529412,0.2578512396694215,-6.937586209710833e-05,0
2017,51,40,10,13,22,65,6,10,166,57,15,19,60,190,75,141,557,57,15,19,60,190,75,141,557,33,4,2,3,8,13,53,116,0,0,0,0,0,1,0,1,1,0,0,1,0,1,11,14,180,155,206,245,393,174,126,1479,673,419,751,2027,4391,3579,3325,15165,0.2974910394265233,4.760683760683761,0.06666666666666667,0.09752077014374258,0.2577639751552795,0.03158546838355679,1
2017,52,24,6,15,16,62,4,18,145,45,10,20,59,191,94,175,594,45,10,20,59,191,94,175,594,33,1,4,3,7,19,71,138,0,0,0,0,0,0,0,0,0,0,0,0,0,2,15,17,154,146,180,178,210,117,99,1084,430,349,554,1209,2841,2051,2136,9570,0.24369747899159663,4.273381294964029,0.0,0.11325880263295371,0.2974910394265233,-0.041459677793769426,0
2018,1,21,5,16,24,59,2,19,146,31,7,24,58,177,75,147,519,31,7,24,58,177,75,147,519,25,3,1,2,13,27,85,156,0,0,0,0,1,0,1,2,2,0,0,0,2,5,22,31,162,134,206,190,306,160,274,1432,461,317,613,1585,3392,2572,3391,12331,0.28076923076923077,3.305732484076433,0.0625,0.11612066169315602,0.24369747899159663,0.029807692307692313,1
2018,2,34,7,11,27,64,7,13,163,50,14,15,70,208,102,200,659,50,14,15,70,208,102,200,659,26,1,2,4,10,33,94,170,0,0,0,0,0,0,0,0,0,0,0,2,3,2,14,21,225,163,225,335,503,291,376,2118,674,503,816,2074,4755,4067,4754,17643,0.24696969696969698,3.853801169590643,0.0,0.12004080707322602,0.28076923076923077,-0.026390026390026387,0
2018,3,30,11,10,16,47,5,15,134,50,15,16,51,190,100,177,599,50,15,16,51,190,100,177,599,31,2,4,3,17,27,75,159,0,0,0,0,0,0,0,0,0,0,1,0,0,0,13,14,167,148,190,291,398,247,290,1731,601,497,1015,2610,5181,4415,4668,18987,0.22333333333333333,3.74375,0.0,0.09116283968822414,0.24696969696969698,-0.018955042527339015,0
2018,4,47,15,22,27,103,21,13,248,69,18,29,62,224,125,188,715,69,18,29,62,224,125,188,715,30,5,1,3,8,25,73,145,0,0,0,0,0,0,0,0,2,1,1,1,1,1,10,17,197,148,201,280,349,233,277,1685,585,459,1231,2427,5443,5027,5477,20649,0.3463687150837989,4.897260273972603,0.0,0.08159806295399516,0.22333333333333333,0.10057388153989011,1
2018,5,26,9,16,32,56,6,26,171,51,18,25,78,215,129,211,727,51,18,25,78,215,129,211,727,25,1,1,9,12,24,54,126,0,0,0,0,0,0,0,0,0,1,0,0,0,2,18,21,158,108,197,297,371,178,234,1543,548,455,958,2295,4926,4460,4883,18525,0.2348901098901099,5.724409448818897,0.0,0.08328835150599158,0.3463687150837989,-0.08279946194883957,0
2018,6,25,11,6,25,55,8,12,142,50,17,16,62,199,119,250,713,50,17,16,62,199,119,250,713,35,2,1,5,13,23,67,146,0,0,0,0,0,0,1,1,3,1,0,0,0,4,14,22,177,154,259,298,407,217,197,1709,557,484,918,2753,5623,4885,5111,20331,0.19887955182072828,4.850340136054422,0.043478260869565216,0.08405469211095809,0.2348901098901099,-0.02916094135095641,0
2018,7,28,8,29,30,50,8,14,167,49,11,34,75,175,136,232,712,49,11,34,75,175,136,232,712,22,3,4,3,7,29,56,124,0,0,0,0,0,0,1,1,0,0,0,1,0,1,19,21,184,171,368,344,458,238,217,1980,554,471,990,2493,5839,4393,4790,19530,0.23422159887798036,5.696,0.045454545454545456,0.10137729762940965,0.19887955182072828,0.02947923083981073,1
2018,8,18,4,27,40,60,7,16,172,28,7,36,76,179,105,188,619,28,7,36,76,179,105,188,619,20,0,3,8,9,28,59,127,0,0,0,0,1,0,0,1,1,0,0,0,1,1,11,14,214,219,435,406,566,242,233,2315,770,670,1301,2899,6637,5082,5410,22769,0.27741935483870966,4.8359375,0.06666666666666667,0.10166886253842776,0.23422159887798036,0.034999999999999996,1
2018,9,31,6,22,33,65,7,18,182,52,8,32,81,214,156,237,780,52,8,32,81,214,156,237,780,28,1,2,3,10,20,86,150,0,0,0,0,0,0,0,0,2,0,0,1,0,1,21,25,379,282,826,564,676,326,404,3457,946,720,1789,3085,6494,4794,5767,23595,0.2330345710627401,5.1655629139072845,0.0,0.1465078826919817,0.27741935483870966,-0.03474566406704689,0
2018,10,34,11,21,29,62,6,12,175,42,15,24,74,193,127,218,693,42,15,24,74,193,127,218,693,24,3,3,10,13,19,67,139,0,0,0,0,1,0,0,1,1,0,0,2,2,2,14,21,241,211,433,420,542,294,297,2438,869,601,1313,2781,6238,5207,5998,23007,0.2521613832853026,4.95,0.045454545454545456,0.10596314325452016,0.2330345710627401,0.015511983744362724,1
2018,11,42,13,16,33,62,6,10,182,55,16,21,63,186,94,191,626,55,16,21,63,186,94,191,626,28,4,2,4,15,32,54,139,0,0,0,0,0,0,0,0,1,0,0,1,2,1,11,16,242,196,414,352,412,214,131,1961,884,587,1182,2527,5632,4181,3878,18871,0.2902711323763955,4.4714285714285715,0.0,0.10391055532005086,0.2521613832853026,0.03043517361244936,1
2018,12,37,9,7,26,38,5,12,134,49,10,11,51,144,85,169,519,49,10,11,51,144,85,169,519,20,2,4,4,9,26,100,165,0,0,0,0,0,0,0,0,0,1,1,0,1,3,14,20,217,170,402,324,490,236,217,2056,539,439,1185,1981,4993,3618,4216,16971,0.25769230769230766,3.1265060240963853,0.0,0.12114070233325477,0.2902711323763955,-0.025249595892364748,0
2018,13,35,11,22,22,62,3,25,180,49,13,30,52,210,99,238,691,49,13,30,52,210,99,238,691,35,0,2,2,8,34,118,199,0,0,0,0,0,0,0,0,3,0,0,2,0,2,12,19,251,211,432,301,366,206,246,2013,562,488,999,1931,4047,3392,4107,15526,0.26011560693641617,3.455,0.0,0.12964513428221808,0.25769230769230766,0.0019267822736030896,1
2018,14,35,10,18,40,68,7,20,198,50,15,24,78,195,96,193,651,50,15,24,78,195,96,193,651,34,4,2,6,13,22,95,176,0,0,0,0,1,0,0,1,2,0,0,0,3,4,8,17,228,172,288,267,394,210,159,1718,669,567,1121,2350,5839,5054,5070,20670,0.30368098159509205,3.6779661016949152,0.05555555555555555,0.08311160563107735,0.26011560693641617,0.03457252209151802,1
2018,15,40,11,26,32,60,3,12,184,55,17,31,74,190,129,179,675,55,17,31,74,190,129,179,675,21,0,3,7,19,29,100,179,0,0,0,0,1,1,0,2,0,0,1,0,1,1,10,13,240,235,382,396,486,293,252,2284,620,635,1147,2719,5562,5058,4566,20307,0.27218934911242604,3.75,0.14285714285714285,0.11246799290919834,0.30368098159509205,-0.024155934563174396,0
2018,16,43,14,27,31,59,6,15,195,58,16,30,69,192,103,174,642,58,16,30,69,192,103,174,642,36,1,3,3,24,40,95,202,0,0,0,0,1,1,0,2,3,0,0,0,1,2,7,13,329,247,535,466,530,334,355,2796,893,804,1559,3073,6985,5415,5436,24165,0.30326594090202175,3.1625615763546797,0.14285714285714285,0.11569974344119838,0.27218934911242604,0.02442764656949616,1
2018,17,34,12,17,32,59,10,21,185,51,14,21,70,202,97,181,636,51,14,21,70,202,97,181,636,32,0,2,5,18,37,91,185,0,0,0,0,1,0,0,1,3,0,0,0,1,3,9,16,260,285,479,501,406,233,158,2322,636,582,1353,2524,5170,4429,4131,18825,0.2904238618524333,3.4193548387096775,0.058823529411764705,0.12334006161691279,0.30326594090202175,-0.009853767098908561,0
2018,18,29,10,24,40,67,9,9,188,46,11,25,82,193,98,161,616,46,11,25,82,193,98,161,616,32,1,1,4,10,29,96,173,0,0,0,0,0,0,0,0,2,0,0,0,0,2,17,21,265,271,620,507,628,274,293,2858,670,618,1368,2592,5349,4136,3990,18723,0.3047001620745543,3.5402298850574714,0.0,0.15263832514419995,0.2904238618524333,0.011063264284052412,1
2018,19,36,11,24,32,67,2,11,183,50,12,27,70,159,71,117,506,50,12,27,70,159,71,117,506,30,2,3,3,11,16,50,115,0,0,0,0,0,0,0,0,1,0,0,1,1,2,10,15,184,162,373,373,407,171,117,1787,717,624,1163,2366,5130,4114,3615,17729,0.3609467455621302,4.362068965517241,0.0,0.10078962210941907,0.3047001620745543,0.043110735418427734,1
2018,20,40,10,19,29,56,15,29,198,50,11,25,62,200,126,209,683,50,11,25,62,200,126,209,683,27,2,2,15,19,34,90,189,0,0,0,0,0,0,0,0,1,0,0,1,1,4,13,20,511,207,554,573,524,419,408,3196,927,563,1483,2799,5083,4448,4725,20028,0.2894736842105263,3.594736842105263,0.0,0.1595686254930351,0.3609467455621302,-0.05251716247139588,0
2018,21,39,10,19,35,53,4,11,171,51,13,23,84,177,129,171,648,51,13,23,84,177,129,171,648,30,1,0,11,17,27,89,175,0,0,0,0,0,0,0,0,0,0,0,1,0,0,12,13,312,415,665,592,781,537,483,3785,681,864,1479,3073,6259,4968,5139,22463,0.26348228043143296,3.6818181818181817,0.0,0.1684918091168091,0.2894736842105263,-0.020156598849092818,0
2018,22,53,8,26,39,62,5,17,210,64,9,31,70,178,93,139,584,64,9,31,70,178,93,139,584,31,2,2,9,7,25,63,139,0,0,0,0,0,0,0,0,0,1,0,0,0,0,11,12,199,181,480,488,383,224,162,2117,660,593,1415,2754,4909,4829,5143,20303,0.358974358974359,4.171428571428572,0.0,0.1042651694247439,0.26348228043143296,0.07557848655409632,1
2018,23,47,13,26,35,64,5,27,217,62,13,29,69,160,98,152,583,62,13,29,69,160,98,152,583,27,2,2,5,7,22,85,150,0,0,0,0,0,0,0,0,0,0,0,0,0,2,13,15,234,257,530,535,390,225,156,2327,549,559,1173,2155,4207,3706,3425,15774,0.3715753424657534,3.8609271523178808,0.0,0.14751188589540412,0.358974358974359,0.00927242181442232,1
2018,24,53,12,34,27,62,8,25,221,63,13,39,66,187,150,235,753,63,13,39,66,187,150,235,753,22,0,2,6,15,28,78,151,0,0,0,0,0,2,0,2,2,0,0,0,0,5,23,30,436,258,645,549,681,547,307,3423,830,516,1292,2525,5753,4804,4629,20349,0.29310344827586204,4.953947368421052,0.06451612903225806,0.1682063882063882,0.3715753424657534,-0.057212966550432655,0
2018,25,40,12,18,26,48,6,23,173,52,17,19,60,182,102,170,602,52,17,19,60,182,102,170,602,28,4,6,5,17,20,68,148,0,0,0,0,0,0,1,1,0,0,0,0,0,3,9,12,522,275,616,542,698,546,525,3724,933,600,1469,2866,5997,5402,5317,22584,0.28689883913764513,4.040268456375839,0.07692307692307693,0.16488820013283154,0.29310344827586204,-0.004798231066887744,0
2018,26,47,13,23,34,46,9,9,181,50,16,28,61,134,51,58,398,50,16,28,61,134,51,58,398,31,1,4,7,8,13,31,95,0,0,0,0,0,0,0,0,1,0,0,0,0,1,6,8,244,177,337,348,423,251,179,1959,657,556,973,6785,4604,3864,3600,21039,0.45363408521303256,4.145833333333333,0.0,0.0931083650190114,0.28689883913764513,0.12956359972095183,1
2018,27,37,9,16,32,62,8,18,182,58,9,17,63,183,113,181,624,58,9,17,63,183,113,181,624,26,0,3,5,11,23,59,127,0,0,0,0,0,0,0,0,2,0,0,1,0,3,11,17,413,234,358,442,676,408,500,3031,1078,516,1040,2453,5169,7459,5112,22827,0.2912,4.875,0.0,0.13277553881198528,0.45363408521303256,-0.11174344827586205,0
2018,28,0,0,0,1,3,1,17,22,0,0,0,21,72,78,161,332,0,0,0,21,72,78,161,332,0,0,0,2,13,25,42,82,0,0,0,0,0,0,0,0,0,0,0,0,1,1,11,13,325,164,312,309,571,467,457,2605,778,521,1037,2563,5521,5194,6116,21730,0.06606606606606606,4.0,0.0,0.11987483318761216,0.2912,-0.17436023383978777,0
2018,29,39,11,19,35,57,7,14,182,54,14,30,81,175,122,159,635,54,14,30,81,175,122,159,635,25,1,0,5,11,20,51,113,1,0,0,0,0,0,0,1,2,0,1,0,1,1,8,13,484,242,535,501,579,346,329,3016,1124,567,1390,2581,5082,4138,4707,19589,0.2861635220125786,5.5701754385964914,0.07142857142857142,0.15395610005104646,0.06606606606606606,0.20645761360616527,1
2018,30,40,9,13,25,56,4,18,165,59,11,20,65,143,91,141,530,59,11,20,65,143,91,141,530,35,2,1,7,13,27,46,131,0,0,0,0,1,0,0,1,2,0,0,0,1,3,10,16,439,199,505,462,580,415,452,3052,882,573,1359,2727,4487,4529,4896,19453,0.3107344632768362,4.015151515151516,0.058823529411764705,0.1568829032589699,0.2861635220125786,0.019104057022087794,1
2018,31,32,12,20,35,61,6,11,177,46,17,24,60,142,105,171,565,46,17,24,60,142,105,171,565,25,1,3,7,16,40,74,166,0,0,0,0,0,0,0,0,2,1,0,0,0,1,7,11,189,155,362,430,446,281,292,2155,690,459,1051,2502,4712,3874,4815,18103,0.3127208480565371,3.3832335329341316,0.0,0.11903446752098984,0.3107344632768362,0.0015154745948580317,1
2018,32,43,13,16,28,70,4,24,198,58,17,20,71,205,102,192,665,58,17,20,71,205,102,192,665,22,2,0,11,8,31,79,153,0,0,0,0,0,0,0,0,2,1,0,0,0,0,10,13,371,226,413,523,562,282,257,2634,868,597,1156,2791,5639,4301,5116,20468,0.2972972972972973,4.318181818181818,0.0,0.12868239777224094,0.3127208480565371,-0.01174929977083408,0
2018,33,43,14,15,38,67,5,17,199,58,16,21,76,170,86,130,557,58,16,21,76,170,86,130,557,31,1,0,9,6,19,57,123,0,0,0,0,0,0,0,0,1,1,0,0,0,0,6,8,473,224,529,534,634,357,302,3053,997,499,1162,2519,5263,4108,4575,19123,0.35663082437275984,4.491935483870968,0.0,0.1596423342396988,0.2972972972972973,0.04573626045400236,1
2018,34,54,6,31,38,64,12,41,246,76,9,50,116,257,214,407,1129,76,9,50,116,257,214,407,1129,45,0,3,5,13,51,95,212,0,0,0,0,1,4,1,6,2,0,0,3,2,13,35,55,249,177,363,457,569,321,412,2548,794,634,1358,3141,6103,5342,7362,24734,0.2176991150442478,5.300469483568075,0.10714285714285714,0.10301192642005255,0.35663082437275984,-0.10240937094492697,0
2018,35,58,10,14,42,54,7,16,201,83,13,18,81,156,96,180,627,83,13,18,81,156,96,180,627,47,0,1,9,11,25,71,164,0,0,0,0,0,0,0,0,2,0,0,0,1,10,1,14,295,214,417,524,546,447,412,2855,794,859,1449,2794,5655,5007,5847,22405,0.3200636942675159,3.8,0.0,0.12742122645719897,0.2176991150442478,0.08406393497259664,1
2018,36,42,9,12,40,76,6,23,208,58,12,18,81,190,96,174,629,58,12,18,81,190,96,174,629,32,3,1,8,14,23,61,142,0,0,0,0,0,3,0,3,2,0,0,0,0,7,11,20,217,197,400,442,575,275,246,2352,673,575,1461,2696,5373,4707,5904,21389,0.33015873015873015,4.398601398601398,0.14285714285714285,0.10995792426367461,0.3200636942675159,0.007647385451969294,1
2018,37,43,15,13,36,69,7,25,208,58,20,19,88,212,123,216,736,58,20,19,88,212,123,216,736,38,0,3,6,10,26,52,135,0,0,0,0,0,0,0,0,1,0,0,0,1,1,11,14,306,206,434,503,580,341,282,2652,849,558,1253,3065,6709,5776,6715,24925,0.28222523744911804,5.411764705882353,0.0,0.10639492898980983,0.33015873015873015,-0.03603591934016185,0
2018,38,53,6,16,30,66,8,2,181,69,8,22,50,131,38,33,351,69,8,22,50,131,38,33,351,41,0,0,6,3,6,5,61,1,0,0,0,0,0,0,1,1,0,0,0,1,0,1,3,219,164,429,538,633,324,285,2592,922,762,1461,3210,7614,5729,6143,25841,0.5142045454545454,5.661290322580645,0.25,0.10030183422335733,0.28222523744911804,0.18091931216931215,1
2018,39,33,9,17,42,65,10,16,192,47,15,23,85,173,107,145,595,47,15,23,85,173,107,145,595,30,2,3,8,7,30,59,139,0,0,0,0,0,0,0,0,1,0,0,0,0,0,9,10,220,186,372,466,500,282,213,2239,930,830,1412,3232,6554,5837,5488,24283,0.3221476510067114,4.25,0.0,0.092200625926536,0.5142045454545454,-0.1268368233501643,0
2018,40,35,7,22,37,66,5,20,192,49,10,29,80,181,135,179,663,49,10,29,80,181,135,179,663,21,2,4,7,10,25,53,122,0,0,0,0,0,1,0,1,0,0,1,0,1,3,12,17,208,161,356,437,509,258,277,2206,776,761,1226,3230,7320,5964,6981,26258,0.2891566265060241,5.390243902439025,0.05555555555555555,0.08400929205224875,0.3221476510067114,-0.024952602287321872,0
2018,41,30,15,19,27,75,1,10,177,41,18,23,56,172,79,114,503,41,18,23,56,172,79,114,503,25,0,3,7,11,23,51,120,0,0,0,0,0,0,0,0,0,0,0,1,0,0,10,11,187,179,307,369,420,244,197,1903,618,538,1076,2669,5736,4906,5015,20558,0.35119047619047616,4.1570247933884295,0.0,0.09256286784376672,0.2891566265060241,0.04811971517578993,1
2018,42,42,10,17,42,68,5,11,195,61,13,27,82,169,84,112,548,61,13,27,82,169,84,112,548,37,0,2,6,13,25,70,153,0,0,0,0,0,2,0,2,1,0,0,1,0,2,11,15,211,157,327,431,500,277,331,2234,823,798,1462,3510,7845,7135,8603,30176,0.3551912568306011,3.5584415584415585,0.125,0.07402989031381516,0.35119047619047616,0.002960930165378806,1
2018,43,38,10,22,47,77,1,23,218,50,13,28,88,177,94,161,611,50,13,28,88,177,94,161,611,31,1,2,8,13,18,58,131,0,0,0,0,0,1,0,1,1,0,0,0,0,2,10,13,243,172,271,510,553,326,283,2358,818,667,1384,3129,7863,6282,6987,27130,0.3562091503267974,4.628787878787879,0.07142857142857142,0.08691165087906823,0.3551912568306011,0.0007511068943706555,1
2018,44,39,9,13,34,71,8,13,187,53,11,18,66,174,81,160,563,53,11,18,66,174,81,160,563,28,8,13,23,40,65,61,238,0,0,0,0,0,0,0,0,0,0,0,1,0,1,19,21,192,151,267,387,354,213,165,1729,561,488,840,2170,4296,3671,4184,16210,0.33156028368794327,2.3556485355648538,0.0,0.10665597433841219,0.3562091503267974,-0.018174826967444248,0
2018,45,43,12,14,26,82,11,18,206,56,17,17,74,214,90,161,629,56,17,17,74,214,90,161,629,30,2,1,7,5,12,32,89,0,0,0,0,0,0,0,0,0,1,0,2,1,0,20,24,1243,147,318,427,465,251,225,3076,2243,336,795,1819,3805,3076,3767,15841,0.326984126984127,6.988888888888889,0.0,0.19416740310566846,0.33156028368794327,-0.0034366875911483125,0
2018,46,55,9,18,37,85,10,24,238,67,13,24,90,232,115,214,755,67,13,24,90,232,115,214,755,28,1,3,13,22,34,73,174,0,0,0,0,1,1,0,2,2,0,0,0,3,2,17,24,221,169,383,500,598,311,406,2588,722,550,1153,2854,6845,5292,6530,23946,0.3148148148148148,4.314285714285714,0.08,0.1080719923163653,0.326984126984127,-0.009170653907496008,0
2018,47,32,12,15,26,73,7,13,178,59,15,32,84,260,126,224,800,59,15,32,84,260,126,224,800,28,0,1,4,9,31,75,148,0,0,0,0,0,2,4,6,1,0,0,0,1,6,25,33,247,192,349,478,663,345,356,2630,796,635,1222,2783,6794,5649,6588,24467,0.2222222222222222,5.369127516778524,0.17647058823529413,0.1074873303907144,0.3148148148148148,-0.07042253521126762,0
2018,48,31,5,17,26,64,7,32,182,47,8,24,87,244,158,265,833,47,8,24,87,244,158,265,833,24,1,1,8,17,29,76,156,0,0,0,0,0,0,1,1,6,0,0,1,0,1,23,31,218,182,347,397,541,403,374,2462,1272,1107,1639,3569,7662,6494,7080,28823,0.2182254196642686,5.305732484076433,0.03125,0.08541493200111018,0.2222222222222222,-0.0032701111837802354,0
2018,49,36,6,18,30,46,1,7,144,67,10,24,82,232,107,201,723,67,10,24,82,232,107,201,723,26,1,1,7,10,20,64,129,0,0,0,0,0,0,0,0,1,1,0,2,2,5,24,35,234,206,334,382,661,350,380,2547,1095,1009,1628,3428,7677,6079,6808,27724,0.19889502762430938,5.561538461538461,0.0,0.09186654643823264,0.2182254196642686,-0.015867664332013757,0
2018,50,44,12,12,29,76,7,23,203,59,15,20,68,205,119,218,704,59,15,20,68,205,119,218,704,32,2,2,8,17,21,70,152,0,0,0,0,0,3,2,5,7,1,0,0,0,5,22,35,266,224,295,386,769,435,441,2816,1300,1192,1687,3449,7641,6211,7149,28629,0.28794326241134754,4.601307189542483,0.1388888888888889,0.09835836535103039,0.19889502762430938,0.07427525574402723,1
2018,51,29,4,14,37,57,5,7,153,45,11,22,69,193,101,154,595,45,11,22,69,193,101,154,595,29,3,5,10,8,12,38,105,0,0,0,0,0,0,1,1,5,0,0,0,2,1,13,21,168,117,193,284,433,229,259,1683,761,327,646,1882,4269,3468,4215,15568,0.25671140939597314,5.613207547169812,0.045454545454545456,0.10809942835121074,0.28794326241134754,-0.024249401294976818,0
2018,52,38,6,17,18,67,3,23,172,69,9,26,48,222,92,154,620,69,9,26,48,222,92,154,620,38,1,4,6,22,19,65,155,0,0,0,0,1,0,2,3,2,0,0,1,3,3,20,29,229,166,223,334,536,330,317,2135,762,596,995,2591,6615,4787,5459,21805,0.27697262479871176,3.9743589743589745,0.1,0.09790883243144088,0.25671140939597314,0.016122409052112437,1
2019,1,37,2,18,28,67,4,23,178,53,7,24,71,251,119,137,662,53,7,24,71,251,119,137,662,35,0,4,10,9,14,45,117,0,0,0,0,0,0,2,2,0,0,1,0,2,3,12,18,103,77,263,339,567,301,345,1995,1066,949,1321,2611,5884,4599,4621,21051,0.2684766214177979,5.610169491525424,0.10526315789473684,0.09476534296028881,0.27697262479871176,-0.006653238460967873,0
2019,2,25,15,18,26,56,10,23,173,53,18,29,67,270,151,209,797,53,18,29,67,270,151,209,797,26,4,1,7,7,25,61,131,0,0,0,0,0,0,2,2,0,0,0,0,0,6,13,19,259,232,300,375,643,457,482,2748,1226,1097,1726,3641,8050,6585,6869,29194,0.21679197994987467,6.037878787878788,0.1,0.09412570645658504,0.2684766214177979,-0.04074544267923078,0
2019,3,34,7,14,36,77,11,10,189,64,13,27,79,240,106,104,633,64,13,27,79,240,106,104,633,41,2,1,5,7,15,23,94,0,0,0,0,0,1,2,3,3,0,0,1,0,1,12,17,222,163,258,351,556,372,347,2269,1245,1271,1826,5379,9358,7059,7532,33670,0.2981072555205047,6.663157894736842,0.16666666666666666,0.0673873659825963,0.21679197994987467,0.06682759001582159,1
2019,4,39,8,24,42,67,3,18,201,65,13,30,89,269,118,170,754,65,13,30,89,269,118,170,754,50,0,2,8,9,25,53,147,0,0,0,0,0,2,6,8,2,0,0,0,0,5,16,23,218,158,216,316,493,323,338,2062,1485,1375,2090,4005,8199,7239,7637,32030,0.2662251655629139,5.094594594594595,0.3333333333333333,0.06437513658643189,0.2981072555205047,-0.02456044353962644,0
2019,5,42,6,20,40,65,14,12,199,76,11,29,88,276,138,160,778,76,11,29,88,276,138,160,778,62,24,36,87,216,169,179,773,0,0,0,0,1,1,3,5,3,0,0,1,2,3,17,26,159,141,192,278,427,243,229,1669,1325,1284,2084,4005,7989,7000,6600,30287,0.2554557124518614,1.0051679586563307,0.18518518518518517,0.05510433174854728,0.2662251655629139,-0.008505164329335426,0
2019,6,41,6,15,34,59,5,13,173,66,13,26,92,248,133,212,790,66,13,26,92,248,133,212,790,38,4,1,5,14,27,63,152,0,0,0,0,0,1,1,2,1,0,1,1,0,5,17,25,192,154,240,328,567,267,263,2011,1558,1434,2077,3815,10149,7730,6212,32975,0.21871049304677623,5.163398692810458,0.07692307692307693,0.06098374575448811,0.2554557124518614,-0.029268431407526926,0
2019,7,32,7,26,43,73,8,18,207,48,26,40,91,271,126,174,776,48,26,40,91,271,126,174,776,39,1,0,9,2,19,60,130,0,0,0,0,0,0,0,0,1,0,0,0,0,3,8,12,203,217,400,352,446,255,177,2050,1600,1480,2337,3898,7587,6671,6786,30359,0.26640926640926643,5.923664122137405,0.0,0.06752305665349144,0.21871049304677623,0.03913872378602671,1
2019,8,31,11,20,36,77,5,9,189,60,14,34,84,258,142,166,758,60,14,34,84,258,142,166,758,40,1,2,7,10,22,47,129,0,0,0,0,0,0,2,2,3,0,0,1,1,4,17,26,231,230,476,408,570,305,220,2440,1730,1804,2397,4508,9481,8251,8188,36359,0.2490118577075099,5.8307692307692305,0.07407407407407407,0.0671067106710671,0.26640926640926643,-0.013737587968765076,0
2019,9,1,2,0,0,2,5,17,27,16,2,4,15,106,105,181,429,16,2,4,15,106,105,181,429,4,1,0,1,13,15,48,82,0,0,0,0,0,0,0,0,0,0,0,0,0,3,10,13,154,151,332,274,484,296,291,1982,1748,1568,2344,4538,9377,8259,8798,36632,0.06279069767441861,5.168674698795181,0.0,0.054104222968361856,0.2490118577075099,-0.14909478952016486,0
2019,10,34,14,21,33,78,5,10,195,68,21,28,79,248,127,148,719,68,21,28,79,248,127,148,719,51,0,1,6,12,24,66,160,0,0,0,0,1,1,0,2,2,0,0,0,1,2,14,19,318,191,508,512,705,380,295,2909,1868,1754,2783,5096,9855,9022,9393,39771,0.2708333333333333,4.46583850931677,0.1,0.07314190888061953,0.06279069767441861,0.19575127644055432,1
2019,11,36,14,22,33,60,8,7,180,73,18,27,81,253,118,193,763,73,18,27,81,253,118,193,763,50,2,1,11,10,20,63,157,0,0,0,0,1,0,0,1,1,0,0,2,1,3,18,25,312,273,650,445,647,362,337,3026,2557,2423,3537,5685,11041,9512,10221,44976,0.2356020942408377,4.829113924050633,0.038461538461538464,0.06727883140271694,0.2708333333333333,-0.027722942236717868,0
2019,12,27,9,17,32,64,2,4,155,51,12,28,71,188,44,53,447,51,12,28,71,188,44,53,447,29,2,1,8,6,8,14,68,0,0,0,0,0,0,0,0,2,0,1,0,0,1,5,9,214,220,419,392,523,258,205,2231,943,788,1471,3243,7321,6583,6802,27151,0.34598214285714285,6.478260869565218,0.0,0.08216705951679434,0.2356020942408377,0.08933300544794189,1
2019,13,29,10,20,32,51,6,14,162,56,14,30,81,260,146,196,783,56,14,30,81,260,146,196,783,26,0,1,8,14,28,51,128,0,0,0,0,0,1,0,1,2,0,0,1,0,6,23,32,262,245,533,421,592,368,272,2693,895,903,1698,3093,6889,5456,5704,24638,0.2066326530612245,6.069767441860465,0.030303030303030304,0.10929826697512074,0.34598214285714285,-0.10352996920161099,0
2019,14,35,13,23,29,60,9,11,180,61,17,33,79,251,110,155,706,61,17,33,79,251,110,155,706,26,1,2,14,56,60,113,272,0,0,0,0,0,1,1,2,2,0,0,0,0,1,8,11,301,242,523,459,651,362,282,2820,1016,913,1794,3806,8570,7156,8012,31267,0.2545968882602546,2.586080586080586,0.16666666666666666,0.09018805168223104,0.2066326530612245,0.039750486676574645,1
2019,15,41,14,19,26,60,4,11,175,63,19,33,78,221,123,166,703,63,19,33,78,221,123,166,703,40,0,2,8,8,29,62,149,0,0,0,0,0,1,0,1,1,0,1,0,0,1,11,14,288,249,532,433,596,308,305,2711,1072,949,1861,3548,7727,6480,7170,28807,0.24857954545454544,4.6866666666666665,0.06666666666666667,0.09410580394334907,0.2545968882602546,-0.004796236035666727,0
2019,16,28,10,12,30,48,5,21,154,67,11,23,75,215,99,166,656,67,11,23,75,215,99,166,656,42,1,2,11,11,19,61,147,0,0,0,0,0,0,0,0,1,0,0,0,0,0,11,12,247,230,367,361,432,230,240,2107,1328,1265,1867,3580,6715,5379,5748,25882,0.2343987823439878,4.4324324324324325,0.0,0.08140478306224162,0.24857954545454544,-0.011357516757488707,0
2019,17,33,9,19,36,66,4,17,184,62,10,28,69,245,125,192,731,62,10,28,69,245,125,192,731,29,0,2,10,12,27,115,195,0,0,0,0,0,0,1,1,1,0,0,0,0,2,11,14,293,252,357,401,719,337,277,2636,1662,1647,2169,4487,17598,7452,7811,42826,0.25136612021857924,3.729591836734694,0.06666666666666667,0.06154995680295141,0.2343987823439878,0.013745426613571598,1
2019,18,24,6,23,35,64,5,12,169,51,13,34,82,216,121,165,682,51,13,34,82,216,121,165,682,25,0,3,12,10,29,57,136,0,0,0,0,0,0,0,0,0,0,0,0,0,2,14,16,269,212,417,430,509,246,271,2354,1660,1536,2228,4076,8570,7075,7574,32719,0.24743777452415813,4.978102189781022,0.0,0.07194376528117359,0.25136612021857924,-0.0031392456859347683,0
2019,19,33,9,12,41,59,4,13,171,67,13,23,86,225,123,199,736,67,13,23,86,225,123,199,736,36,1,2,7,4,24,66,140,0,0,0,0,0,0,0,0,0,0,0,0,1,1,18,20,239,238,420,558,698,337,316,2806,943,921,1710,4267,11522,7839,8116,35318,0.23202170963364993,5.219858156028369,0.0,0.07944732297063903,0.24743777452415813,-0.012358183474433218,0
2019,20,38,7,17,38,50,2,13,165,66,10,28,84,218,142,193,741,66,10,28,84,218,142,193,741,43,3,6,5,10,27,66,160,0,0,0,0,0,0,0,0,1,0,0,0,2,1,8,12,230,197,435,451,469,259,231,2272,1544,1320,2209,4065,8161,6849,7737,31885,0.2223719676549865,4.60248447204969,0.0,0.0712538418114533,0.23202170963364993,-0.007832444755809404,0
2019,21,33,9,19,34,42,7,20,164,56,11,25,80,202,140,200,714,56,11,25,80,202,140,200,714,30,1,6,7,12,24,72,152,0,0,0,0,0,0,0,0,3,0,0,0,1,1,16,21,288,247,516,486,668,332,301,2838,1013,944,1870,4162,9049,7676,7927,32641,0.22937062937062938,4.666666666666667,0.0,0.08694320200968078,0.2223719676549865,0.005725476287769579,1
2019,22,3,1,1,0,2,7,30,44,12,3,4,19,192,206,326,762,12,3,4,19,192,206,326,762,10,0,0,3,16,36,120,185,0,0,0,0,0,0,0,0,0,0,0,0,1,1,6,8,112,114,235,200,425,241,188,1515,1196,1120,1718,3786,7894,7174,7482,30370,0.057667103538663174,4.096774193548387,0.0,0.04988311217938165,0.22937062937062938,-0.1396678281795857,0
2019,23,42,11,19,39,36,7,17,171,74,14,28,87,246,147,228,824,74,14,28,87,246,147,228,824,41,1,5,6,9,21,77,160,0,0,0,0,0,0,0,0,3,1,0,1,0,2,9,16,328,263,536,504,566,324,317,2838,1181,1007,2137,3936,8655,6871,7855,31642,0.20727272727272728,5.118012422360248,0.0,0.08968808267231299,0.057667103538663174,0.14144868761969134,1
2019,24,46,16,18,28,49,11,14,182,70,20,30,76,228,130,221,775,70,20,30,76,228,130,221,775,30,0,6,2,13,25,67,143,0,0,0,0,0,0,0,0,1,0,0,0,0,4,15,20,326,252,576,544,679,402,361,3140,1898,1823,2817,5154,10563,9142,9251,40648,0.2345360824742268,5.381944444444445,0.0,0.07724667273487662,0.20727272727272728,0.02258259843497702,1
2019,25,43,17,22,29,58,13,17,199,72,22,30,74,208,80,142,628,72,22,30,74,208,80,142,628,47,0,3,4,10,24,44,132,0,0,0,0,0,0,1,1,3,0,0,0,0,2,14,19,302,262,522,525,664,362,277,2914,1060,1257,1818,4763,9339,7343,7545,33125,0.3163751987281399,4.7218045112781954,0.05,0.08796715570850691,0.2345360824742268,0.06629139270671876,1
2019,26,50,12,30,42,61,7,18,220,77,14,44,79,214,99,161,688,77,14,44,79,214,99,161,688,44,0,2,7,8,24,46,131,0,0,0,0,0,0,0,0,2,0,0,0,0,2,18,22,366,265,456,544,801,451,427,3310,1529,903,1612,4389,8222,6654,7077,30386,0.3193033381712627,5.212121212121212,0.0,0.10892816006845032,0.3163751987281399,0.0022243957846911216,1
2019,27,45,13,18,26,55,11,25,193,82,19,33,83,263,162,202,844,82,19,33,83,263,162,202,844,42,0,4,4,9,7,33,99,0,0,0,0,1,0,0,1,2,1,0,1,2,1,24,31,339,254,453,477,928,550,527,3528,1133,1023,1848,4540,10069,7978,8258,34849,0.22840236686390533,8.44,0.03125,0.1012338593974175,0.3193033381712627,-0.06890073622746891,0
2019,28,34,15,28,46,65,14,14,216,62,21,42,104,239,150,187,805,62,21,42,104,239,150,187,805,35,0,2,5,17,22,79,160,0,0,0,0,1,0,1,2,1,0,0,0,1,1,17,20,299,222,455,575,866,567,459,3443,1130,1362,2274,4782,10384,9442,9405,38779,0.2679900744416873,5.0,0.09523809523809523,0.08878287777204745,0.22840236686390533,0.0322269873826838,1
2019,29,44,19,10,38,76,5,30,222,70,29,24,97,266,147,186,819,70,29,24,97,266,147,186,819,51,1,0,12,13,33,78,188,0,0,0,0,0,3,0,3,1,1,0,0,1,5,17,25,251,204,545,668,824,487,485,3464,1033,909,1962,5092,10609,8635,7756,35996,0.2707317073170732,4.333333333333333,0.11538461538461539,0.09623024140900631,0.2679900744416873,0.0021621879623884644,1
2019,30,56,14,24,42,70,11,26,243,82,18,36,119,242,151,197,845,82,18,36,119,242,151,197,845,44,5,2,9,13,31,68,172,0,0,0,0,1,0,1,2,0,1,0,0,2,0,24,27,311,251,584,809,940,570,443,3908,919,1175,2225,5188,9571,8442,8628,36148,0.2872340425531915,4.884393063583815,0.07142857142857142,0.10810810810810811,0.2707317073170732,0.012986482623432848,1
2019,31,45,15,27,57,76,12,17,249,78,19,37,103,267,126,200,830,78,19,37,103,267,126,200,830,57,3,3,11,11,31,79,195,0,0,0,0,0,1,2,3,1,0,0,3,0,3,17,24,251,234,583,774,970,445,349,3606,1185,876,1847,4966,9778,8274,8089,35015,0.2996389891696751,4.23469387755102,0.12,0.10298149417409184,0.2872340425531915,0.00963690067726822,1
2019,32,61,18,25,33,65,3,17,222,85,20,41,69,206,90,120,631,85,20,41,69,206,90,120,631,36,0,5,10,10,13,50,124,0,0,0,0,0,0,1,1,2,0,0,0,1,2,16,21,244,231,512,740,744,382,374,3227,906,1056,2006,4629,9325,7281,7925,33128,0.3512658227848101,5.048,0.045454545454545456,0.0974071055570648,0.2996389891696751,0.03972398030942335,1
2019,33,49,14,22,39,57,5,17,203,74,17,31,78,200,114,151,665,74,17,31,78,200,114,151,665,39,4,6,3,11,25,55,143,0,0,0,0,0,0,1,1,1,1,0,0,0,2,10,14,225,214,424,646,626,362,253,2750,1188,788,1578,4061,9171,7801,7763,32350,0.3048048048048048,4.618055555555555,0.06666666666666667,0.08500510030601836,0.3512658227848101,-0.03438332946529665,0
2019,34,44,12,17,38,57,5,26,199,82,18,30,93,262,157,243,885,82,18,30,93,262,157,243,885,47,5,3,8,13,41,74,191,0,0,0,0,0,3,0,3,2,0,0,0,1,6,13,22,222,190,447,640,699,353,405,2956,1309,1244,2136,5006,8776,7673,7492,33636,0.22460496613995484,4.609375,0.13043478260869565,0.08787941849748789,0.3048048048048048,-0.06146500868905648,0
2019,35,30,8,21,34,61,9,25,188,56,10,33,90,223,152,203,767,56,10,33,90,223,152,203,767,42,5,2,7,12,30,76,174,0,0,0,0,2,0,1,3,1,0,0,0,2,4,16,23,264,238,475,689,673,346,386,3071,906,825,1995,4306,8602,6313,7413,30360,0.24479166666666666,4.382857142857143,0.125,0.10114950100457824,0.22460496613995484,0.016484254992319508,1
2019,36,30,7,18,47,79,10,19,210,70,11,29,107,266,137,202,822,70,11,29,107,266,137,202,822,29,3,3,11,36,28,73,183,0,0,0,0,1,2,1,4,0,0,1,1,3,5,24,34,293,223,554,757,833,421,348,3429,1317,804,1993,5718,10035,6903,8396,35166,0.2551640340218712,4.467391304347826,0.11428571428571428,0.09750618477549976,0.24479166666666666,0.008332613105436294,1
2019,37,1,0,2,2,1,2,21,29,13,2,4,23,142,123,207,514,13,2,4,23,142,123,207,514,11,1,0,5,19,36,65,137,0,0,0,0,0,0,0,0,0,0,0,0,1,4,18,23,112,117,271,377,587,312,325,2101,572,586,1849,4210,9697,8432,8531,33877,0.05631067961165048,3.7246376811594204,0.0,0.06201664797213531,0.2551640340218712,-0.15842818071598416,0
2019,38,40,10,14,38,69,7,22,200,65,13,23,93,238,142,210,784,65,13,23,93,238,142,210,784,39,8,1,11,14,45,82,200,0,0,0,0,0,0,0,0,1,0,1,2,0,1,17,22,231,191,423,612,717,314,326,2814,787,979,1437,4252,8649,7055,7607,30766,0.25477707006369427,3.900497512437811,0.0,0.0914616309682452,0.05631067961165048,0.18788638066691646,1
2019,39,45,8,19,44,57,8,12,193,80,10,25,95,256,127,200,793,80,10,25,95,256,127,200,793,51,0,3,11,20,33,73,191,0,0,0,0,1,0,0,1,0,0,1,1,2,5,18,27,253,268,489,695,698,401,389,3193,930,849,1756,5133,9877,8176,8123,34844,0.24307304785894207,4.130208333333333,0.03571428571428571,0.09163438082938728,0.25477707006369427,-0.009327570995665457,0
2019,40,39,7,26,43,71,10,34,230,65,9,33,95,324,196,335,1057,65,9,33,95,324,196,335,1057,50,0,4,10,32,43,133,272,0,0,0,0,0,0,1,1,0,0,0,0,0,3,18,21,257,249,502,680,793,356,294,3131,877,812,2131,4505,8972,7165,6754,31216,0.21739130434782608,3.871794871794872,0.045454545454545456,0.1002979145978153,0.24307304785894207,-0.020659882824545183,0
2019,41,49,11,20,38,58,5,10,191,76,17,30,92,194,98,156,663,76,17,30,92,194,98,156,663,35,0,4,11,14,24,45,133,0,0,0,0,0,0,1,1,2,0,0,1,0,0,13,16,237,219,381,533,509,261,182,2322,1285,1274,1983,4741,9192,7790,6831,33096,0.2876506024096386,4.947761194029851,0.058823529411764705,0.07015741608000725,0.21739130434782608,0.05771299483648883,1
2019,42,38,15,16,41,60,11,22,203,64,18,26,103,270,175,269,925,64,18,26,103,270,175,269,925,23,1,3,11,19,31,90,178,1,0,0,0,0,0,2,3,4,0,0,1,1,6,25,37,256,231,471,571,786,385,404,3104,914,1227,1979,4394,8568,7519,7529,32130,0.21922246220302377,5.167597765363128,0.07894736842105263,0.09660452522486072,0.2876506024096386,-0.05314185391484472,0
2019,43,38,12,25,42,52,1,4,174,57,17,34,71,179,70,83,511,57,17,34,71,179,70,83,511,36,3,2,8,9,7,23,88,0,0,0,0,0,0,0,0,1,0,0,1,1,1,4,8,259,232,452,723,809,414,331,3220,866,746,1561,4218,9680,7646,7768,32485,0.33984375,5.741573033707865,0.0,0.09911962075971188,0.21922246220302377,0.09893296058458813,1
2019,44,34,13,24,47,57,7,14,196,64,16,30,80,204,142,232,768,64,16,30,80,204,142,232,768,32,1,2,7,18,31,94,185,0,0,0,0,0,0,1,1,2,1,0,0,1,4,13,21,227,203,426,680,613,280,242,2671,894,741,1472,4344,9227,7786,7797,32261,0.25487646293888166,4.129032258064516,0.045454545454545456,0.08279089951025975,0.33984375,-0.06341581774823993,0
2019,45,26,8,20,51,46,10,15,176,46,12,24,92,217,123,200,714,46,12,24,92,217,123,200,714,24,0,3,9,21,43,58,158,0,0,0,0,1,0,0,1,3,0,0,0,4,4,11,22,233,230,424,724,646,322,281,2860,1102,1148,1703,3315,6561,5288,6279,25396,0.24615384615384617,4.490566037735849,0.043478260869565216,0.11261172579438516,0.25487646293888166,-0.00695097648465523,0
2019,46,32,11,26,45,51,12,22,199,65,14,43,100,247,167,284,920,65,14,43,100,247,167,284,920,35,1,2,6,9,28,98,179,0,0,0,0,1,2,2,5,2,0,0,0,3,4,29,38,263,249,503,878,803,359,326,3381,1093,1031,2423,4783,10320,8004,8880,36534,0.21606948968512488,5.111111111111111,0.1282051282051282,0.09254139865882031,0.24615384615384617,-0.024141767536628195,0
2019,47,37,14,19,42,64,8,17,201,53,22,34,99,235,150,222,815,53,22,34,99,235,150,222,815,33,3,2,5,14,36,91,184,0,0,0,0,0,0,0,0,1,0,0,0,0,4,14,19,251,197,451,675,737,316,347,2974,1020,994,2713,4681,10606,8004,10027,38045,0.24632352941176472,4.405405405405405,0.0,0.07816853282868107,0.21606948968512488,0.024878545168067225,1
2019,48,26,13,23,55,54,4,6,181,49,17,31,84,192,56,74,503,49,17,31,84,192,56,74,503,43,2,3,3,10,6,26,93,0,0,0,1,0,0,0,1,0,0,0,1,0,4,3,8,340,175,518,670,824,434,352,3313,1277,1173,2005,4161,9525,7845,8499,34485,0.35912698412698413,5.351063829787234,0.1111111111111111,0.09606796961085658,0.24632352941176472,0.0905089666151613,1
2019,49,129,41,82,201,237,21,14,725,184,52,122,312,502,155,213,1540,184,52,122,312,502,155,213,1540,95,8,11,24,23,34,89,284,0,0,0,1,2,3,1,7,3,0,0,1,2,8,21,35,703,650,1263,1853,1008,414,399,6290,2323,1776,3627,6761,11403,8887,9461,44238,0.47047371836469826,5.4035087719298245,0.19444444444444445,0.14218223739234612,0.35912698412698413,0.08192518840263929,1
2019,50,33,12,29,44,56,6,26,206,58,14,41,81,240,125,217,776,58,14,41,81,240,125,217,776,33,0,1,10,15,26,78,163,0,0,0,0,0,2,0,2,1,0,0,2,1,2,15,21,208,178,290,404,574,239,240,2133,627,601,1618,3053,7800,6898,13042,33639,0.2651222651222651,4.7317073170731705,0.09090909090909091,0.06340665873959572,0.47047371836469826,-0.13964986295083384,0
2019,51,0,0,0,0,0,0,0,0,0,0,0,0,0,0,0,0,0,0,0,0,0,0,0,0,0,0,0,0,0,0,0,0,0,0,0,0,0,0,0,0,0,0,0,0,0,0,0,0,6,7,12,17,22,19,16,99,14,18,29,152,112,124,111,560,0.0,0.0,0.0,0.17647058823529413,0.2651222651222651,-0.20956256358087486,0
2019,52,33,8,12,29,31,6,31,150,51,9,19,67,231,134,262,773,51,9,19,67,231,134,262,773,22,0,0,12,20,32,95,181,0,0,0,0,1,0,1,2,0,1,0,0,3,3,28,35,213,140,216,291,424,206,290,1780,752,652,948,1972,4412,3296,4486,16518,0.1937984496124031,4.247252747252747,0.05555555555555555,0.10775470670137417,0.0,0.1937984496124031,1
2020,1,41,10,16,41,53,7,19,187,66,14,23,110,290,166,244,913,66,14,23,110,290,166,244,913,29,0,1,7,12,27,72,148,0,0,0,0,1,0,1,2,1,0,0,1,3,2,21,28,216,181,258,311,498,264,356,2084,1300,1233,1982,7732,11221,8222,9079,40769,0.20459518599562362,6.12751677852349,0.06896551724137931,0.051116016678930586,0.1937984496124031,0.009044019437892507,1
2020,2,50,13,24,49,67,9,32,244,104,19,47,117,420,167,244,1118,104,19,47,117,420,167,244,1118,42,2,3,7,12,30,95,191,0,0,0,0,0,2,0,2,1,0,0,1,0,9,22,33,319,254,394,578,752,480,596,3373,1257,1603,2353,5037,10189,8701,9760,38900,0.21805183199285075,5.822916666666667,0.058823529411764705,0.08670728258913653,0.20459518599562362,0.011171093952284824,1
2020,3,47,15,14,42,47,5,24,194,78,21,28,113,279,229,289,1037,78,21,28,113,279,229,289,1037,51,2,0,6,13,28,92,192,0,0,0,0,0,2,1,3,3,0,0,0,1,4,15,23,277,268,306,566,675,441,504,3037,1874,1884,2943,6076,11394,9323,10498,43992,0.18689788053949905,5.373056994818653,0.125,0.06903370990839451,0.21805183199285075,-0.025576868434556532,0
2020,4,35,9,19,42,56,64,10,235,59,12,31,81,234,127,223,767,59,12,31,81,234,127,223,767,46,1,1,7,19,35,82,191,0,0,0,0,0,0,1,1,0,0,0,0,2,6,15,23,232,234,261,457,553,325,391,2453,1686,1570,2491,5399,11024,9700,10968,42838,0.3059895833333333,3.9947916666666665,0.041666666666666664,0.05726090711734634,0.18689788053949905,0.10033862621753245,1
2020,5,32,12,15,59,57,7,26,208,61,22,29,120,285,173,310,1000,61,22,29,120,285,173,310,1000,35,1,2,9,17,20,84,168,0,0,0,0,0,1,4,5,0,0,1,1,1,4,24,31,220,184,267,461,538,326,355,2351,899,864,2308,5979,10737,9446,10135,40368,0.2077922077922078,5.9171597633136095,0.15625,0.0582377566944933,0.3059895833333333,-0.07519001437246699,0
2020,6,55,18,12,51,41,9,19,205,105,22,26,120,271,183,289,1016,105,22,26,120,271,183,289,1016,39,2,0,9,13,31,97,191,0,0,0,0,0,1,1,2,1,0,0,0,1,4,19,25,291,211,289,542,647,457,479,2916,1256,1748,1944,5710,11769,11364,11948,45739,0.2015732546705998,5.291666666666667,0.07692307692307693,0.06375163970266726,0.2077922077922078,-0.005149025702836731,0
2020,7,41,17,10,58,52,7,15,200,70,26,25,136,310,175,311,1053,70,26,25,136,310,175,311,1053,41,3,1,8,10,31,79,173,0,0,0,0,0,1,0,1,1,0,0,0,0,4,23,28,249,260,401,619,636,353,404,2922,1253,1297,3123,6492,12182,11349,11733,47429,0.18975332068311196,6.051724137931035,0.034482758620689655,0.061606578115117015,0.2015732546705998,-0.009837048171256252,0
2020,8,32,14,22,49,54,12,21,204,57,26,24,112,290,175,302,986,57,26,24,112,290,175,302,986,45,2,4,10,12,25,68,166,0,0,0,0,0,0,0,0,1,0,0,0,1,1,17,20,230,222,401,582,559,310,405,2709,1944,1931,2717,6244,11803,11077,12004,47720,0.2066869300911854,5.904191616766467,0.0,0.056767460866285285,0.18975332068311196,0.014232874255270669,1
2020,9,46,12,24,49,62,3,10,206,78,25,33,122,289,152,286,985,78,25,33,122,289,152,286,985,49,0,1,10,14,31,75,180,0,0,0,0,0,0,0,0,2,0,0,0,2,2,22,28,228,278,448,607,606,327,302,2796,1643,1662,2826,5363,9988,8728,8985,39195,0.20892494929006086,5.441988950276243,0.0,0.07133380957240534,0.2066869300911854,0.0018546808978086237,1
2020,10,40,12,14,42,45,10,11,174,58,19,23,100,250,141,232,823,58,19,23,100,250,141,232,823,42,1,2,5,15,25,91,181,0,0,0,0,1,1,0,2,0,0,0,0,2,4,16,22,220,245,464,629,723,386,368,3035,984,940,2615,5547,11638,10621,11035,43380,0.2111650485436893,4.521978021978022,0.08695652173913043,0.06996150388418892,0.20892494929006086,0.0018529680067765509,1
2020,11,32,12,25,56,50,9,22,206,58,18,35,103,268,178,291,951,58,18,35,103,268,178,291,951,38,4,2,7,23,42,103,219,0,0,0,0,0,1,0,1,2,0,0,0,2,4,25,33,240,274,650,796,946,558,451,3915,2299,2329,3427,6331,11354,9689,9949,45378,0.21638655462184875,4.322727272727272,0.029411764705882353,0.08627338636814386,0.2111650485436893,0.004311143294993364,1
2020,12,39,10,20,43,54,2,5,173,56,14,27,78,168,67,83,493,56,14,27,78,168,67,83,493,37,1,1,11,45,53,82,230,0,0,0,0,1,1,1,3,1,0,0,0,2,1,9,13,174,218,463,474,1184,635,341,3489,799,722,1980,3136,8296,6934,6113,27980,0.35020242914979755,2.134199134199134,0.21428571428571427,0.1246917551195454,0.21638655462184875,0.1100109780229769,1
2020,13,28,10,14,36,48,10,18,164,73,11,20,74,242,126,189,735,73,11,20,74,242,126,189,735,38,2,3,5,45,42,110,245,0,0,0,0,3,0,0,3,0,1,0,0,5,6,15,27,121,88,125,162,422,234,198,1350,505,438,625,959,3444,2669,3663,12303,0.22282608695652173,2.9878048780487805,0.10714285714285714,0.10972041612483745,0.35020242914979755,-0.09433870021510982,0
2020,14,34,5,12,36,48,6,12,153,57,6,18,70,185,71,138,545,57,6,18,70,185,71,138,545,30,1,3,9,7,8,34,92,0,0,0,0,0,0,0,0,2,0,0,1,1,3,3,10,95,75,78,160,308,239,170,1125,895,790,896,1408,3834,3938,5168,16929,0.2802197802197802,5.860215053763441,0.0,0.06645008860011814,0.22282608695652173,0.046935286935286945,1
2020,15,20,6,8,29,43,5,14,125,51,8,20,78,234,104,192,687,51,8,20,78,234,104,192,687,19,2,1,6,4,8,35,75,0,0,0,0,0,0,7,7,0,0,0,0,1,5,15,21,63,50,67,105,199,105,73,662,767,673,756,1239,2600,2391,3401,11827,0.1816860465116279,9.039473684210526,0.3181818181818182,0.05596888738586405,0.2802197802197802,-0.07696626409821342,0
2020,16,30,6,7,29,45,8,10,135,50,11,21,85,228,137,197,729,50,11,21,85,228,137,197,729,23,1,1,3,7,17,31,83,0,0,0,0,0,0,0,0,1,0,0,0,0,2,8,11,74,72,94,132,277,120,103,872,857,764,1010,2240,6867,5857,7465,25060,0.18493150684931506,8.678571428571429,0.0,0.0347950999561071,0.1816860465116279,0.0027464658208225918,1
2020,17,26,3,4,26,42,8,6,115,42,6,13,50,175,95,118,499,42,6,13,50,175,95,118,499,30,2,2,7,8,17,39,105,0,0,0,0,1,0,4,5,0,0,0,5,8,12,41,66,74,36,64,122,185,100,83,664,624,450,542,1111,2987,2969,4675,13358,0.23,4.7075471698113205,0.07462686567164178,0.04970431918556778,0.18493150684931506,0.03803468208092487,1
2020,18,19,1,15,40,55,7,11,148,39,2,20,73,217,95,132,578,39,2,20,73,217,95,132,578,34,1,5,4,10,16,35,105,0,0,0,0,0,1,2,3,2,0,0,2,1,6,26,37,79,28,61,127,197,96,76,664,656,526,608,1790,4946,4522,5952,19000,0.2556131260794473,5.452830188679245,0.07894736842105263,0.034945529182674594,0.23,0.020823679739388045,1
2020,19,32,3,8,44,48,7,11,153,48,4,15,68,207,110,140,592,48,4,15,68,207,110,140,592,37,2,1,3,8,18,49,118,0,0,0,0,0,4,1,5,0,0,0,0,0,6,13,19,66,38,45,110,162,93,51,565,421,306,437,1642,5735,5271,6742,20554,0.2580101180438449,4.974789915966387,0.25,0.02748722938457796,0.2556131260794473,0.0019090211105724857,1
2020,20,30,7,10,36,50,6,9,148,55,10,18,87,188,113,163,634,55,10,18,87,188,113,163,634,32,2,1,6,11,29,85,166,1,0,0,0,1,1,0,3,1,1,0,0,1,1,18,22,86,41,65,170,254,74,65,755,645,397,568,1948,5975,5379,7131,22043,0.23307086614173228,3.7964071856287425,0.13043478260869565,0.03424968245327527,0.2580101180438449,-0.01982436511789916,0
2020,21,32,6,12,33,50,13,6,152,46,8,21,65,175,94,113,522,46,8,21,65,175,94,113,522,34,1,0,8,5,19,57,124,0,0,0,0,0,0,0,0,1,0,0,0,1,2,12,16,85,35,63,149,152,83,52,619,439,265,384,1416,4757,4238,5872,17371,0.29063097514340347,4.176,0.0,0.035632051577250745,0.23307086614173228,0.04668029274081891,1
2020,22,24,7,8,44,57,4,18,162,51,9,14,90,250,142,279,835,51,9,14,90,250,142,279,835,41,2,1,8,13,30,75,170,2,0,0,0,0,1,1,4,3,0,0,0,2,2,26,33,71,41,55,140,193,65,50,615,455,262,463,1534,5649,4881,6774,20018,0.1937799043062201,4.883040935672515,0.11764705882352941,0.03072081522553574,0.29063097514340347,-0.07504164451532873,0
2020,23,21,7,11,53,57,11,12,172,51,11,19,116,221,113,175,706,51,11,19,116,221,113,175,706,31,4,2,8,11,33,64,153,0,0,0,0,0,0,0,0,0,0,0,1,2,2,16,21,67,42,59,160,197,84,51,660,585,385,616,2171,7376,7456,8572,27161,0.24328147100424327,4.584415584415584,0.0,0.02429865252926883,0.1937799043062201,0.04146624224403544,1
2020,24,28,8,12,40,49,6,1,144,48,13,15,72,184,82,124,538,48,13,15,72,184,82,124,538,35,3,0,5,10,31,52,136,0,0,0,0,0,0,0,0,2,0,0,0,1,2,11,16,87,36,54,173,212,70,43,675,425,262,406,1611,5292,4778,6035,18809,0.26716141001855287,3.927007299270073,0.0,0.03588516746411483,0.24328147100424327,0.019207186442681327,1
2020,25,28,4,11,33,52,9,11,148,58,6,16,67,230,114,165,656,58,6,16,67,230,114,165,656,44,1,1,4,19,31,82,182,0,0,0,0,0,0,0,0,0,0,0,0,0,0,4,4,66,41,54,153,226,87,67,694,444,320,426,1758,5827,5172,6321,20268,0.2252663622526636,3.5846994535519126,0.0,0.03423947900735113,0.26716141001855287,-0.03306212407879108,0
2020,26,30,9,4,37,58,4,13,155,56,10,11,65,234,112,161,649,56,10,11,65,234,112,161,649,40,2,1,6,13,24,63,149,0,0,0,0,0,2,4,6,2,0,0,1,0,5,17,25,64,42,45,146,300,74,71,742,422,321,464,1820,5657,4701,5700,19085,0.23846153846153847,4.326666666666667,0.23076923076923078,0.038876663523001155,0.2252663622526636,0.01076923076923079,1
2020,27,28,4,9,37,46,9,5,138,58,6,16,68,208,86,98,540,58,6,16,68,208,86,98,540,37,0,1,5,9,9,25,86,0,0,0,0,0,0,1,1,0,0,0,0,0,1,9,10,85,44,102,209,386,260,150,1236,657,467,763,3262,9783,7791,9117,31840,0.25508317929759705,6.206896551724138,0.09090909090909091,0.038817876322979804,0.23846153846153847,0.013421200675078354,1
2020,28,28,4,15,40,48,6,15,156,45,10,27,81,183,111,164,621,45,10,27,81,183,111,164,621,26,4,4,10,11,32,78,165,0,0,0,0,0,1,0,1,1,0,0,0,1,4,5,11,82,50,77,177,528,187,99,1200,488,376,593,2397,7292,6304,6002,23452,0.2508038585209003,3.7409638554216866,0.08333333333333333,0.051166162111456956,0.25508317929759705,-0.0034095913699454124,0
2020,29,31,8,10,40,68,15,21,193,73,14,15,88,243,130,186,749,73,14,15,88,243,130,186,749,24,1,3,10,16,24,57,135,0,0,0,0,0,1,0,1,1,0,0,2,0,1,11,15,98,61,88,215,678,283,181,1604,582,454,629,2268,6560,5657,6295,22445,0.25733333333333336,5.507352941176471,0.0625,0.07146039383409071,0.2508038585209003,0.005220222793487602,1
2020,30,29,7,12,38,65,27,33,211,55,10,17,76,268,182,250,858,55,10,17,76,268,182,250,858,34,0,0,9,13,43,78,177,0,0,0,0,0,0,7,7,0,0,0,0,0,6,33,39,99,63,75,190,832,501,335,2095,613,430,595,2075,8087,6687,7956,26443,0.24563445867287545,4.820224719101123,0.175,0.07922402057177431,0.25733333333333336,-0.0093045132506293,0
2020,31,33,4,6,46,64,18,23,194,53,5,10,79,247,160,219,773,53,5,10,79,247,160,219,773,37,0,0,8,9,35,72,161,0,0,0,0,1,0,7,8,0,0,0,0,3,4,26,33,80,49,52,203,679,418,300,1781,503,311,521,1767,5191,4854,5932,19079,0.25064599483204136,4.771604938271605,0.23529411764705882,0.09334381551362683,0.24563445867287545,0.004023279963293009,1
2020,32,28,6,8,40,50,27,27,186,44,11,11,62,200,118,162,608,44,11,11,62,200,118,162,608,32,0,1,4,11,26,47,121,0,0,0,0,2,3,29,34,1,0,0,0,6,12,45,64,84,54,66,168,839,492,280,1983,616,470,652,2268,8655,6799,7494,26954,0.3054187192118227,4.983606557377049,0.5230769230769231,0.07356705620478575,0.25064599483204136,0.04379554614664332,1
2020,33,27,6,10,31,53,8,7,142,42,10,12,53,142,41,31,331,42,10,12,53,142,41,31,331,30,0,1,3,2,6,9,51,0,0,0,0,0,1,1,2,1,0,0,0,1,1,10,13,65,23,33,140,341,246,243,1091,489,344,477,1311,3111,3278,4277,13287,0.42771084337349397,6.365384615384615,0.14285714285714285,0.08210415412402168,0.3054187192118227,0.09368038190497838,1
2020,34,23,5,4,33,65,20,53,203,49,8,11,66,291,160,257,842,49,8,11,66,291,160,257,842,35,2,1,3,12,40,57,150,0,0,0,0,0,9,43,52,1,1,0,0,1,19,73,95,55,54,45,187,699,412,300,1752,560,469,677,2651,7704,6519,7900,26480,0.24080664294187426,5.576158940397351,0.5416666666666666,0.06616064348023111,0.42771084337349397,-0.13091180283396148,0
2020,35,35,7,7,41,56,21,46,213,53,10,13,59,211,118,211,675,53,10,13,59,211,118,211,675,22,0,0,6,10,40,51,129,0,0,0,0,1,5,35,41,0,0,0,1,3,11,52,67,62,37,50,152,711,410,337,1759,649,584,806,2426,6856,6874,7730,25925,0.3150887573964497,5.1923076923076925,0.6029411764705882,0.06784694900871711,0.24080664294187426,0.0598659870795479,1
2020,36,28,7,11,39,69,15,24,193,48,9,17,70,287,137,238,806,48,9,17,70,287,137,238,806,32,1,1,6,16,31,60,147,0,0,0,0,2,9,29,40,0,0,0,0,4,9,53,66,66,33,48,172,523,321,299,1462,488,398,689,2591,7209,6481,7815,25671,0.23915737298636927,5.445945945945946,0.5970149253731343,0.05694920535992521,0.3150887573964497,-0.057738600518801315,0
2020,37,30,4,9,29,63,7,21,163,54,6,15,61,247,126,199,708,54,6,15,61,247,126,199,708,32,0,1,5,13,24,66,141,0,0,0,0,1,9,33,43,1,0,0,0,1,12,55,69,91,33,58,167,567,399,242,1557,542,366,698,2423,8315,7567,9000,28911,0.229901269393512,4.985915492957746,0.6142857142857143,0.05385307138904261,0.23915737298636927,-0.007469675599435824,0
2020,38,23,10,7,33,69,21,32,195,54,13,15,89,275,131,225,802,54,13,15,89,275,131,225,802,35,1,1,5,22,23,71,158,0,0,0,0,0,7,18,25,3,0,0,0,2,10,43,58,84,64,82,198,492,305,239,1464,595,465,766,2799,8254,7568,8379,28826,0.24283935242839352,5.044025157232705,0.423728813559322,0.05078572171922156,0.229901269393512,0.01051961109143464,1
2020,39,27,18,9,37,67,7,14,179,58,18,17,71,260,158,234,816,58,18,17,71,260,158,234,816,40,2,1,10,14,31,80,178,0,0,0,0,1,2,16,19,1,0,0,0,3,6,34,44,77,79,72,170,515,313,257,1483,744,625,851,2984,8679,8009,8744,30636,0.21909424724602203,4.558659217877095,0.4222222222222222,0.048405522733949144,0.24283935242839352,-0.019105530522489287,0
2020,40,32,14,13,39,61,8,16,183,64,19,19,82,256,130,194,764,64,19,19,82,256,130,194,764,36,0,1,7,14,26,68,152,0,0,0,0,1,1,22,24,1,0,0,0,1,4,41,47,72,66,84,147,424,194,196,1183,430,307,560,2089,5720,5199,7004,21309,0.23921568627450981,4.993464052287582,0.5,0.05551384326607227,0.21909424724602203,0.016505236632805745,1
2020,41,28,8,16,37,52,7,10,158,54,11,21,74,201,106,142,609,54,11,21,74,201,106,142,609,37,0,1,5,16,39,37,135,0,0,0,0,0,3,6,9,1,0,0,0,0,4,29,34,96,52,92,183,539,267,313,1542,720,555,933,2892,8032,6776,8019,27927,0.25901639344262295,4.477941176470588,0.2571428571428571,0.055213405900887996,0.23921568627450981,0.015978418759078638,1
2020,42,30,5,6,43,46,10,21,161,66,7,15,119,340,183,365,1095,66,7,15,119,340,183,365,1095,27,0,0,4,18,34,107,190,0,0,0,0,0,5,19,24,1,0,0,0,2,8,48,59,114,65,92,290,404,225,240,1430,562,473,1194,3474,7985,6913,8668,29269,0.1468978102189781,5.732984293193717,0.4,0.04885548343013324,0.25901639344262295,-0.08905252052919709,0
2020,43,2,0,2,1,2,0,4,11,23,1,6,20,108,70,99,327,23,1,6,20,108,70,99,327,12,1,0,0,2,4,5,24,0,0,0,0,0,0,3,3,0,0,0,0,0,3,13,16,32,14,45,77,411,253,205,1037,486,346,665,2120,5206,4615,4573,18011,0.03353658536585366,13.08,0.17647058823529413,0.057572729291583385,0.1468978102189781,-0.09884160894114907,0
2020,44,61,8,21,93,119,13,7,322,91,16,30,171,285,87,88,768,91,16,30,171,285,87,88,768,83,0,4,12,14,35,78,226,0,0,0,0,0,1,8,9,3,0,2,0,1,7,18,31,132,114,118,302,489,195,99,1449,651,478,993,3287,7431,6844,6889,26573,0.4187256176853056,3.383259911894273,0.28125,0.05452698125987808,0.03353658536585366,0.3726902731586437,1
2020,45,30,3,5,40,63,9,10,160,61,6,13,106,294,156,253,889,61,6,13,106,294,156,253,889,46,0,1,10,14,41,89,201,0,0,0,0,0,3,7,10,0,0,0,2,1,10,37,50,93,54,70,172,327,186,128,1030,538,404,804,2474,6737,6653,6947,24557,0.1797752808988764,4.400990099009901,0.19607843137254902,0.04194152618291392,0.4187256176853056,-0.16842603940308346,0
2020,46,32,8,15,35,60,12,17,179,48,11,23,81,238,193,282,876,48,11,23,81,238,193,282,876,42,1,4,4,15,48,122,236,0,0,0,0,1,2,9,12,0,0,0,0,3,10,32,45,78,64,86,172,418,188,156,1162,2636,2486,2930,4833,10522,9012,9439,41858,0.20410490307867732,3.6962025316455698,0.2608695652173913,0.02775986048400583,0.1797752808988764,0.020622251180974112,1
2020,47,29,3,6,33,82,15,23,191,66,11,16,75,313,194,236,911,66,11,16,75,313,194,236,911,40,2,1,8,21,44,77,193,0,0,0,0,1,3,11,15,1,0,0,1,1,8,29,40,79,66,90,198,420,187,253,1293,415,314,667,2131,5867,5116,5689,20199,0.20942982456140352,4.695876288659794,0.36585365853658536,0.06400990099009901,0.20410490307867732,0.004422306951089848,1
2020,48,26,7,10,44,50,9,17,163,58,11,22,82,268,164,227,832,58,11,22,82,268,164,227,832,37,2,3,5,17,32,73,169,0,0,0,0,0,1,8,9,0,0,0,0,0,4,24,28,91,83,102,192,430,227,202,1327,640,545,964,3375,9175,7786,8468,30953,0.19567827130852342,4.894117647058824,0.3103448275862069,0.04287006525812496,0.20942982456140352,-0.011370277938918092,0
2020,49,29,9,13,37,48,17,15,168,53,15,18,87,217,149,204,743,53,15,18,87,217,149,204,743,31,0,2,8,16,18,46,121,0,0,0,0,0,1,10,11,1,0,0,0,0,3,32,36,109,82,116,217,531,335,275,1665,3128,2976,3309,5662,11605,10202,10780,47662,0.22580645161290322,6.090163934426229,0.2972972972972973,0.034932757065228796,0.19567827130852342,0.02519756445135379,1
2020,50,29,7,11,46,33,5,5,136,50,15,19,92,175,66,68,485,50,15,19,92,175,66,68,485,34,2,0,11,10,10,25,92,0,0,0,0,0,0,2,2,1,0,0,1,1,1,7,11,123,69,105,189,431,224,257,1398,598,498,801,2712,7326,6300,7355,25590,0.27983539094650206,5.21505376344086,0.16666666666666666,0.05462858036028291,0.22580645161290322,0.04407623998267274,1
2020,51,27,6,13,33,41,10,16,146,46,10,25,80,209,166,199,735,46,10,25,80,209,166,199,735,30,3,1,7,6,26,71,144,0,0,0,0,0,2,13,15,1,0,0,0,0,7,32,40,113,119,218,446,1038,668,723,3325,817,648,1108,3204,8808,7719,8721,31025,0.1983695652173913,5.068965517241379,0.36585365853658536,0.10716818152517243,0.27983539094650206,-0.0636533622256396,0
2020,52,31,7,15,29,41,17,19,159,53,13,27,95,291,195,261,935,53,13,27,95,291,195,261,935,28,1,2,9,15,30,76,161,0,0,0,0,2,9,29,40,1,0,0,1,2,13,42,59,101,82,113,165,433,260,292,1446,848,549,753,2439,7072,6105,6524,24290,0.16987179487179488,5.771604938271605,0.6666666666666666,0.059528220328516734,0.1983695652173913,-0.02378045235188091,0
2020,53,24,5,13,32,51,17,41,183,42,8,19,82,185,125,185,646,42,8,19,82,185,125,185,646,17,1,1,11,10,27,56,123,0,0,0,0,2,7,34,43,1,0,0,0,4,13,43,61,75,77,84,165,321,200,205,1127,4001,1540,1710,2406,4457,3857,4730,22701,0.2828438948995363,5.209677419354839,0.6935483870967742,0.04964320324200511,0.16987179487179488,0.09656793207850775,1
2021,1,35,7,16,51,61,18,14,202,57,9,22,90,255,147,200,780,57,9,22,90,255,147,200,780,23,1,1,9,14,20,74,142,0,0,0,0,1,6,28,35,3,0,1,0,4,9,40,57,151,127,159,256,607,324,277,1901,2160,2083,2491,4535,9944,8572,9160,38945,0.2586427656850192,5.454545454545454,0.603448275862069,0.04881117444666975,0.2828438948995363,-0.01886521759252117,0
2021,2,31,9,17,38,60,19,29,203,55,17,26,79,277,208,286,948,55,17,26,79,277,208,286,948,36,4,1,4,13,26,72,156,0,0,0,0,0,5,18,23,1,0,1,0,2,11,43,58,127,90,136,222,510,399,452,1936,983,919,1312,3974,12023,9763,10737,39711,0.21390937829293993,6.038216560509555,0.3898305084745763,0.048751007252215955,0.2586427656850192,-0.03554097207854925,0
2021,3,28,10,6,41,61,11,16,173,56,14,17,87,259,146,258,837,56,14,17,87,259,146,258,837,39,0,3,5,16,28,65,156,0,0,0,0,0,4,18,22,2,0,1,1,0,9,45,58,104,82,94,179,509,479,280,1727,513,372,717,2332,5840,5374,6123,21271,0.2064439140811456,5.3312101910828025,0.3728813559322034,0.08118653629183904,0.21390937829293993,-0.006149935361972939,0
2021,4,28,7,8,38,59,11,11,162,66,14,16,84,240,117,203,740,66,14,16,84,240,117,203,740,33,1,0,7,16,28,56,141,0,0,0,0,0,4,21,25,1,0,0,0,1,7,42,51,127,104,161,483,1314,1281,994,4464,783,697,1201,3820,10221,9309,9522,35553,0.21862348178137653,5.211267605633803,0.4807692307692308,0.12555549305282107,0.2064439140811456,0.010095428024523758,1
2021,5,33,6,13,44,84,9,13,202,51,11,24,86,264,137,206,779,51,11,24,86,264,137,206,779,55,1,1,6,14,35,67,179,0,0,0,0,1,2,14,17,3,0,0,1,1,9,33,47,95,66,84,211,342,181,174,1153,434,356,742,2455,5768,4962,6057,20774,0.258974358974359,4.3277777777777775,0.3541666666666667,0.05549939831528279,0.21862348178137653,0.03311184939091917,1
2021,6,38,5,9,32,79,8,15,186,62,8,16,65,273,162,197,783,62,8,16,65,273,162,197,783,34,1,2,7,20,41,89,194,0,0,0,0,0,3,11,14,1,0,0,0,0,4,25,30,133,110,173,265,1241,1034,817,3773,618,409,791,2164,6061,5824,6360,22227,0.2372448979591837,4.015384615384615,0.45161290322580644,0.16974086737448263,0.258974358974359,-0.01725965335217591,0
2021,7,74,22,22,80,140,13,5,356,108,28,41,125,345,159,192,998,108,28,41,125,345,159,192,998,64,2,8,14,15,40,93,236,0,0,0,0,1,6,12,19,6,0,0,0,2,8,26,42,160,130,135,296,330,147,121,1319,603,361,608,1938,4858,4400,5414,18182,0.3563563563563564,4.210970464135021,0.4418604651162791,0.0725402848814827,0.2372448979591837,0.09627152926121998,1
2021,8,38,7,20,40,63,6,13,187,61,13,34,89,222,165,243,827,61,13,34,89,222,165,243,827,37,0,3,11,11,28,82,172,0,0,0,0,1,2,5,8,2,1,0,1,3,10,20,37,138,127,182,268,804,796,750,3065,630,574,1057,2229,5960,7225,7935,25610,0.22584541062801933,4.780346820809249,0.21052631578947367,0.11967513958845809,0.3563563563563564,-0.0962217230867961,0
2021,9,39,8,19,43,60,11,13,193,76,15,35,104,276,164,258,928,76,15,35,104,276,164,258,928,34,0,1,8,12,30,64,149,0,0,0,0,0,0,9,9,0,0,0,1,1,1,25,28,116,100,141,220,339,154,156,1226,690,600,1095,3061,8703,7652,8423,30224,0.2077502691065662,6.1866666666666665,0.3103448275862069,0.04056244830438379,0.22584541062801933,-0.014761356827352908,0
2021,10,37,8,10,46,69,7,16,193,66,17,23,114,291,167,276,954,66,17,23,114,291,167,276,954,48,0,1,9,9,29,74,170,0,0,0,0,0,2,7,9,1,0,0,0,1,5,19,26,95,122,212,397,971,852,1234,3883,704,623,1210,3623,9842,8746,10315,35063,0.20209424083769634,5.578947368421052,0.3333333333333333,0.11074036048368698,0.2077502691065662,-0.004683110750249636,0
2021,11,23,11,11,37,66,7,9,164,46,27,18,82,260,148,231,812,46,27,18,82,260,148,231,812,38,0,1,7,9,26,65,146,0,0,0,0,0,1,5,6,0,0,0,1,1,3,19,24,95,81,101,203,309,151,124,1064,601,622,2947,4482,7233,4732,4658,25275,0.2017220172201722,5.523809523809524,0.24,0.04209526823864536,0.20209424083769634,-0.0003096459536024052,0
2021,12,23,7,13,31,66,5,4,149,51,13,34,81,274,176,256,885,51,13,34,81,274,176,256,885,34,0,0,8,10,23,42,117,0,0,0,0,0,1,6,7,0,0,0,0,1,4,29,34,86,74,119,147,236,134,147,943,456,408,817,2038,4944,4388,5279,18330,0.16817155756207675,7.5,0.2,0.05144291091593475,0.2017220172201722,-0.027918652714464275,0
2021,13,45,16,19,35,79,7,13,214,85,24,38,83,332,179,273,1014,85,24,38,83,332,179,273,1014,46,0,1,5,10,22,69,153,0,0,0,0,0,2,4,6,0,0,0,0,1,5,23,29,133,127,140,197,367,153,200,1317,577,447,1349,2379,6661,5603,6541,23557,0.21083743842364533,6.584415584415584,0.2,0.05590457594023262,0.16817155756207675,0.03652364294043455,1
2021,14,42,2,19,42,81,17,15,218,69,14,31,93,267,154,252,880,69,14,31,93,267,154,252,880,53,0,5,7,18,27,92,202,1,0,0,0,2,2,4,9,3,0,0,1,3,7,25,39,140,110,186,248,441,249,406,1780,880,718,1445,3659,10260,8825,10860,36647,0.2474460839954597,4.334975369458128,0.225,0.048570181183147786,0.21083743842364533,0.030234153991368255,1
2021,15,22,9,18,39,67,8,13,176,36,15,21,69,164,91,151,547,36,15,21,69,164,91,151,547,22,2,3,7,15,30,58,137,0,0,0,1,0,2,4,7,1,0,0,2,1,4,20,28,107,71,140,258,375,234,263,1448,805,702,1660,3889,9472,8551,8510,33589,0.32116788321167883,3.963768115942029,0.2413793103448276,0.04310806787734445,0.2474460839954597,0.059098184813001865,1
2021,16,0,0,1,1,9,13,25,49,7,2,3,15,128,161,234,550,7,2,3,15,128,161,234,550,5,1,3,2,18,44,72,145,0,0,0,0,0,2,12,14,0,0,0,0,2,6,31,39,37,36,74,86,261,206,270,970,620,555,1051,4130,10088,9209,8706,34359,0.08892921960072596,3.767123287671233,0.35,0.028230500582072177,0.32116788321167883,-0.17578285588232342,0
2021,17,30,8,14,30,73,16,24,195,48,10,27,77,234,150,233,779,48,10,27,77,234,150,233,779,49,0,1,7,14,44,60,175,0,0,0,0,0,0,13,13,1,0,1,0,0,1,35,38,101,82,115,187,374,230,251,1340,549,425,834,2538,6068,5545,6150,22109,0.25,4.426136363636363,0.3333333333333333,0.06060606060606061,0.08892921960072596,0.14791666666666667,1
2021,18,24,10,9,40,74,31,36,224,35,14,13,69,175,142,217,665,35,14,13,69,175,142,217,665,32,0,0,3,14,44,78,171,0,0,0,0,1,9,22,32,0,0,0,1,1,11,38,51,95,72,138,177,317,190,166,1155,593,482,897,3023,8902,8215,9119,31231,0.33633633633633636,3.866279069767442,0.6153846153846154,0.0369813012295082,0.25,0.0690690690690691,1
2021,19,38,3,11,36,88,19,23,218,49,9,14,69,235,125,184,685,49,9,14,69,235,125,184,685,37,1,1,5,20,38,71,173,0,0,0,0,2,12,23,37,2,0,1,1,5,18,41,68,105,92,138,255,721,624,558,2493,886,801,1236,3476,10024,8598,8252,33273,0.3177842565597668,3.9367816091954024,0.5362318840579711,0.0749233635871852,0.33633633633633636,-0.01388279228224196,0
2021,20,0,0,0,2,10,44,41,97,15,2,4,14,137,175,244,591,15,2,4,14,137,175,244,591,12,0,0,2,16,41,72,143,0,0,0,0,2,11,38,51,0,0,0,0,4,13,56,73,27,33,66,104,401,493,610,1734,778,729,1021,2799,7854,7544,7896,28621,0.16385135135135134,4.104166666666667,0.6891891891891891,0.060582768499755434,0.3177842565597668,-0.11681191700550109,0
2021,21,38,10,13,39,88,36,57,281,53,14,21,80,267,179,231,845,53,14,21,80,267,179,231,845,39,2,0,6,18,46,50,161,0,0,0,0,1,18,41,60,1,0,0,1,2,24,50,78,124,93,135,236,865,669,448,2570,563,476,783,2704,7148,6692,6591,24957,0.3321513002364066,5.216049382716049,0.759493670886076,0.10297299463098004,0.16385135135135134,0.14460605187221004,1
2021,22,27,6,10,40,79,26,17,205,47,8,23,75,199,129,129,610,47,8,23,75,199,129,129,610,38,0,2,3,22,35,36,136,0,0,0,0,2,20,32,54,0,0,0,0,5,23,44,72,113,79,127,246,461,512,423,1961,759,708,1142,3280,8369,7354,7541,29153,0.3355155482815057,4.452554744525547,0.7397260273972602,0.06726349729025177,0.3321513002364066,0.0025254248856733303,1
2021,23,27,11,10,45,85,61,40,279,46,15,19,83,283,209,236,891,46,15,19,83,283,209,236,891,32,0,1,2,18,62,54,169,0,0,0,0,1,38,42,81,2,0,0,0,2,41,59,104,123,151,229,286,1081,961,590,3421,1042,1053,1504,4279,12372,10813,10864,41927,0.312780269058296,5.241176470588235,0.7714285714285715,0.08159225338675825,0.3355155482815057,-0.017023597555614143,0
2021,24,29,7,8,32,105,79,27,287,51,11,20,72,269,219,202,844,51,11,20,72,269,219,202,844,25,1,1,5,22,45,62,161,0,0,0,1,1,27,30,59,0,0,0,1,5,39,62,107,127,79,126,210,867,820,689,2918,667,433,769,19221,7075,6503,7609,42277,0.33964497041420116,5.209876543209877,0.5462962962962963,0.06901934812431998,0.312780269058296,0.02046397404736757,1
2021,25,24,6,16,35,100,54,30,265,39,7,18,68,262,173,197,764,39,7,18,68,262,173,197,764,49,1,1,2,19,40,43,155,0,0,0,0,9,31,34,74,3,0,0,0,12,42,55,112,113,101,161,281,548,560,572,2336,1304,861,1317,4288,12317,10775,11823,42685,0.3464052287581699,4.897435897435898,0.6548672566371682,0.054725202642552595,0.33964497041420116,0.005046305919305303,1
2021,26,31,7,14,29,95,45,30,251,41,10,23,57,218,141,141,631,41,10,23,57,218,141,141,631,27,1,2,4,19,29,38,120,0,0,0,0,5,23,38,66,1,1,0,0,10,28,54,94,111,89,126,209,431,376,438,1780,662,596,874,2861,6212,6172,6492,23869,0.3971518987341772,5.214876033057851,0.6947368421052632,0.07457059069962296,0.3464052287581699,0.03769048789480153,1
2021,27,44,11,22,34,104,53,29,297,61,14,29,65,246,91,89,595,61,14,29,65,246,91,89,595,36,1,1,2,15,29,20,104,0,0,0,0,2,14,13,29,1,0,0,0,4,16,21,42,119,85,147,254,746,533,447,2331,655,545,1083,4571,12678,11472,10675,41679,0.4983221476510067,5.666666666666667,0.6744186046511628,0.055926103646833016,0.3971518987341772,0.07241177498916898,1
2021,28,34,6,18,43,84,65,130,380,62,30,44,116,451,288,465,1456,62,30,44,116,451,288,465,1456,41,1,2,4,29,45,49,171,0,0,0,0,7,13,31,51,0,0,0,0,10,17,57,84,94,102,155,269,485,286,269,1660,593,468,1071,3917,7872,7403,7990,29314,0.2608098833218943,8.465116279069768,0.6,0.05662630052873956,0.4983221476510067,-0.15851882367318137,0
2021,29,33,10,20,33,84,22,39,241,56,10,137,68,405,224,427,1327,56,10,137,68,405,224,427,1327,34,0,2,6,22,35,60,159,0,0,0,0,3,15,26,44,1,0,0,1,7,20,43,72,131,96,172,277,597,362,417,2052,860,701,1400,4472,10189,8827,9559,36008,0.18147590361445784,8.29375,0.6027397260273972,0.0569857535616096,0.2608098833218943,-0.06292303126496186,0
2021,30,31,12,13,38,80,19,21,214,50,18,20,75,269,128,177,737,50,18,20,75,269,128,177,737,39,3,1,5,29,27,51,155,0,0,0,0,6,6,22,34,0,0,0,1,6,11,34,52,130,110,185,264,350,216,279,1534,819,642,1163,4411,11102,9897,10123,38157,0.2899728997289973,4.7243589743589745,0.6415094339622641,0.04020126841029404,0.18147590361445784,0.09183174687068733,1
2021,31,37,10,18,33,60,14,15,187,57,12,26,69,268,121,227,780,57,12,26,69,268,121,227,780,39,0,0,9,22,24,51,145,0,0,0,0,2,4,4,10,0,0,0,0,2,4,16,22,130,111,210,276,399,191,199,1516,718,610,1110,4179,9634,8404,9327,33982,0.23943661971830985,5.342465753424658,0.43478260869565216,0.04461054056439985,0.2899728997289973,-0.039176233873831255,0
2021,32,35,11,14,34,86,5,10,195,54,12,19,68,239,102,142,636,54,12,19,68,239,102,142,636,26,0,2,9,15,13,45,110,0,0,0,0,4,0,4,8,1,0,0,1,5,2,11,20,129,111,219,263,282,119,129,1252,621,458,1038,3242,7870,7684,8183,29096,0.30612244897959184,5.72972972972973,0.38095238095238093,0.04302849090971578,0.23943661971830985,0.053803339517625254,1
2021,33,40,12,23,34,77,8,7,201,69,22,40,94,331,208,326,1090,69,22,40,94,331,208,326,1090,32,0,2,4,16,28,68,150,0,0,0,0,0,1,9,10,0,0,0,1,1,4,24,30,184,119,245,302,446,157,190,1643,784,558,1206,3601,8907,7754,9203,32013,0.1842346471127406,7.218543046357616,0.3225806451612903,0.05132129693259199,0.30612244897959184,-0.09332034830430798,0
2021,34,44,13,27,54,74,7,21,240,70,19,50,116,292,179,331,1057,70,19,50,116,292,179,331,1057,40,0,0,12,53,81,163,349,0,0,0,0,0,1,7,8,0,0,1,0,1,5,24,31,198,151,277,349,465,266,250,1956,838,662,1404,4214,10334,9286,11213,37951,0.22684310018903592,3.02,0.25,0.051538785834738615,0.1842346471127406,0.03597973862711935,1
2021,35,49,10,21,37,84,12,13,226,97,20,43,99,307,227,353,1146,97,20,43,99,307,227,353,1146,45,0,0,9,16,35,76,181,0,0,0,0,1,0,5,6,1,0,0,2,4,6,23,36,216,138,243,323,391,163,167,1641,669,487,1000,3081,6838,6548,7252,25875,0.1970357454228422,6.2967032967032965,0.16216216216216217,0.06341783892409955,0.22684310018903592,-0.02429597946273726,0
2021,36,45,11,23,44,84,5,3,215,65,14,33,79,304,132,222,849,65,14,33,79,304,132,222,849,42,0,3,7,13,27,78,170,0,0,0,0,0,0,5,5,0,0,0,0,2,2,30,34,196,124,238,288,303,153,224,1526,649,524,993,2692,6040,5640,7596,24134,0.2529411764705882,4.964912280701754,0.14285714285714285,0.06322767764657138,0.1970357454228422,0.046703226082858484,1
2021,37,43,7,23,34,92,6,9,214,76,9,26,77,301,130,225,844,76,9,26,77,301,130,225,844,40,1,3,10,14,24,71,163,0,0,0,0,0,1,1,2,2,0,0,2,0,3,26,33,211,221,371,406,586,267,273,2335,1411,850,1537,4313,10627,9205,10626,38569,0.2532544378698225,5.146341463414634,0.058823529411764705,0.06053927923256417,0.2529411764705882,0.0002500208350696019,1
2021,38,44,10,12,45,64,5,6,186,64,14,25,90,245,135,200,773,64,14,25,90,245,135,200,773,46,0,4,7,13,36,92,198,0,0,0,0,0,0,3,3,2,0,0,0,3,3,19,27,223,169,343,351,478,214,275,2053,986,795,1462,4113,10294,9296,11199,38145,0.24031007751937986,3.8844221105527637,0.10714285714285714,0.05381953546898757,0.2532544378698225,-0.010328597257907485,0
2021,39,43,8,13,29,56,4,13,166,59,10,19,77,278,126,226,795,59,10,19,77,278,126,226,795,37,1,6,9,5,35,72,165,0,0,0,0,1,2,1,4,1,0,0,0,2,4,15,22,191,162,290,341,455,227,254,1920,785,632,1198,3526,8705,8527,10273,33646,0.20854271356783918,4.789156626506024,0.17391304347826086,0.057063036823490954,0.24031007751937986,-0.02561243718592967,0
2021,40,40,7,14,39,64,2,13,179,61,11,19,81,241,149,215,777,61,11,19,81,241,149,215,777,37,0,0,11,10,17,59,134,0,0,0,0,0,1,0,1,1,0,0,0,1,3,15,20,219,166,284,308,255,140,219,1591,921,774,1343,3898,9303,8259,10415,34913,0.2300771208226221,5.7555555555555555,0.047619047619047616,0.04556911267686315,0.20854271356783918,0.017818490826202914,1
2021,41,39,6,19,35,58,6,6,169,53,7,25,68,196,105,131,585,53,7,25,68,196,105,131,585,35,2,2,10,6,20,45,120,0,0,0,0,0,2,2,4,0,0,0,1,0,5,16,22,157,121,235,272,379,200,207,1571,675,514,977,3114,5968,5738,8375,25361,0.2883959044368601,4.8347107438016526,0.17391304347826086,0.061943064427095657,0.2300771208226221,0.0474106725724944,1
2021,42,63,14,26,54,94,4,11,266,87,19,32,108,341,164,229,980,87,19,32,108,341,164,229,980,58,4,1,13,10,32,73,191,0,0,0,0,0,2,2,4,1,0,0,0,0,5,12,18,257,224,407,415,376,227,245,2151,924,857,1666,4154,7726,7060,8489,30876,0.2711518858307849,5.104166666666667,0.21052631578947367,0.06966350357871555,0.2883959044368601,-0.013384099209483503,0
2021,43,94,27,39,127,147,13,7,454,106,36,54,222,342,124,136,1020,106,36,54,222,342,124,136,1020,77,9,0,24,15,15,108,248,0,0,0,0,0,3,4,7,3,0,0,6,0,3,18,30,378,338,525,600,477,211,206,2735,1091,978,1585,3882,8009,7158,8940,31643,0.4446620959843291,4.096385542168675,0.22580645161290322,0.08643028694223233,0.2711518858307849,0.13649840911036634,1
2021,44,39,16,30,38,69,11,13,216,59,21,39,89,290,157,261,916,59,21,39,89,290,157,261,916,56,0,1,2,8,35,97,199,0,0,0,0,0,3,4,7,2,0,0,1,1,4,19,27,261,268,476,433,525,215,225,2403,927,795,1561,3935,8943,8086,10312,34559,0.23555070883315157,4.58,0.25,0.06953125,0.4446620959843291,-0.1447476110382049,0
2021,45,36,7,24,30,55,4,14,170,48,14,33,58,179,95,168,595,48,14,33,58,179,95,168,595,34,0,0,4,14,30,81,163,0,0,0,0,0,0,4,4,0,0,0,0,2,5,14,21,180,174,332,345,564,272,305,2172,1072,1348,1669,4456,10286,9478,11152,39461,0.28523489932885904,3.6280487804878048,0.18181818181818182,0.05504029192641022,0.23555070883315157,0.040212182422386354,1
2021,46,56,20,28,51,81,8,12,256,74,28,37,101,273,138,240,891,74,28,37,101,273,138,240,891,48,2,2,13,18,45,96,224,0,0,0,0,0,0,6,6,1,0,0,1,0,2,19,23,266,216,377,407,451,182,224,2123,878,657,1496,3658,9255,8291,10201,34436,0.28699551569506726,3.96,0.25,0.06164880796817376,0.28523489932885904,0.0013698790525588785,1
2021,47,51,21,21,42,60,11,17,223,61,27,29,85,261,148,226,837,61,27,29,85,261,148,226,837,36,3,5,6,12,58,97,217,0,0,0,0,0,0,15,15,2,0,0,0,0,5,39,46,212,170,357,408,472,373,468,2460,942,784,1355,3858,7521,7745,10997,33202,0.26610978520286394,3.8394495412844036,0.3191489361702128,0.07408969069060024,0.28699551569506726,-0.016228285365022098,0
2021,48,9,0,2,4,9,4,9,37,16,3,6,26,93,131,204,479,16,3,6,26,93,131,204,479,14,0,0,4,18,41,108,185,0,0,0,0,0,0,9,9,0,0,0,0,2,2,23,27,109,140,180,177,369,265,286,1526,853,821,1313,3541,8303,7841,9323,31995,0.07708333333333334,2.575268817204301,0.32142857142857145,0.04769346168271034,0.26610978520286394,-0.1492970468111844,0
2021,49,34,11,19,40,68,12,14,198,56,14,29,75,232,143,202,751,56,14,29,75,232,143,202,751,40,0,2,10,12,35,92,191,1,0,0,0,0,1,12,14,1,0,0,0,0,3,22,26,208,186,324,346,560,208,180,2012,782,595,1252,3433,8887,8084,10724,33757,0.2632978723404255,3.9114583333333335,0.5185185185185185,0.059600687244505006,0.07708333333333334,0.17288777315938925,1
2021,50,1,1,2,1,2,2,4,13,6,3,6,16,100,74,84,289,6,3,6,16,100,74,84,289,10,0,0,0,7,8,17,42,0,0,0,0,0,1,6,7,0,0,0,0,0,3,8,11,101,126,189,215,407,190,190,1418,718,543,1098,3432,8714,7912,9675,32092,0.04482758620689655,6.72093023255814,0.5833333333333334,0.04418408998847101,0.2632978723404255,-0.1729364791288566,0
2021,51,31,12,13,50,68,5,19,198,48,13,17,86,221,116,171,672,48,13,17,86,221,116,171,672,17,2,2,11,13,16,57,118,0,0,0,0,0,0,5,5,0,0,0,0,1,3,17,21,207,163,309,414,603,307,378,2381,1023,813,1432,3778,8447,8080,9112,32685,0.29420505200594355,5.647058823529412,0.22727272727272727,0.07284464296640764,0.04482758620689655,0.23867810257994596,1
2021,52,30,17,16,48,64,9,22,206,51,18,25,78,226,94,174,666,51,18,25,78,226,94,174,666,22,1,0,8,9,18,48,106,0,0,0,0,0,0,4,4,0,0,0,0,2,2,8,12,153,157,325,489,660,290,388,2462,917,757,1249,3506,6933,5847,7198,26407,0.30884557721139433,6.224299065420561,0.3076923076923077,0.09322932444713723,0.29420505200594355,0.011312369073786884,1
2022,1,26,12,10,31,40,5,7,131,52,17,23,71,178,94,134,569,11,1,1,1,4,2,13,33,17,2,1,2,13,14,59,108,1,0,0,0,1,1,6,9,106,99,184,250,70,4,21,734,189,198,320,508,889,466,527,3097,970,775,1384,3667,8797,7830,8909,32332,0.22982456140350876,0.30275229357798167,0.012244897959183673,0.0957844926236353,0.30884557721139433,-0.060374590542794586,0
2022,2,35,18,19,47,67,12,38,236,59,21,27,89,272,156,319,943,19,1,1,4,6,3,29,63,28,1,1,7,18,37,121,213,0,0,0,0,0,2,19,21,0,0,0,2,0,5,41,48,278,211,401,719,1558,928,927,5022,1458,1069,2044,5102,11706,10332,12465,44176,0.25,0.29439252336448596,0.42857142857142855,0.11367906376621319,0.22982456140350876,0.01640513552068474,1
2022,3,30,10,19,40,63,14,28,204,45,12,28,88,242,98,195,708,18,0,3,2,1,3,8,35,32,0,3,4,10,24,57,130,0,0,0,0,0,0,13,13,0,0,0,0,2,1,38,41,205,186,301,418,753,498,719,3080,964,738,1699,4791,11979,10725,12065,42961,0.28772919605077574,0.26717557251908397,0.30952380952380953,0.0716912620455286,0.25,0.03018335684062059,1
2022,4,39,14,19,39,73,8,33,225,54,16,24,75,205,83,175,632,17,2,1,5,4,5,17,51,35,2,1,8,10,21,66,143,0,0,0,0,0,2,27,29,1,0,0,0,0,5,44,50,180,133,129,360,776,466,692,2736,1123,731,2028,4815,11677,11506,13997,45877,0.35545023696682465,0.3541666666666667,0.5686274509803921,0.059636427045642794,0.28772919605077574,0.05258950493918804,1
2022,5,25,9,18,44,68,9,50,223,190,13,34,81,224,113,229,884,15,3,3,4,2,5,18,50,29,5,3,7,11,22,59,136,0,0,0,0,0,2,24,26,1,0,0,1,3,6,47,58,126,110,215,328,441,270,642,2132,1177,984,2260,5282,12091,12315,15402,49511,0.2519774011299435,0.36496350364963503,0.4406779661016949,0.043060268217805786,0.35545023696682465,-0.07633835091462211,0
2022,6,1,1,0,2,3,7,32,46,12,4,2,29,128,118,195,488,0,0,0,0,1,1,17,19,8,0,0,1,7,23,65,104,0,0,0,0,1,1,27,29,0,0,0,0,1,2,36,39,41,61,123,111,279,215,377,1207,907,720,2088,3967,9769,10037,12742,40230,0.09406952965235174,0.18095238095238095,0.725,0.03000173995177848,0.2519774011299435,-0.126126774600784,0
2022,7,39,15,29,39,62,6,19,209,49,19,36,80,222,126,188,720,17,1,1,2,4,6,7,38,28,1,1,7,10,23,58,128,0,0,0,0,0,2,16,18,1,0,0,1,0,3,27,32,148,102,335,323,314,134,317,1673,933,706,1776,4406,9216,9567,12260,38864,0.289875173370319,0.29457364341085274,0.5454545454545454,0.043046442814871994,0.09406952965235174,0.17897001827679623,1
2022,8,33,11,14,47,61,9,15,190,60,25,25,122,264,146,249,891,20,0,1,5,1,0,8,35,43,1,1,6,15,21,65,152,0,0,0,0,0,2,6,8,0,0,0,0,2,5,25,32,166,142,481,447,303,141,336,2016,1001,845,1940,5486,11301,11536,13329,45438,0.21300448430493274,0.22875816993464052,0.24242424242424243,0.04436717357336209,0.289875173370319,-0.0595954481894016,0
2022,9,33,4,27,41,74,3,15,197,59,10,40,109,286,137,246,887,17,0,1,5,1,2,7,33,34,0,2,12,7,24,61,140,0,0,0,0,0,0,13,13,2,0,0,1,0,3,21,27,79,69,584,481,344,118,285,1960,8012,851,2252,6597,12912,13028,15542,59194,0.22184684684684686,0.23404255319148937,0.4642857142857143,0.03311090463721598,0.21300448430493274,0.007289637141762839,1
2022,10,36,11,22,35,59,7,5,175,57,14,38,79,241,126,183,738,14,4,1,3,1,1,6,30,30,4,1,3,10,25,69,142,0,0,0,0,1,0,6,7,2,0,1,0,2,4,28,37,181,161,579,480,357,170,308,2236,1025,1176,2020,5388,11529,11235,13176,45549,0.2368064952638701,0.2097902097902098,0.18421052631578946,0.04908891328210757,0.22184684684684686,0.01224347262148999,1
2022,11,23,9,21,36,49,3,8,149,40,11,31,70,176,91,163,582,15,2,2,5,0,1,2,27,31,2,2,9,7,18,52,121,0,0,0,0,0,0,4,4,0,0,0,1,0,4,16,21,208,205,567,409,304,124,227,2044,922,901,2503,4962,10467,10823,11690,42268,0.2555746140651801,0.22131147540983606,0.18181818181818182,0.048356951903286094,0.2368064952638701,0.015174660606310836,1
2022,12,40,8,26,32,55,5,12,178,45,10,29,64,185,115,177,625,21,0,0,7,2,0,3,33,27,0,0,9,9,21,74,140,0,0,0,0,0,1,3,4,1,0,0,0,1,3,26,31,190,182,540,518,288,153,207,2078,925,728,2140,4538,9417,8509,10953,37210,0.28434504792332266,0.23404255319148937,0.125,0.055843702131090266,0.2555746140651801,0.022914157020897677,1
2022,13,79,13,48,71,94,9,10,324,104,26,63,141,335,156,283,1108,42,1,0,8,2,1,7,61,60,1,0,11,9,23,33,137,0,0,0,0,1,3,5,9,1,0,0,0,1,5,17,24,280,214,771,622,365,145,113,2510,888,699,1978,4408,7855,7038,8846,31712,0.2921550946798918,0.4420289855072464,0.36,0.07914735282060985,0.28434504792332266,0.006080956803000363,1
2022,14,37,7,20,38,52,6,8,168,57,11,43,67,185,118,181,662,16,1,0,3,1,1,4,26,28,1,0,6,7,19,65,126,0,0,0,0,0,1,3,4,1,0,0,0,1,14,58,74,161,173,532,387,236,163,144,1796,828,685,1938,4517,9966,11355,13290,42579,0.25339366515837103,0.2047244094488189,0.05333333333333334,0.04217942696101456,0.2921550946798918,-0.02999750547059773,0
2022,15,114,14,38,86,50,3,14,319,146,16,53,138,255,134,265,1007,19,1,2,4,0,4,6,36,41,1,2,8,6,32,72,162,0,0,0,0,0,2,3,5,2,0,0,1,1,6,22,32,285,187,556,454,279,184,271,2216,1050,817,1903,4234,8505,8189,9914,34612,0.31646825396825395,0.22085889570552147,0.15151515151515152,0.06402218819518678,0.25339366515837103,0.05032304738983439,1
2022,16,59,18,52,51,55,2,11,248,73,22,57,85,231,120,225,813,18,0,0,6,3,5,4,36,31,0,0,9,12,38,78,168,0,0,0,0,0,2,2,4,0,0,0,0,0,6,15,21,159,176,407,356,322,117,223,1760,993,780,1752,4668,9435,9962,10377,37967,0.3046683046683047,0.21301775147928995,0.18181818181818182,0.046354825115887066,0.31646825396825395,-0.008963337524000647,0
2022,17,86,24,65,63,63,12,17,330,108,32,81,122,278,163,299,1083,19,0,0,9,2,1,7,38,39,0,0,12,14,26,79,170,0,0,0,0,0,0,4,4,3,0,0,0,0,2,20,25,216,194,504,443,436,202,232,2227,1328,806,1918,5372,10939,11080,13355,44798,0.3044280442804428,0.2222222222222222,0.15384615384615385,0.049710931047568026,0.3046683046683047,-0.0001841543839167493,0
2022,18,39,14,27,8,61,1,10,160,75,22,40,51,263,165,277,893,23,2,0,4,4,0,3,36,42,2,0,12,16,17,80,169,0,0,0,0,0,0,5,5,0,0,0,2,0,2,22,26,184,195,605,531,424,206,304,2449,1333,995,2189,5636,11000,11491,14149,46793,0.1789709172259508,0.21176470588235294,0.18518518518518517,0.052335769543103816,0.3044280442804428,-0.09617788240952568,0
2022,19,41,15,31,49,54,11,16,217,72,24,51,127,313,173,314,1074,27,1,2,3,3,2,2,40,48,2,2,11,13,25,74,175,0,0,0,0,0,2,3,5,0,1,0,0,0,7,21,29,256,210,647,687,494,231,364,2889,1159,891,2428,5711,11922,11869,14665,48645,0.20186046511627906,0.22727272727272727,0.16666666666666666,0.05938823335937179,0.1789709172259508,0.01941485371342834,1
2022,20,52,22,40,50,68,9,4,245,84,27,56,129,289,138,216,939,22,1,2,1,1,0,0,27,51,1,2,5,6,12,13,90,0,0,0,0,0,0,1,1,0,0,1,0,0,5,10,16,300,268,840,937,620,322,429,3716,1061,892,2414,6197,12063,11570,13917,48114,0.26063829787234044,0.2967032967032967,0.058823529411764705,0.07723163254702275,0.20186046511627906,0.04890570449904488,1
2022,21,42,19,20,43,51,5,16,196,67,25,37,98,238,129,250,844,17,2,0,3,3,1,2,28,32,2,0,5,8,25,52,124,0,0,0,0,0,1,8,9,0,0,0,0,3,3,24,30,284,236,625,787,659,350,350,3291,1005,816,2011,4878,10606,10782,13017,43115,0.2319526627218935,0.224,0.2903225806451613,0.0763289730030615,0.26063829787234044,-0.022754849823983233,0
2022,22,11,8,3,4,6,8,24,64,48,33,27,101,291,259,530,1289,1,0,0,0,0,1,1,3,9,0,0,0,11,21,87,128,0,0,0,0,0,0,4,4,0,0,0,0,0,2,29,31,181,155,438,544,700,492,511,3021,868,883,1921,5389,11222,10804,14276,45363,0.04961240310077519,0.023255813953488372,0.125,0.06659465655585928,0.2319526627218935,-0.1480091444571037,0
2022,23,70,14,27,55,53,11,22,252,92,22,48,115,246,156,346,1025,19,0,4,6,0,1,7,37,50,1,5,9,6,20,32,123,0,0,0,0,1,0,10,11,0,0,0,0,2,0,24,26,368,270,685,900,849,469,551,4092,1353,871,2313,10559,11025,10345,12906,49372,0.24561403508771928,0.29838709677419356,0.4074074074074074,0.08287930650355457,0.04961240310077519,0.1867371530747104,1
2022,24,39,11,28,27,48,7,16,176,59,15,44,61,170,102,219,670,21,0,2,5,0,1,2,31,29,1,2,10,3,15,48,108,0,0,0,0,0,1,5,6,0,0,0,0,0,1,10,11,253,204,554,688,744,436,472,3351,760,563,1562,4902,9285,9248,11949,38269,0.26229508196721313,0.28440366972477066,0.5,0.08756205905408937,0.24561403508771928,0.013391826368044354,1
2022,25,51,12,31,36,63,8,12,213,75,20,37,77,187,111,216,723,23,0,3,6,1,0,1,34,32,1,3,11,5,22,44,118,0,0,0,0,0,1,7,8,0,0,0,0,1,4,13,18,234,185,571,668,638,416,508,3220,736,534,1810,4178,8045,8700,10689,34692,0.2941988950276243,0.2857142857142857,0.42105263157894735,0.09281411235695962,0.26229508196721313,0.025274449307598465,1
2022,26,39,14,33,54,73,6,19,238,52,17,42,88,234,119,192,744,19,1,3,5,1,1,3,33,39,2,4,9,6,27,53,140,0,0,0,0,1,0,7,8,3,0,0,0,1,6,22,32,288,215,527,543,789,414,561,3337,821,540,1747,4174,8932,10213,14034,40461,0.3194630872483222,0.23404255319148937,0.24242424242424243,0.08247244328011467,0.2941988950276243,0.019521104768180638,1
2022,27,6,4,2,5,1,8,13,39,23,7,9,36,160,141,313,689,1,0,0,0,0,2,2,5,8,0,0,3,12,28,69,120,0,0,0,0,0,1,9,10,0,0,0,1,0,4,25,30,111,115,223,297,888,622,563,2819,765,595,1212,3780,8901,10488,13288,39029,0.05652173913043478,0.04132231404958678,0.3225806451612903,0.0722264924417115,0.3194630872483222,-0.1992790481666593,0
2022,28,57,12,20,45,63,7,13,217,72,15,28,103,215,117,260,810,27,1,0,3,2,0,5,38,39,1,0,7,6,4,25,82,0,0,0,0,0,2,6,8,1,0,0,2,2,3,16,24,234,209,580,733,987,710,1117,4570,954,713,1745,4564,8520,8496,10789,35781,0.2675709001233046,0.4578313253012048,0.32,0.12771784696215974,0.05652173913043478,0.19975846513728418,1
2022,29,54,14,25,50,71,6,7,227,83,20,37,105,283,106,148,782,13,0,1,5,1,1,3,24,37,1,1,9,3,6,17,74,0,0,0,0,0,0,0,0,1,0,0,1,0,1,4,7,311,200,487,690,732,384,417,3221,1149,573,1560,4684,9507,9266,10850,37589,0.28991060025542786,0.32,0.0,0.0856876828943868,0.2675709001233046,0.01762402413147079,1
2022,30,46,10,30,53,64,15,19,237,77,14,42,109,271,177,310,1000,21,0,1,6,2,0,9,39,45,0,1,9,14,24,75,168,0,0,0,0,0,0,8,8,0,0,0,1,0,2,18,21,243,153,453,660,561,310,325,2705,735,509,1399,4479,8002,7963,9964,33051,0.23676323676323677,0.23076923076923078,0.36363636363636365,0.08184073581023842,0.28991060025542786,-0.04120236199444122,0
2022,31,51,15,29,51,65,5,16,232,78,27,47,119,294,192,313,1070,20,0,1,5,1,0,2,29,43,0,2,10,10,21,70,156,0,0,0,0,0,2,5,7,0,0,0,3,1,4,28,36,265,182,526,697,646,364,251,2931,988,623,1979,6022,11649,12081,14470,47812,0.2166199813258637,0.18471337579617833,0.1891891891891892,0.06130131972476105,0.23676323676323677,-0.016287074873029446,0
2022,32,40,11,13,48,40,5,8,165,67,14,24,86,168,121,204,684,18,2,0,4,2,1,3,30,26,2,0,4,11,18,48,109,0,0,0,0,0,2,3,5,2,0,1,0,0,6,13,22,202,183,394,640,527,264,240,2450,1012,601,1701,6233,11719,11874,13906,47046,0.24087591240875914,0.2727272727272727,0.21739130434782608,0.052075583990477604,0.2166199813258637,0.019937146730453586,1
2022,33,44,11,21,47,69,10,22,224,81,18,32,117,281,196,330,1055,19,2,1,4,1,0,5,32,44,2,1,8,12,20,80,167,0,0,0,0,0,0,6,6,1,0,0,1,1,1,24,28,212,190,487,675,515,298,295,2672,919,607,1635,5220,10600,10724,13604,43309,0.21212121212121213,0.19047619047619047,0.20689655172413793,0.06169475871623182,0.24087591240875914,-0.023172905525846707,0
2022,34,37,16,20,53,75,7,17,225,69,21,27,126,271,176,309,999,23,2,3,6,2,1,5,42,42,2,3,8,8,25,82,170,0,0,0,0,0,0,2,2,0,0,0,0,2,3,22,27,251,204,543,795,622,293,300,3008,1115,1097,4880,7951,11875,11574,13436,51928,0.225,0.24561403508771928,0.07142857142857142,0.05792524408326754,0.21212121212121213,0.010624999999999999,1
2022,35,41,15,24,49,64,9,16,218,69,21,41,106,281,181,279,978,31,0,0,3,2,1,3,40,50,0,0,5,9,16,48,128,0,0,0,0,0,0,3,3,0,0,0,0,0,3,7,10,217,187,466,756,606,296,255,2783,1203,574,1772,5609,10504,10134,13746,43542,0.2226762002042901,0.31007751937984496,0.2727272727272727,0.06391383230369979,0.225,-0.0018969794250693077,0
2022,36,57,16,22,46,53,7,15,216,90,18,31,120,272,184,347,1062,23,0,2,8,1,2,4,40,35,0,2,9,6,26,95,173,0,0,0,0,0,0,2,2,1,0,0,0,0,3,8,12,235,187,512,770,649,347,275,2975,1264,791,2302,6495,12610,12507,16364,52333,0.20319849482596425,0.22988505747126436,0.15384615384615385,0.05684640959987771,0.2226762002042901,-0.015930387272665842,0
2022,37,43,11,40,46,68,7,11,226,60,22,55,105,324,189,284,1039,17,0,2,4,3,0,3,29,31,0,2,7,15,17,76,148,0,0,0,0,0,0,1,1,3,0,0,0,0,2,13,18,236,179,565,861,729,332,370,3272,1158,736,2150,7231,13983,13165,18331,56754,0.2173076923076923,0.19463087248322147,0.05263157894736842,0.057651308254779314,0.20319849482596425,0.011726408853070315,1
2022,38,50,5,32,52,50,8,19,216,81,12,45,123,303,173,321,1058,22,0,3,6,0,0,5,36,38,0,3,6,8,24,63,142,0,0,0,0,0,0,1,1,0,0,0,0,2,1,17,20,227,180,577,874,617,317,321,3113,966,684,2039,6460,12233,12074,16524,50980,0.20396600566572237,0.2517482517482518,0.047619047619047616,0.061061964261195346,0.2173076923076923,-0.010959995345694105,0
2022,39,55,13,38,46,53,3,15,223,87,25,50,118,280,171,288,1019,22,1,4,3,0,0,2,32,35,1,6,5,14,31,67,159,0,0,0,0,0,0,5,5,1,0,0,0,2,1,17,21,270,195,601,952,668,374,285,3345,1126,784,2114,6873,12627,12544,15827,51895,0.21862745098039216,0.2,0.22727272727272727,0.0644558347464159,0.20396600566572237,0.012177623990772785,1
2022,40,37,15,33,65,55,5,19,229,60,21,42,121,314,194,327,1079,25,0,3,6,2,2,2,40,44,0,3,9,16,31,75,178,0,0,0,0,0,2,5,7,1,0,1,0,3,5,14,24,281,233,603,895,659,328,307,3306,1127,787,2064,6351,11671,11956,15928,49884,0.21203703703703702,0.22346368715083798,0.28,0.06627242658113662,0.21862745098039216,-0.005408062930186835,0
2022,41,34,16,19,42,54,8,15,188,57,31,37,106,273,164,211,879,13,2,1,2,2,1,7,28,33,2,1,4,11,17,47,115,0,0,0,0,0,0,6,6,1,0,0,0,0,0,19,20,221,185,515,692,670,319,296,2898,1125,713,2029,6708,12175,12513,15273,50536,0.21363636363636362,0.2413793103448276,0.2857142857142857,0.057344124107089854,0.21203703703703702,0.0013195360788943685,1
2022,42,47,18,28,54,61,4,20,232,77,27,47,119,296,193,332,1091,27,0,0,3,3,1,4,38,39,0,0,9,19,17,82,166,0,0,0,0,0,0,10,10,1,0,0,0,1,4,24,30,203,168,396,561,487,223,283,2321,910,544,1623,5079,9432,8948,11590,38126,0.21245421245421245,0.2275449101796407,0.3225806451612903,0.06087549505599706,0.21363636363636362,-0.0009740571538324292,0
2022,43,58,23,29,45,49,5,22,231,89,36,47,112,272,210,388,1154,24,0,2,3,7,1,5,42,39,0,2,9,19,23,83,175,0,0,0,0,0,1,11,12,2,0,0,0,0,5,31,38,223,224,499,724,659,264,276,2869,1183,812,2029,6096,12506,12075,15243,49944,0.2,0.23863636363636365,0.3076923076923077,0.05744318750625688,0.21245421245421245,-0.010271903323262827,0
